flight_id,airline,source,destination,departure_time,arrival_time,overnight_adjusted,duration_minutes,route,departure_date,departure_hour,duration_band,anomaly_type,has_anomaly,flight_schedule_key
SJ010,Spicejet,CCU,MAA,2026-04-20 23:38:41,2026-04-21 02:32:41,False,174,CCU - MAA,2026-04-20,23,91 to 180 min,,False,cbf0649a21a551a578f7
AI155,Air India,BOM,CCU,2026-04-20 23:35:41,2026-04-21 01:23:41,False,108,BOM - CCU,2026-04-20,23,91 to 180 min,,False,dc44ee4f42b3d930f35d
UK094,Vistara,BOM,CCU,2026-04-20 23:26:41,2026-04-21 01:11:41,False,105,BOM - CCU,2026-04-20,23,91 to 180 min,,False,7fdc3758e9755b31e14d
AI245,Air India,BOM,CCU,2026-04-20 23:07:41,2026-04-21 01:43:41,False,156,BOM - CCU,2026-04-20,23,91 to 180 min,,False,61d8b914d7b134808f93
AI192,Air India,MAA,BOM,2026-04-20 23:05:41,2026-04-21 04:04:41,False,299,MAA - BOM,2026-04-20,23,181 to 300 min,,False,9512b52388843d961dd6
SJ158,Spicejet,DEL,HYD,2026-04-20 23:05:41,2026-04-21 01:24:41,False,139,DEL - HYD,2026-04-20,23,91 to 180 min,,False,f6d2a351da9db78239cb
6F196,IndiGo,CCU,MAA,2026-04-20 23:04:41,2026-04-21 00:47:41,False,103,CCU - MAA,2026-04-20,23,91 to 180 min,,False,0ab0fbffe36012e4db32
AI080,Air India,BOM,HYD,2026-04-20 23:03:41,2026-04-21 00:35:41,False,92,BOM - HYD,2026-04-20,23,91 to 180 min,,False,b2208cc16f7a3f00f5b3
6F025,IndiGo,BLR,BOM,2026-04-20 23:02:41,2026-04-20 23:57:41,False,55,BLR - BOM,2026-04-20,23,Up to 90 min,,False,7cc02af71847b7b086ac
6F251,IndiGo,DEL,BLR,2026-04-20 22:56:41,2026-04-20 23:37:41,False,41,DEL - BLR,2026-04-20,22,Up to 90 min,Short duration under 45 minutes,True,963bf2758ecc7d2b60e0
AI137,Air India,BOM,DEL,2026-04-20 22:49:41,2026-04-21 01:17:41,False,148,BOM - DEL,2026-04-20,22,91 to 180 min,,False,83162964d76572477efe
6F026,IndiGo,BOM,CCU,2026-04-20 22:46:42,2026-04-21 03:13:42,False,267,BOM - CCU,2026-04-20,22,181 to 300 min,,False,db1546d7b3876dee8a07
UK167,Vistara,DEL,MAA,2026-04-20 22:45:41,2026-04-21 01:46:41,False,181,DEL - MAA,2026-04-20,22,181 to 300 min,,False,862dde348cedf5de96bc
UK027,Vistara,BOM,CCU,2026-04-20 22:44:41,2026-04-21 01:05:41,False,141,BOM - CCU,2026-04-20,22,91 to 180 min,,False,e934db9efd34b7cfce81
AI069,Air India,DEL,BOM,2026-04-20 22:43:41,2026-04-21 02:29:41,False,226,DEL - BOM,2026-04-20,22,181 to 300 min,,False,7d8f7622de16964d4b09
AI058,Air India,BOM,CCU,2026-04-20 22:40:41,2026-04-21 00:18:41,False,98,BOM - CCU,2026-04-20,22,91 to 180 min,,False,3423529b53e84ab50e36
AI140,Air India,BOM,DEL,2026-04-20 22:25:41,2026-04-21 02:08:41,False,223,BOM - DEL,2026-04-20,22,181 to 300 min,,False,48288285f257accfd0ef
SJ239,Spicejet,BOM,CCU,2026-04-20 22:24:41,2026-04-21 00:10:41,False,106,BOM - CCU,2026-04-20,22,91 to 180 min,,False,b3ae427d83185aa881b6
6F099,IndiGo,MAA,DEL,2026-04-20 22:24:41,2026-04-20 22:59:41,False,35,MAA - DEL,2026-04-20,22,Up to 90 min,Short duration under 45 minutes,True,1e6ff7fadd83ad28aa3a
AI048,Air India,CCU,DEL,2026-04-20 22:23:41,2026-04-21 02:15:41,False,232,CCU - DEL,2026-04-20,22,181 to 300 min,,False,33f3be7d8b385df5c607
SJ112,Spicejet,HYD,DEL,2026-04-20 22:20:41,2026-04-21 00:40:41,False,140,HYD - DEL,2026-04-20,22,91 to 180 min,,False,7b8831ff2f9604c7408b
6F164,IndiGo,BLR,BOM,2026-04-20 22:18:41,2026-04-21 00:45:41,False,147,BLR - BOM,2026-04-20,22,91 to 180 min,,False,3e72eaaa67de403fd49a
UK021,Vistara,HYD,MAA,2026-04-20 22:00:41,2026-04-20 23:50:41,False,110,HYD - MAA,2026-04-20,22,91 to 180 min,,False,10ab58fb9eb37de1af59
SJ172,Spicejet,CCU,DEL,2026-04-20 21:58:41,2026-04-21 01:14:41,False,196,CCU - DEL,2026-04-20,21,181 to 300 min,,False,26b941a20aecd1820791
AI060,Air India,DEL,HYD,2026-04-20 21:58:41,2026-04-20 23:51:41,False,113,DEL - HYD,2026-04-20,21,91 to 180 min,,False,9abb3158c645137992a7
SJ205,Spicejet,HYD,CCU,2026-04-20 21:56:41,2026-04-20 23:00:41,False,64,HYD - CCU,2026-04-20,21,Up to 90 min,,False,8c53461635fd33b646b7
SJ093,Spicejet,BLR,BOM,2026-04-20 21:55:41,2026-04-20 23:01:41,False,66,BLR - BOM,2026-04-20,21,Up to 90 min,,False,bc19d5cc889082533de0
6F195,IndiGo,CCU,DEL,2026-04-20 21:44:41,2026-04-20 22:39:41,False,55,CCU - DEL,2026-04-20,21,Up to 90 min,,False,64d2747137acfa1b9e1b
UK003,Vistara,HYD,DEL,2026-04-20 21:41:41,2026-04-21 02:19:41,False,278,HYD - DEL,2026-04-20,21,181 to 300 min,,False,42c28cc5c37dfcea74f4
UK026,Vistara,HYD,MAA,2026-04-20 21:38:41,2026-04-20 23:44:41,False,126,HYD - MAA,2026-04-20,21,91 to 180 min,,False,141d032c25926d31a513
6F174,IndiGo,DEL,HYD,2026-04-20 21:36:41,2026-04-20 22:16:41,False,40,DEL - HYD,2026-04-20,21,Up to 90 min,Short duration under 45 minutes,True,85dde4cc90254b90f6ff
UK067,Vistara,BOM,CCU,2026-04-20 21:36:41,2026-04-21 01:02:41,False,206,BOM - CCU,2026-04-20,21,181 to 300 min,,False,1b9a1de5a2d96934d1f3
SJ149,Spicejet,HYD,MAA,2026-04-20 21:20:41,2026-04-20 23:20:42,False,120,HYD - MAA,2026-04-20,21,91 to 180 min,,False,8c05c50c5a07f3e6dbbd
6F213,IndiGo,BLR,BOM,2026-04-20 21:05:41,2026-04-21 00:32:41,False,207,BLR - BOM,2026-04-20,21,181 to 300 min,,False,a1c89003548d3b6cc887
UK200,Vistara,CCU,DEL,2026-04-20 20:54:41,2026-04-20 22:45:41,False,111,CCU - DEL,2026-04-20,20,91 to 180 min,,False,1dc75cfa150f89f6b5b0
SJ214,Spicejet,BOM,MAA,2026-04-20 20:54:41,2026-04-20 22:10:41,False,76,BOM - MAA,2026-04-20,20,Up to 90 min,,False,662ee9c0c07c2ef40d03
SJ047,Spicejet,HYD,BOM,2026-04-20 20:44:41,2026-04-20 21:21:41,False,37,HYD - BOM,2026-04-20,20,Up to 90 min,Short duration under 45 minutes,True,bb8b4424e7f0c464c1b6
AI179,Air India,HYD,BOM,2026-04-20 20:41:41,2026-04-21 01:19:41,False,278,HYD - BOM,2026-04-20,20,181 to 300 min,,False,418ab88fb2e15445c9d4
SJ153,Spicejet,DEL,CCU,2026-04-20 20:37:41,2026-04-20 22:00:41,False,83,DEL - CCU,2026-04-20,20,Up to 90 min,,False,d9343d8ede8f305768d8
6F236,IndiGo,BOM,DEL,2026-04-20 20:35:41,2026-04-20 23:54:41,False,199,BOM - DEL,2026-04-20,20,181 to 300 min,,False,228fffe001c1ef1b4f8d
UK059,Vistara,HYD,MAA,2026-04-20 20:33:41,2026-04-20 22:10:41,False,97,HYD - MAA,2026-04-20,20,91 to 180 min,,False,b3c637aa806ea819bb84
SJ001,Spicejet,BOM,MAA,2026-04-20 20:28:41,2026-04-21 01:15:41,False,287,BOM - MAA,2026-04-20,20,181 to 300 min,,False,3993466f1262f5174e79
SJ049,Spicejet,CCU,DEL,2026-04-20 20:26:41,2026-04-21 00:26:41,False,240,CCU - DEL,2026-04-20,20,181 to 300 min,,False,2713da228a5c97861145
6F086,IndiGo,MAA,HYD,2026-04-20 20:23:41,2026-04-20 21:00:41,False,37,MAA - HYD,2026-04-20,20,Up to 90 min,Short duration under 45 minutes,True,fe51fff3ab2767cca524
AI220,Air India,BOM,DEL,2026-04-20 20:19:41,2026-04-20 21:57:41,False,98,BOM - DEL,2026-04-20,20,91 to 180 min,,False,50cb4d1e231843d7b809
AI188,Air India,CCU,HYD,2026-04-20 20:16:41,2026-04-20 23:02:41,False,166,CCU - HYD,2026-04-20,20,91 to 180 min,,False,a5f8dd3e82c0172db35b
6F114,IndiGo,BOM,MAA,2026-04-20 20:10:41,2026-04-20 21:00:41,False,50,BOM - MAA,2026-04-20,20,Up to 90 min,,False,cb93d1269a07b9afb165
SJ179,Spicejet,DEL,HYD,2026-04-20 20:09:41,2026-04-20 23:39:41,False,210,DEL - HYD,2026-04-20,20,181 to 300 min,,False,016c43440c874f04dd31
6F190,IndiGo,DEL,MAA,2026-04-20 20:02:41,2026-04-21 00:36:41,False,274,DEL - MAA,2026-04-20,20,181 to 300 min,,False,f73ad293d6ba5f805bfc
SJ003,Spicejet,MAA,CCU,2026-04-20 19:50:41,2026-04-20 20:32:41,False,42,MAA - CCU,2026-04-20,19,Up to 90 min,Short duration under 45 minutes,True,4aa17ba8498f3233a295
6F028,IndiGo,HYD,CCU,2026-04-20 19:49:41,2026-04-20 21:49:41,False,120,HYD - CCU,2026-04-20,19,91 to 180 min,,False,7d7ee40e13058b367fdb
UK036,Vistara,CCU,BLR,2026-04-20 19:48:41,2026-04-21 00:12:41,False,264,CCU - BLR,2026-04-20,19,181 to 300 min,,False,9e73218e389fafecb51f
SJ160,Spicejet,MAA,BLR,2026-04-20 19:45:41,2026-04-20 20:30:41,False,45,MAA - BLR,2026-04-20,19,Up to 90 min,,False,d1fc3b1888b0a845e413
6F151,IndiGo,CCU,HYD,2026-04-20 19:44:41,2026-04-20 22:04:41,False,140,CCU - HYD,2026-04-20,19,91 to 180 min,,False,52dfb71071d3f7abface
UK140,Vistara,MAA,BLR,2026-04-20 19:37:41,2026-04-20 21:00:41,False,83,MAA - BLR,2026-04-20,19,Up to 90 min,,False,75b0ae176ef6f4446429
AI115,Air India,MAA,BLR,2026-04-20 19:37:41,2026-04-21 00:26:41,False,289,MAA - BLR,2026-04-20,19,181 to 300 min,,False,182b56d3099a0cc8be55
AI132,Air India,BLR,BOM,2026-04-20 19:32:41,2026-04-20 21:41:41,False,129,BLR - BOM,2026-04-20,19,91 to 180 min,,False,d982c06231e88f6d655e
UK209,Vistara,MAA,BLR,2026-04-20 19:02:41,2026-04-20 21:47:41,False,165,MAA - BLR,2026-04-20,19,91 to 180 min,,False,416d9c826f4262ceb6be
SJ043,Spicejet,MAA,DEL,2026-04-20 18:59:41,2026-04-20 21:08:41,False,129,MAA - DEL,2026-04-20,18,91 to 180 min,,False,35f1e51a8ca761aba8e0
UK176,Vistara,HYD,BLR,2026-04-20 18:41:41,2026-04-20 22:49:41,False,248,HYD - BLR,2026-04-20,18,181 to 300 min,,False,a9ada33bb70ab691d31d
UK216,Vistara,MAA,HYD,2026-04-20 18:33:41,2026-04-20 21:47:41,False,194,MAA - HYD,2026-04-20,18,181 to 300 min,,False,afc72c396b15d8428915
UK150,Vistara,DEL,CCU,2026-04-20 18:31:41,2026-04-20 19:01:41,False,30,DEL - CCU,2026-04-20,18,Up to 90 min,Short duration under 45 minutes,True,a1871139a0e48198c2ee
UK145,Vistara,BOM,HYD,2026-04-20 18:30:41,2026-04-20 20:41:41,False,131,BOM - HYD,2026-04-20,18,91 to 180 min,,False,a885cd16b89c0d9b8ad8
6F270,IndiGo,HYD,MAA,2026-04-20 18:14:41,2026-04-20 19:02:41,False,48,HYD - MAA,2026-04-20,18,Up to 90 min,,False,f4816cd9251cd36c67df
6F012,IndiGo,CCU,HYD,2026-04-20 18:06:41,2026-04-20 21:31:41,False,205,CCU - HYD,2026-04-20,18,181 to 300 min,,False,6f3b75290cfcc3230094
SJ236,Spicejet,MAA,BOM,2026-04-20 18:03:41,2026-04-20 22:02:41,False,239,MAA - BOM,2026-04-20,18,181 to 300 min,,False,ae04ba81d770974614d5
6F149,IndiGo,BLR,CCU,2026-04-20 17:57:41,2026-04-20 20:42:41,False,165,BLR - CCU,2026-04-20,17,91 to 180 min,,False,5cb604698d22abd8a00c
UK004,Vistara,BOM,CCU,2026-04-20 17:56:41,2026-04-20 18:30:41,False,34,BOM - CCU,2026-04-20,17,Up to 90 min,Short duration under 45 minutes,True,8fe5f1278c8ec017be41
UK010,Vistara,MAA,HYD,2026-04-20 17:53:41,2026-04-20 20:40:41,False,167,MAA - HYD,2026-04-20,17,91 to 180 min,,False,3a4c3392654fc03a0a26
UK215,Vistara,BOM,DEL,2026-04-20 17:38:41,2026-04-20 19:50:41,False,132,BOM - DEL,2026-04-20,17,91 to 180 min,,False,9f666b3e912b32921bb8
SJ116,Spicejet,HYD,CCU,2026-04-20 17:33:41,2026-04-20 19:02:41,False,89,HYD - CCU,2026-04-20,17,Up to 90 min,,False,e29aa1e5c0adb673e557
SJ023,Spicejet,HYD,MAA,2026-04-20 17:27:41,2026-04-20 19:09:41,False,102,HYD - MAA,2026-04-20,17,91 to 180 min,,False,4c0ecd23a029ec9281ac
UK152,Vistara,BOM,CCU,2026-04-20 17:24:41,2026-04-20 20:13:41,False,169,BOM - CCU,2026-04-20,17,91 to 180 min,,False,e2fb67fb945ec11ba9d7
SJ202,Spicejet,CCU,HYD,2026-04-20 17:21:41,2026-04-20 19:08:41,False,107,CCU - HYD,2026-04-20,17,91 to 180 min,,False,0ab77f64197389c8c311
6F043,IndiGo,BOM,HYD,2026-04-20 17:17:41,2026-04-20 18:43:41,False,86,BOM - HYD,2026-04-20,17,Up to 90 min,,False,62a2d1b782605c3a2c1c
UK173,Vistara,MAA,BLR,2026-04-20 17:06:41,2026-04-20 21:22:41,False,256,MAA - BLR,2026-04-20,17,181 to 300 min,,False,e046db3526f4c88f8420
SJ081,Spicejet,BOM,BLR,2026-04-20 17:04:41,2026-04-20 18:53:41,False,109,BOM - BLR,2026-04-20,17,91 to 180 min,,False,c67e1d36f9897be2d33d
UK153,Vistara,CCU,HYD,2026-04-20 16:52:41,2026-04-20 20:53:41,False,241,CCU - HYD,2026-04-20,16,181 to 300 min,,False,aeb4f675325f237ee0b5
UK187,Vistara,BLR,BOM,2026-04-20 16:52:41,2026-04-20 18:42:41,False,110,BLR - BOM,2026-04-20,16,91 to 180 min,,False,4f97e21947cf3b2a6b0c
UK055,Vistara,HYD,DEL,2026-04-20 16:48:41,2026-04-20 19:31:41,False,163,HYD - DEL,2026-04-20,16,91 to 180 min,,False,ea0b389ad46a0da0cafb
UK181,Vistara,MAA,DEL,2026-04-20 16:44:41,2026-04-20 19:26:41,False,162,MAA - DEL,2026-04-20,16,91 to 180 min,,False,853d5841a2165a44c4ad
UK074,Vistara,BOM,DEL,2026-04-20 16:44:41,2026-04-20 18:41:41,False,117,BOM - DEL,2026-04-20,16,91 to 180 min,,False,32a006c60cff1d0150aa
SJ068,Spicejet,BLR,BOM,2026-04-20 16:44:41,2026-04-20 18:48:41,False,124,BLR - BOM,2026-04-20,16,91 to 180 min,,False,51266e4891ea17416187
AI242,Air India,BLR,CCU,2026-04-20 16:41:41,2026-04-20 17:43:41,False,62,BLR - CCU,2026-04-20,16,Up to 90 min,,False,ff28058d8d4dc5dd78f1
SJ237,Spicejet,BOM,CCU,2026-04-20 16:32:41,2026-04-20 19:00:41,False,148,BOM - CCU,2026-04-20,16,91 to 180 min,,False,b2dc78712bb66ad24670
6F194,IndiGo,BOM,CCU,2026-04-20 16:29:41,2026-04-20 18:27:41,False,118,BOM - CCU,2026-04-20,16,91 to 180 min,,False,be00c3a39a2bf355cc05
UK063,Vistara,DEL,BOM,2026-04-20 16:29:41,2026-04-20 17:41:41,False,72,DEL - BOM,2026-04-20,16,Up to 90 min,,False,7120f8186188e824f2b7
UK068,Vistara,BLR,MAA,2026-04-20 16:28:41,2026-04-20 18:09:41,False,101,BLR - MAA,2026-04-20,16,91 to 180 min,,False,470287913bb6d5685735
UK224,Vistara,CCU,MAA,2026-04-20 16:25:41,2026-04-20 20:24:41,False,239,CCU - MAA,2026-04-20,16,181 to 300 min,,False,12d2521b5cf79b914ad2
UK077,Vistara,HYD,BOM,2026-04-20 16:22:41,2026-04-20 18:00:41,False,98,HYD - BOM,2026-04-20,16,91 to 180 min,,False,94becb01f7853c67cd47
UK207,Vistara,MAA,CCU,2026-04-20 16:21:41,2026-04-20 17:36:41,False,75,MAA - CCU,2026-04-20,16,Up to 90 min,,False,94266884283e86096db9
AI221,Air India,MAA,HYD,2026-04-20 16:18:41,2026-04-20 18:54:41,False,156,MAA - HYD,2026-04-20,16,91 to 180 min,,False,6ad6954a6d0d0aaea046
UK109,Vistara,BLR,BOM,2026-04-20 16:06:41,2026-04-20 17:06:42,False,60,BLR - BOM,2026-04-20,16,Up to 90 min,,False,8501c352104ab4337e84
UK089,Vistara,BOM,HYD,2026-04-20 15:38:41,2026-04-20 19:50:41,False,252,BOM - HYD,2026-04-20,15,181 to 300 min,,False,3c572ae0d5fb8bf604f7
AI072,Air India,BLR,CCU,2026-04-20 15:34:41,2026-04-20 16:32:41,False,58,BLR - CCU,2026-04-20,15,Up to 90 min,,False,ef7affe02f0e9fe6df5b
UK131,Vistara,BOM,DEL,2026-04-20 15:33:41,2026-04-20 19:39:41,False,246,BOM - DEL,2026-04-20,15,181 to 300 min,,False,eb066b95ac094ab0b0e9
SJ150,Spicejet,BOM,HYD,2026-04-20 15:33:41,2026-04-20 19:03:41,False,210,BOM - HYD,2026-04-20,15,181 to 300 min,,False,522aa0ce27aee1ae64e9
6F097,IndiGo,BLR,BOM,2026-04-20 15:32:41,2026-04-20 16:49:41,False,77,BLR - BOM,2026-04-20,15,Up to 90 min,,False,88b9679491a5f242aea9
6F123,IndiGo,DEL,HYD,2026-04-20 15:26:41,2026-04-20 17:12:41,False,106,DEL - HYD,2026-04-20,15,91 to 180 min,,False,44f4a8a09364eedd050c
6F017,IndiGo,CCU,BOM,2026-04-20 15:25:41,2026-04-20 18:06:41,False,161,CCU - BOM,2026-04-20,15,91 to 180 min,,False,3d15afd721dfb685765a
6F245,IndiGo,CCU,BOM,2026-04-20 15:25:41,2026-04-20 18:06:41,False,161,CCU - BOM,2026-04-20,15,91 to 180 min,,False,2d7da0ce5e7fcba146aa
6F180,IndiGo,MAA,BLR,2026-04-20 15:24:41,2026-04-20 19:48:41,False,264,MAA - BLR,2026-04-20,15,181 to 300 min,,False,e83b9ce72bcb034c3fdf
6F152,IndiGo,CCU,DEL,2026-04-20 15:21:41,2026-04-20 17:25:41,False,124,CCU - DEL,2026-04-20,15,91 to 180 min,,False,90e404119487e62c2267
SJ034,Spicejet,MAA,BOM,2026-04-20 15:20:41,2026-04-20 20:11:41,False,291,MAA - BOM,2026-04-20,15,181 to 300 min,,False,47d5c9c5cf14643cb211
SJ142,Spicejet,CCU,BOM,2026-04-20 15:14:41,2026-04-20 16:56:41,False,102,CCU - BOM,2026-04-20,15,91 to 180 min,,False,10bfd02375b5fb595798
UK189,Vistara,BLR,MAA,2026-04-20 15:07:41,2026-04-20 18:51:41,False,224,BLR - MAA,2026-04-20,15,181 to 300 min,,False,3c0728150441583886ec
SJ044,Spicejet,DEL,CCU,2026-04-20 15:06:41,2026-04-20 17:43:41,False,157,DEL - CCU,2026-04-20,15,91 to 180 min,,False,b16ab73d8845164c25cc
SJ196,Spicejet,DEL,HYD,2026-04-20 14:58:41,2026-04-20 17:44:41,False,166,DEL - HYD,2026-04-20,14,91 to 180 min,,False,185e9c1c8f1483172884
6F188,IndiGo,DEL,HYD,2026-04-20 14:57:41,2026-04-20 19:39:41,False,282,DEL - HYD,2026-04-20,14,181 to 300 min,,False,78f32f2ec4c6951fc94b
6F181,IndiGo,BOM,MAA,2026-04-20 14:55:41,2026-04-20 16:43:41,False,108,BOM - MAA,2026-04-20,14,91 to 180 min,,False,d4064d1ae06f8d0bf3a3
6F077,IndiGo,CCU,DEL,2026-04-20 14:55:41,2026-04-20 19:13:41,False,258,CCU - DEL,2026-04-20,14,181 to 300 min,,False,b132c9fb80a9d3dab24f
SJ154,Spicejet,BLR,HYD,2026-04-20 14:47:41,2026-04-20 16:26:41,False,99,BLR - HYD,2026-04-20,14,91 to 180 min,,False,1ad73429a3387ea1e154
AI025,Air India,HYD,DEL,2026-04-20 14:46:41,2026-04-20 17:11:41,False,145,HYD - DEL,2026-04-20,14,91 to 180 min,,False,a754a355f0e897ea3ede
AI094,Air India,DEL,BLR,2026-04-20 14:44:41,2026-04-20 15:44:42,False,60,DEL - BLR,2026-04-20,14,Up to 90 min,,False,c64b4f134600a3ea5355
6F191,IndiGo,BLR,DEL,2026-04-20 14:41:41,2026-04-20 15:11:41,False,30,BLR - DEL,2026-04-20,14,Up to 90 min,Short duration under 45 minutes,True,575d3d68be89463e2dc7
SJ085,Spicejet,BLR,MAA,2026-04-20 14:41:41,2026-04-20 19:11:41,False,270,BLR - MAA,2026-04-20,14,181 to 300 min,,False,70bfb597b541683a7a14
6F261,IndiGo,CCU,DEL,2026-04-20 14:31:41,2026-04-20 17:29:41,False,178,CCU - DEL,2026-04-20,14,91 to 180 min,,False,6433ad1372d8ce66864d
6F129,IndiGo,DEL,CCU,2026-04-20 14:28:41,2026-04-20 16:47:41,False,139,DEL - CCU,2026-04-20,14,91 to 180 min,,False,145910e997ffd31e0c2c
6F254,IndiGo,MAA,BLR,2026-04-20 14:26:41,2026-04-20 18:01:41,False,215,MAA - BLR,2026-04-20,14,181 to 300 min,,False,6e307ddc883abbb2aee3
SJ185,Spicejet,BOM,CCU,2026-04-20 14:21:41,2026-04-20 15:21:41,False,60,BOM - CCU,2026-04-20,14,Up to 90 min,,False,6303c936f3b1da65b459
6F030,IndiGo,BOM,DEL,2026-04-20 14:20:41,2026-04-20 17:10:41,False,170,BOM - DEL,2026-04-20,14,91 to 180 min,,False,6c93fb0bb4fd70b63e16
SJ222,Spicejet,BOM,DEL,2026-04-20 14:15:41,2026-04-20 17:09:41,False,174,BOM - DEL,2026-04-20,14,91 to 180 min,,False,fb1081a8c1721df1c4c5
6F259,IndiGo,BOM,DEL,2026-04-20 14:10:41,2026-04-20 15:21:41,False,71,BOM - DEL,2026-04-20,14,Up to 90 min,,False,6db6dac2722684a9e244
UK083,Vistara,DEL,HYD,2026-04-20 14:10:41,2026-04-20 14:59:41,False,49,DEL - HYD,2026-04-20,14,Up to 90 min,,False,9f9698cef09f9962a2fb
6F051,IndiGo,BLR,BOM,2026-04-20 13:58:41,2026-04-20 15:58:41,False,120,BLR - BOM,2026-04-20,13,91 to 180 min,,False,5b05a718df05cb779353
SJ088,Spicejet,CCU,MAA,2026-04-20 13:54:41,2026-04-20 14:26:41,False,32,CCU - MAA,2026-04-20,13,Up to 90 min,Short duration under 45 minutes,True,cfe3f799d50e6d7d39ad
6F146,IndiGo,HYD,MAA,2026-04-20 13:51:41,2026-04-20 15:07:41,False,76,HYD - MAA,2026-04-20,13,Up to 90 min,,False,075161928fbe6c06ea60
6F047,IndiGo,MAA,DEL,2026-04-20 13:50:41,2026-04-20 15:55:41,False,125,MAA - DEL,2026-04-20,13,91 to 180 min,,False,185f5aff33db11f78759
AI077,Air India,CCU,HYD,2026-04-20 13:45:41,2026-04-20 14:51:41,False,66,CCU - HYD,2026-04-20,13,Up to 90 min,,False,a97fb72f01800515d88e
UK134,Vistara,HYD,CCU,2026-04-20 13:44:41,2026-04-20 17:26:41,False,222,HYD - CCU,2026-04-20,13,181 to 300 min,,False,fa64320f62634bd4d990
AI056,Air India,DEL,MAA,2026-04-20 13:44:41,2026-04-20 17:39:41,False,235,DEL - MAA,2026-04-20,13,181 to 300 min,,False,0e6f965f73978235eabd
UK141,Vistara,HYD,MAA,2026-04-20 13:38:41,2026-04-20 15:59:41,False,141,HYD - MAA,2026-04-20,13,91 to 180 min,,False,c6737f087a61c60af49c
AI030,Air India,CCU,HYD,2026-04-20 13:33:41,2026-04-20 16:52:41,False,199,CCU - HYD,2026-04-20,13,181 to 300 min,,False,bf6fec710dc54a39454b
AI029,Air India,MAA,DEL,2026-04-20 13:29:41,2026-04-20 17:53:41,False,264,MAA - DEL,2026-04-20,13,181 to 300 min,,False,2dd101a0cc987824c5da
SJ167,Spicejet,MAA,CCU,2026-04-20 13:18:41,2026-04-20 14:12:41,False,54,MAA - CCU,2026-04-20,13,Up to 90 min,,False,4e252a8b5a36a07e4dfe
UK017,Vistara,BLR,HYD,2026-04-20 13:14:41,2026-04-20 14:49:41,False,95,BLR - HYD,2026-04-20,13,91 to 180 min,,False,c66ec540dbcdde68db0a
6F229,IndiGo,MAA,DEL,2026-04-20 13:10:41,2026-04-20 14:30:41,False,80,MAA - DEL,2026-04-20,13,Up to 90 min,,False,d4e05357151e8969b015
SJ117,Spicejet,MAA,BLR,2026-04-20 13:10:41,2026-04-20 17:06:41,False,236,MAA - BLR,2026-04-20,13,181 to 300 min,,False,c6d766288cd70a792436
6F184,IndiGo,MAA,BOM,2026-04-20 13:05:41,2026-04-20 16:04:41,False,179,MAA - BOM,2026-04-20,13,91 to 180 min,,False,b36ec7cb10c99ac89460
AI031,Air India,DEL,MAA,2026-04-20 13:05:41,2026-04-20 16:11:41,False,186,DEL - MAA,2026-04-20,13,181 to 300 min,,False,9a90789b4c3ab1e4346f
AI178,Air India,CCU,BLR,2026-04-20 13:04:41,2026-04-20 14:03:41,False,59,CCU - BLR,2026-04-20,13,Up to 90 min,,False,7e011cbf23aab536f10e
SJ089,Spicejet,HYD,CCU,2026-04-20 12:42:41,2026-04-20 17:15:41,False,273,HYD - CCU,2026-04-20,12,181 to 300 min,,False,0f796b8de9e50e33283c
UK166,Vistara,HYD,MAA,2026-04-20 12:39:41,2026-04-20 17:32:41,False,293,HYD - MAA,2026-04-20,12,181 to 300 min,,False,d887b1e95bb95ae96a44
UK104,Vistara,DEL,BOM,2026-04-20 12:30:41,2026-04-20 13:52:41,False,82,DEL - BOM,2026-04-20,12,Up to 90 min,,False,04ada4788d5cc4107ffa
6F168,IndiGo,HYD,DEL,2026-04-20 12:18:41,2026-04-20 15:58:41,False,220,HYD - DEL,2026-04-20,12,181 to 300 min,,False,523bc999cc8a9af58ba2
AI222,Air India,BOM,DEL,2026-04-20 12:10:41,2026-04-20 13:14:41,False,64,BOM - DEL,2026-04-20,12,Up to 90 min,,False,f9a91e705e6ce60f458e
SJ025,Spicejet,BOM,CCU,2026-04-20 12:02:41,2026-04-20 15:29:41,False,207,BOM - CCU,2026-04-20,12,181 to 300 min,,False,953249c4441d27b0b8cd
6F255,IndiGo,DEL,BOM,2026-04-20 11:59:41,2026-04-20 15:33:41,False,214,DEL - BOM,2026-04-20,11,181 to 300 min,,False,09c08e43e3a443819bb9
UK228,Vistara,DEL,MAA,2026-04-20 11:58:41,2026-04-20 15:08:41,False,190,DEL - MAA,2026-04-20,11,181 to 300 min,,False,7cb4b454f6aea65cd125
6F158,IndiGo,CCU,MAA,2026-04-20 11:58:41,2026-04-20 16:04:41,False,246,CCU - MAA,2026-04-20,11,181 to 300 min,,False,fa73581255b7feabc413
SJ218,Spicejet,DEL,HYD,2026-04-20 11:58:41,2026-04-20 15:03:41,False,185,DEL - HYD,2026-04-20,11,181 to 300 min,,False,b1d39780fc2325850cef
6F034,IndiGo,BOM,DEL,2026-04-20 11:53:41,2026-04-20 12:49:41,False,56,BOM - DEL,2026-04-20,11,Up to 90 min,,False,829b5b51805c492969ec
UK156,Vistara,MAA,BLR,2026-04-20 11:50:41,2026-04-20 15:54:41,False,244,MAA - BLR,2026-04-20,11,181 to 300 min,,False,6029198938d23d603708
6F105,IndiGo,BLR,BOM,2026-04-20 11:46:41,2026-04-20 12:58:41,False,72,BLR - BOM,2026-04-20,11,Up to 90 min,,False,9ccc2dc7c6cfa80d2699
6F073,IndiGo,DEL,CCU,2026-04-20 11:38:41,2026-04-20 15:18:41,False,220,DEL - CCU,2026-04-20,11,181 to 300 min,,False,24a5af1235918cfe06ce
SJ074,Spicejet,DEL,CCU,2026-04-20 11:21:41,2026-04-20 12:02:41,False,41,DEL - CCU,2026-04-20,11,Up to 90 min,Short duration under 45 minutes,True,6eb8efe227befefe825a
6F234,IndiGo,BOM,DEL,2026-04-20 11:20:41,2026-04-20 14:11:41,False,171,BOM - DEL,2026-04-20,11,91 to 180 min,,False,a83c12baad604f8be587
6F068,IndiGo,BLR,HYD,2026-04-20 11:17:41,2026-04-20 15:06:41,False,229,BLR - HYD,2026-04-20,11,181 to 300 min,,False,f679869b8ddbc957566f
6F074,IndiGo,HYD,BOM,2026-04-20 11:09:41,2026-04-20 14:29:41,False,200,HYD - BOM,2026-04-20,11,181 to 300 min,,False,4b514ad5bab66a1ba7d1
AI038,Air India,HYD,MAA,2026-04-20 11:05:41,2026-04-20 15:44:41,False,279,HYD - MAA,2026-04-20,11,181 to 300 min,,False,e05c70ef35e51158c7d6
AI079,Air India,CCU,BLR,2026-04-20 11:04:41,2026-04-20 13:19:41,False,135,CCU - BLR,2026-04-20,11,91 to 180 min,,False,68ad639b551354a79991
SJ018,Spicejet,BOM,CCU,2026-04-20 10:58:41,2026-04-20 13:31:41,False,153,BOM - CCU,2026-04-20,10,91 to 180 min,,False,739d77d162fc8e1e9de5
6F018,IndiGo,DEL,BLR,2026-04-20 10:57:41,2026-04-20 11:43:41,False,46,DEL - BLR,2026-04-20,10,Up to 90 min,,False,57537cc196e99e1ae996
AI091,Air India,CCU,MAA,2026-04-20 10:52:41,2026-04-20 15:15:41,False,263,CCU - MAA,2026-04-20,10,181 to 300 min,,False,6bd852fd6941ca1b9a09
UK071,Vistara,DEL,HYD,2026-04-20 10:50:41,2026-04-20 14:06:41,False,196,DEL - HYD,2026-04-20,10,181 to 300 min,,False,4cd816b328afec4a0b07
AI019,Air India,BOM,CCU,2026-04-20 10:49:41,2026-04-20 11:51:41,False,62,BOM - CCU,2026-04-20,10,Up to 90 min,,False,06e207646e56581aaaf4
UK212,Vistara,HYD,MAA,2026-04-20 10:46:41,2026-04-20 11:31:41,False,45,HYD - MAA,2026-04-20,10,Up to 90 min,,False,495d5d9e110a24ac9648
AI146,Air India,BLR,DEL,2026-04-20 10:40:41,2026-04-20 13:46:41,False,186,BLR - DEL,2026-04-20,10,181 to 300 min,,False,0dcf84998649e35ad84e
6F232,IndiGo,MAA,BLR,2026-04-20 10:39:41,2026-04-20 12:22:41,False,103,MAA - BLR,2026-04-20,10,91 to 180 min,,False,4651e777873f06686da3
6F084,IndiGo,CCU,HYD,2026-04-20 10:34:41,2026-04-20 11:34:42,False,60,CCU - HYD,2026-04-20,10,Up to 90 min,,False,4a330bbdd7a6c555be9b
AI129,Air India,BOM,CCU,2026-04-20 10:29:41,2026-04-20 13:38:41,False,189,BOM - CCU,2026-04-20,10,181 to 300 min,,False,3625ca03be9d59c13500
AI240,Air India,MAA,DEL,2026-04-20 10:19:41,2026-04-20 12:46:41,False,147,MAA - DEL,2026-04-20,10,91 to 180 min,,False,af1fb85412b06169f849
6F091,IndiGo,BLR,CCU,2026-04-20 10:10:41,2026-04-20 11:36:41,False,86,BLR - CCU,2026-04-20,10,Up to 90 min,,False,a87735cfea70d6c64974
UK133,Vistara,BOM,DEL,2026-04-20 10:04:41,2026-04-20 13:16:41,False,192,BOM - DEL,2026-04-20,10,181 to 300 min,,False,313c22d7c11cd24131f0
SJ007,Spicejet,BOM,CCU,2026-04-20 10:03:41,2026-04-20 14:53:41,False,290,BOM - CCU,2026-04-20,10,181 to 300 min,,False,497b15239a5b2686e927
SJ141,Spicejet,CCU,DEL,2026-04-20 10:00:41,2026-04-20 13:37:41,False,217,CCU - DEL,2026-04-20,10,181 to 300 min,,False,d72bccf9776443434783
6F049,IndiGo,HYD,DEL,2026-04-20 10:00:41,2026-04-20 13:13:41,False,193,HYD - DEL,2026-04-20,10,181 to 300 min,,False,3aa84827845e8ce392bd
SJ235,Spicejet,BOM,DEL,2026-04-20 09:57:41,2026-04-20 13:45:41,False,228,BOM - DEL,2026-04-20,9,181 to 300 min,,False,5c756aed47c348f23440
UK087,Vistara,HYD,MAA,2026-04-20 09:49:41,2026-04-20 13:17:41,False,208,HYD - MAA,2026-04-20,9,181 to 300 min,,False,2e813c1cdcff2f5b0f2c
UK170,Vistara,BOM,BLR,2026-04-20 09:42:41,2026-04-20 11:32:41,False,110,BOM - BLR,2026-04-20,9,91 to 180 min,,False,f733559b8d99367b6f40
SJ078,Spicejet,DEL,HYD,2026-04-20 09:41:41,2026-04-20 12:49:41,False,188,DEL - HYD,2026-04-20,9,181 to 300 min,,False,6eb759f1980352013c8e
SJ075,Spicejet,MAA,BLR,2026-04-20 09:26:41,2026-04-20 11:03:41,False,97,MAA - BLR,2026-04-20,9,91 to 180 min,,False,5ca52799c0d3f91c9b34
AI159,Air India,HYD,BLR,2026-04-20 09:23:41,2026-04-20 11:36:41,False,133,HYD - BLR,2026-04-20,9,91 to 180 min,,False,cec73f14f5d9ecaa3584
UK120,Vistara,HYD,DEL,2026-04-20 09:19:41,2026-04-20 13:30:41,False,251,HYD - DEL,2026-04-20,9,181 to 300 min,,False,214b634442e5dcb66152
AI059,Air India,CCU,DEL,2026-04-20 09:16:41,2026-04-20 11:43:41,False,147,CCU - DEL,2026-04-20,9,91 to 180 min,,False,66f4d45954228a75826b
UK040,Vistara,HYD,CCU,2026-04-20 09:15:41,2026-04-20 10:32:41,False,77,HYD - CCU,2026-04-20,9,Up to 90 min,,False,03cd514086f9be83aeb5
AI044,Air India,MAA,BLR,2026-04-20 09:03:41,2026-04-20 12:36:41,False,213,MAA - BLR,2026-04-20,9,181 to 300 min,,False,5c90693fd87dadd6f4ca
AI078,Air India,DEL,BOM,2026-04-20 08:58:41,2026-04-20 13:28:41,False,270,DEL - BOM,2026-04-20,8,181 to 300 min,,False,9895c3c0f3f5b5a33b01
SJ226,Spicejet,HYD,BOM,2026-04-20 08:47:41,2026-04-20 12:54:41,False,247,HYD - BOM,2026-04-20,8,181 to 300 min,,False,ad5d548b1e3418f86c49
6F209,IndiGo,MAA,CCU,2026-04-20 08:40:41,2026-04-20 13:40:41,False,300,MAA - CCU,2026-04-20,8,181 to 300 min,,False,570b60f038e3141b5875
UK193,Vistara,HYD,DEL,2026-04-20 08:39:41,2026-04-20 09:14:41,False,35,HYD - DEL,2026-04-20,8,Up to 90 min,Short duration under 45 minutes,True,9c8daf7f28d5aadbc4a0
6F092,IndiGo,MAA,BLR,2026-04-20 08:39:41,2026-04-20 09:15:41,False,36,MAA - BLR,2026-04-20,8,Up to 90 min,Short duration under 45 minutes,True,bc7c3cfaeee4d17392ab
AI208,Air India,BLR,BOM,2026-04-20 08:38:41,2026-04-20 11:52:41,False,194,BLR - BOM,2026-04-20,8,181 to 300 min,,False,08febcc15b91c397f062
SJ227,Spicejet,BOM,CCU,2026-04-20 08:32:41,2026-04-20 12:53:41,False,261,BOM - CCU,2026-04-20,8,181 to 300 min,,False,876a939a3eecc7aa1622
6F238,IndiGo,BOM,DEL,2026-04-20 08:31:41,2026-04-20 09:19:41,False,48,BOM - DEL,2026-04-20,8,Up to 90 min,,False,1566f4182944996c3500
AI084,Air India,BOM,HYD,2026-04-20 08:31:41,2026-04-20 09:46:41,False,75,BOM - HYD,2026-04-20,8,Up to 90 min,,False,f1f221b2e600c7e73fb7
SJ228,Spicejet,BOM,CCU,2026-04-20 08:29:41,2026-04-20 12:16:41,False,227,BOM - CCU,2026-04-20,8,181 to 300 min,,False,2f937ab1a5b220c01b96
UK194,Vistara,CCU,BOM,2026-04-20 08:26:41,2026-04-20 09:26:42,False,60,CCU - BOM,2026-04-20,8,Up to 90 min,,False,88d4e0d931c9dcc01794
6F126,IndiGo,CCU,MAA,2026-04-20 08:21:41,2026-04-20 09:39:41,False,78,CCU - MAA,2026-04-20,8,Up to 90 min,,False,0c1590b5320098981a52
SJ052,Spicejet,MAA,BLR,2026-04-20 08:20:41,2026-04-20 09:57:41,False,97,MAA - BLR,2026-04-20,8,91 to 180 min,,False,0c4a12ff547fbae9f13a
AI233,Air India,BLR,BOM,2026-04-20 08:04:41,2026-04-20 09:52:41,False,108,BLR - BOM,2026-04-20,8,91 to 180 min,,False,6d3a776e3551874a97df
AI213,Air India,HYD,CCU,2026-04-20 08:03:41,2026-04-20 09:14:41,False,71,HYD - CCU,2026-04-20,8,Up to 90 min,,False,894f22ce08602c940224
UK076,Vistara,MAA,CCU,2026-04-20 08:03:41,2026-04-20 12:26:41,False,263,MAA - CCU,2026-04-20,8,181 to 300 min,,False,c5bdf0d59a706b7e73bd
SJ022,Spicejet,DEL,BLR,2026-04-20 07:56:41,2026-04-20 11:07:41,False,191,DEL - BLR,2026-04-20,7,181 to 300 min,,False,949249f272510a26742e
SJ002,Spicejet,DEL,BOM,2026-04-20 07:54:41,2026-04-20 12:40:41,False,286,DEL - BOM,2026-04-20,7,181 to 300 min,,False,5b04a1640bd945767aab
AI163,Air India,HYD,MAA,2026-04-20 07:45:41,2026-04-20 08:46:41,False,61,HYD - MAA,2026-04-20,7,Up to 90 min,,False,056e1d006ba03495e736
UK229,Vistara,HYD,DEL,2026-04-20 07:40:41,2026-04-20 11:57:41,False,257,HYD - DEL,2026-04-20,7,181 to 300 min,,False,6f36382ecae08a7d3bec
UK185,Vistara,DEL,MAA,2026-04-20 07:31:41,2026-04-20 08:48:41,False,77,DEL - MAA,2026-04-20,7,Up to 90 min,,False,9e6d81a461ee86e140d9
6F029,IndiGo,BOM,BLR,2026-04-20 07:31:41,2026-04-20 11:45:41,False,254,BOM - BLR,2026-04-20,7,181 to 300 min,,False,b9ca3e68c1483b2bea3f
6F056,IndiGo,BOM,MAA,2026-04-20 07:00:41,2026-04-20 08:49:41,False,109,BOM - MAA,2026-04-20,7,91 to 180 min,,False,2bbd0316a8d7de50f13c
AI062,Air India,MAA,DEL,2026-04-20 06:49:41,2026-04-20 07:25:41,False,36,MAA - DEL,2026-04-20,6,Up to 90 min,Short duration under 45 minutes,True,8381a241faf4550af73a
UK034,Vistara,DEL,BLR,2026-04-20 06:47:41,2026-04-20 10:11:41,False,204,DEL - BLR,2026-04-20,6,181 to 300 min,,False,3ab44cb452a6cf535396
UK079,Vistara,DEL,BLR,2026-04-20 06:43:41,2026-04-20 10:34:41,False,231,DEL - BLR,2026-04-20,6,181 to 300 min,,False,f2f0fb84632620d51b87
AI135,Air India,BLR,BOM,2026-04-20 06:40:41,2026-04-20 09:21:41,False,161,BLR - BOM,2026-04-20,6,91 to 180 min,,False,4a416d5f55fc5821e52c
SJ061,Spicejet,MAA,BLR,2026-04-20 06:38:41,2026-04-20 09:35:41,False,177,MAA - BLR,2026-04-20,6,91 to 180 min,,False,ab0b79c810434ab0a9a1
AI047,Air India,CCU,MAA,2026-04-20 06:36:41,2026-04-20 07:23:41,False,47,CCU - MAA,2026-04-20,6,Up to 90 min,,False,34b766a41c0cea6c95f8
UK210,Vistara,DEL,CCU,2026-04-20 06:35:41,2026-04-20 07:30:41,False,55,DEL - CCU,2026-04-20,6,Up to 90 min,,False,3f035cd19f624ba22da2
AI088,Air India,MAA,DEL,2026-04-20 06:34:41,2026-04-20 10:10:41,False,216,MAA - DEL,2026-04-20,6,181 to 300 min,,False,62ecbcda78e76a4cbe97
UK177,Vistara,DEL,HYD,2026-04-20 06:21:41,2026-04-20 10:50:41,False,269,DEL - HYD,2026-04-20,6,181 to 300 min,,False,fab68d82bc5167e7f27d
AI128,Air India,BOM,CCU,2026-04-20 06:07:41,2026-04-20 10:03:41,False,236,BOM - CCU,2026-04-20,6,181 to 300 min,,False,a94a783161ef55c20b11
AI158,Air India,CCU,DEL,2026-04-20 06:04:41,2026-04-20 09:01:41,False,177,CCU - DEL,2026-04-20,6,91 to 180 min,,False,7a30e2718893f03f6178
UK206,Vistara,MAA,BLR,2026-04-20 06:01:41,2026-04-20 10:34:41,False,273,MAA - BLR,2026-04-20,6,181 to 300 min,,False,fbdb23a0238539bf5df0
SJ138,Spicejet,BLR,BOM,2026-04-20 05:55:41,2026-04-20 06:43:41,False,48,BLR - BOM,2026-04-20,5,Up to 90 min,,False,f62f9e174063efb3535c
AI034,Air India,DEL,BOM,2026-04-20 05:48:41,2026-04-20 10:31:41,False,283,DEL - BOM,2026-04-20,5,181 to 300 min,,False,17d069014992e857d5c6
AI012,Air India,BOM,CCU,2026-04-20 05:44:41,2026-04-20 09:47:41,False,243,BOM - CCU,2026-04-20,5,181 to 300 min,,False,aea32656e0af035f8d70
6F083,IndiGo,BLR,DEL,2026-04-20 05:24:41,2026-04-20 06:03:41,False,39,BLR - DEL,2026-04-20,5,Up to 90 min,Short duration under 45 minutes,True,9b5ce6e3a4de8a296d52
SJ083,Spicejet,MAA,BLR,2026-04-20 05:13:41,2026-04-20 08:17:41,False,184,MAA - BLR,2026-04-20,5,181 to 300 min,,False,d8514e568d566e10f7a7
SJ186,Spicejet,CCU,DEL,2026-04-20 05:11:41,2026-04-20 07:22:41,False,131,CCU - DEL,2026-04-20,5,91 to 180 min,,False,5cbb077e905fb595f1ba
UK001,Vistara,CCU,DEL,2026-04-20 05:06:41,2026-04-20 06:31:41,False,85,CCU - DEL,2026-04-20,5,Up to 90 min,,False,af81c26cef95e7a7eed2
AI217,Air India,CCU,BLR,2026-04-20 04:57:41,2026-04-20 07:14:41,False,137,CCU - BLR,2026-04-20,4,91 to 180 min,,False,01df92b8edea27e9e8af
6F178,IndiGo,BOM,CCU,2026-04-20 04:48:41,2026-04-20 09:11:41,False,263,BOM - CCU,2026-04-20,4,181 to 300 min,,False,78915513ce2c045d0602
UK015,Vistara,BLR,BOM,2026-04-20 04:46:41,2026-04-20 06:33:41,False,107,BLR - BOM,2026-04-20,4,91 to 180 min,,False,705c26fc328296e79fd9
AI112,Air India,DEL,BLR,2026-04-20 04:41:41,2026-04-20 08:24:41,False,223,DEL - BLR,2026-04-20,4,181 to 300 min,,False,2ee36aedbe95c7343398
UK100,Vistara,CCU,BLR,2026-04-20 04:40:41,2026-04-20 07:12:41,False,152,CCU - BLR,2026-04-20,4,91 to 180 min,,False,f4f9bcceed1ce5b19811
6F133,IndiGo,MAA,BLR,2026-04-20 04:38:41,2026-04-20 06:25:41,False,107,MAA - BLR,2026-04-20,4,91 to 180 min,,False,300dec1a6af23265ffc5
AI227,Air India,BLR,MAA,2026-04-20 04:31:41,2026-04-20 08:17:41,False,226,BLR - MAA,2026-04-20,4,181 to 300 min,,False,31ab91224e586bdeebf5
UK093,Vistara,HYD,CCU,2026-04-20 04:31:41,2026-04-20 05:21:41,False,50,HYD - CCU,2026-04-20,4,Up to 90 min,,False,63f5e36e07fb544c4a94
UK203,Vistara,BLR,HYD,2026-04-20 04:12:41,2026-04-20 05:24:41,False,72,BLR - HYD,2026-04-20,4,Up to 90 min,,False,7bd265f5c468d226f0f3
UK154,Vistara,MAA,HYD,2026-04-20 04:00:41,2026-04-20 07:57:41,False,237,MAA - HYD,2026-04-20,4,181 to 300 min,,False,00c5bc6e504c9c17ee8d
UK073,Vistara,BLR,CCU,2026-04-20 03:59:41,2026-04-20 08:09:41,False,250,BLR - CCU,2026-04-20,3,181 to 300 min,,False,532fa9b603d75d948459
AI164,Air India,DEL,BLR,2026-04-20 03:57:41,2026-04-20 05:45:41,False,108,DEL - BLR,2026-04-20,3,91 to 180 min,,False,1134a2cb7e6535e87786
UK008,Vistara,CCU,BLR,2026-04-20 03:57:41,2026-04-20 04:34:41,False,37,CCU - BLR,2026-04-20,3,Up to 90 min,Short duration under 45 minutes,True,356ed09808a20efa9f6b
UK051,Vistara,HYD,DEL,2026-04-20 03:55:41,2026-04-20 06:55:41,False,180,HYD - DEL,2026-04-20,3,91 to 180 min,,False,08f973dbff2b3063633f
UK208,Vistara,DEL,CCU,2026-04-20 03:54:41,2026-04-20 08:51:41,False,297,DEL - CCU,2026-04-20,3,181 to 300 min,,False,74f302b6ae84d5daf71b
AI150,Air India,BOM,DEL,2026-04-20 03:51:41,2026-04-20 04:38:41,False,47,BOM - DEL,2026-04-20,3,Up to 90 min,,False,44cadbe2998dd79d30de
AI189,Air India,CCU,DEL,2026-04-20 03:44:41,2026-04-20 05:32:41,False,108,CCU - DEL,2026-04-20,3,91 to 180 min,,False,d79133b65395a9d87268
6F230,IndiGo,CCU,BLR,2026-04-20 03:34:41,2026-04-20 06:47:41,False,193,CCU - BLR,2026-04-20,3,181 to 300 min,,False,39888adf22ceaa5c2187
6F169,IndiGo,BOM,DEL,2026-04-20 03:27:41,2026-04-20 08:06:41,False,279,BOM - DEL,2026-04-20,3,181 to 300 min,,False,db998dd5713565106414
AI205,Air India,BLR,BOM,2026-04-20 03:26:41,2026-04-20 05:14:41,False,108,BLR - BOM,2026-04-20,3,91 to 180 min,,False,5c7e0fbecadeb0e0ab89
AI103,Air India,BLR,BOM,2026-04-20 03:26:41,2026-04-20 04:04:41,False,38,BLR - BOM,2026-04-20,3,Up to 90 min,Short duration under 45 minutes,True,09a4f7dc1048667c9b3c
6F250,IndiGo,DEL,BLR,2026-04-20 03:26:41,2026-04-20 07:30:41,False,244,DEL - BLR,2026-04-20,3,181 to 300 min,,False,2f24dea02f87825b83cd
AI246,Air India,BOM,BLR,2026-04-20 03:22:41,2026-04-20 06:41:41,False,199,BOM - BLR,2026-04-20,3,181 to 300 min,,False,6a2de390085bdb620b9a
6F187,IndiGo,BOM,MAA,2026-04-20 03:19:41,2026-04-20 07:37:41,False,258,BOM - MAA,2026-04-20,3,181 to 300 min,,False,591a25e36b87f093c83d
AI082,Air India,DEL,CCU,2026-04-20 03:19:41,2026-04-20 06:01:41,False,162,DEL - CCU,2026-04-20,3,91 to 180 min,,False,38556332ac1c55f92f71
UK116,Vistara,CCU,BOM,2026-04-20 03:18:41,2026-04-20 07:06:41,False,228,CCU - BOM,2026-04-20,3,181 to 300 min,,False,f6bf3d36a1c227580326
SJ169,Spicejet,BOM,MAA,2026-04-20 03:10:41,2026-04-20 07:56:41,False,286,BOM - MAA,2026-04-20,3,181 to 300 min,,False,9679c123e8bd320e74e3
AI175,Air India,BOM,HYD,2026-04-20 03:08:41,2026-04-20 06:55:41,False,227,BOM - HYD,2026-04-20,3,181 to 300 min,,False,f5aea88b978e28dc3a6c
SJ098,Spicejet,HYD,MAA,2026-04-20 03:02:41,2026-04-20 03:37:41,False,35,HYD - MAA,2026-04-20,3,Up to 90 min,Short duration under 45 minutes,True,f2cfb7a31803aa5eb183
SJ191,Spicejet,BLR,BOM,2026-04-20 03:01:41,2026-04-20 04:23:41,False,82,BLR - BOM,2026-04-20,3,Up to 90 min,,False,859316e03241904645df
SJ017,Spicejet,DEL,MAA,2026-04-20 02:57:41,2026-04-20 05:00:41,False,123,DEL - MAA,2026-04-20,2,91 to 180 min,,False,6aee1fc7e2306d7cacf3
UK188,Vistara,MAA,BLR,2026-04-20 02:55:41,2026-04-20 03:44:41,False,49,MAA - BLR,2026-04-20,2,Up to 90 min,,False,4a3627ef34296fb1ae29
AI196,Air India,MAA,HYD,2026-04-20 02:52:41,2026-04-20 04:25:41,False,93,MAA - HYD,2026-04-20,2,91 to 180 min,,False,6e14a8a9ade298d3bb71
AI068,Air India,BOM,BLR,2026-04-20 02:48:41,2026-04-20 04:48:42,False,120,BOM - BLR,2026-04-20,2,91 to 180 min,,False,1192d44533ef3aa55b25
SJ097,Spicejet,BOM,CCU,2026-04-20 02:37:41,2026-04-20 05:27:41,False,170,BOM - CCU,2026-04-20,2,91 to 180 min,,False,8423013ff6b65d2a5543
SJ030,Spicejet,DEL,HYD,2026-04-20 02:36:41,2026-04-20 03:19:41,False,43,DEL - HYD,2026-04-20,2,Up to 90 min,Short duration under 45 minutes,True,80133d271f64aed6c6f2
6F179,IndiGo,HYD,MAA,2026-04-20 02:25:41,2026-04-20 06:40:41,False,255,HYD - MAA,2026-04-20,2,181 to 300 min,,False,2ba2275bd7fafe244448
6F156,IndiGo,MAA,BOM,2026-04-20 02:23:41,2026-04-20 04:57:41,False,154,MAA - BOM,2026-04-20,2,91 to 180 min,,False,687ccab0d3e45f721d9f
6F250,IndiGo,CCU,BLR,2026-04-20 02:23:41,2026-04-20 02:56:41,False,33,CCU - BLR,2026-04-20,2,Up to 90 min,Short duration under 45 minutes,True,5371c35f7fa6ea88a551
SJ057,Spicejet,BOM,CCU,2026-04-20 02:17:41,2026-04-20 05:29:41,False,192,BOM - CCU,2026-04-20,2,181 to 300 min,,False,3e00804979e75304d832
6F036,IndiGo,CCU,BLR,2026-04-20 02:14:41,2026-04-20 06:57:41,False,283,CCU - BLR,2026-04-20,2,181 to 300 min,,False,903fd5724ec72fe118cc
6F201,IndiGo,CCU,BOM,2026-04-20 02:09:41,2026-04-20 06:49:41,False,280,CCU - BOM,2026-04-20,2,181 to 300 min,,False,c22961c19b1679d3a365
6F143,IndiGo,CCU,DEL,2026-04-20 02:09:41,2026-04-20 06:08:41,False,239,CCU - DEL,2026-04-20,2,181 to 300 min,,False,47a872bab53932ae113b
6F177,IndiGo,HYD,MAA,2026-04-20 02:03:41,2026-04-20 04:25:41,False,142,HYD - MAA,2026-04-20,2,91 to 180 min,,False,b8334618fcfb0d514266
6F031,IndiGo,BOM,BLR,2026-04-20 02:00:41,2026-04-20 06:37:41,False,277,BOM - BLR,2026-04-20,2,181 to 300 min,,False,90ae4928ac33143bdb80
UK165,Vistara,DEL,BLR,2026-04-20 01:51:41,2026-04-20 06:04:41,False,253,DEL - BLR,2026-04-20,1,181 to 300 min,,False,0b1658e0f40524310e50
6F122,IndiGo,DEL,BLR,2026-04-20 01:44:41,2026-04-20 05:28:41,False,224,DEL - BLR,2026-04-20,1,181 to 300 min,,False,99306e3c50f4f80cd997
AI009,Air India,DEL,CCU,2026-04-20 01:31:41,2026-04-20 04:05:41,False,154,DEL - CCU,2026-04-20,1,91 to 180 min,,False,4aa3c5f55c5dad6031bb
6F046,IndiGo,DEL,BLR,2026-04-20 01:27:41,2026-04-20 05:08:41,False,221,DEL - BLR,2026-04-20,1,181 to 300 min,,False,749233d60f913d079727
AI051,Air India,MAA,BLR,2026-04-20 01:27:41,2026-04-20 02:22:41,False,55,MAA - BLR,2026-04-20,1,Up to 90 min,,False,3a5f9a5961fde6e66618
UK222,Vistara,BOM,CCU,2026-04-20 01:22:41,2026-04-20 02:57:41,False,95,BOM - CCU,2026-04-20,1,91 to 180 min,,False,59508ca5eac16b3ecfae
SJ127,Spicejet,BOM,DEL,2026-04-20 01:21:41,2026-04-20 03:58:41,False,157,BOM - DEL,2026-04-20,1,91 to 180 min,,False,2c93d1e1746481043929
AI226,Air India,BLR,HYD,2026-04-20 01:19:41,2026-04-20 04:08:41,False,169,BLR - HYD,2026-04-20,1,91 to 180 min,,False,b9d3e30e7b62e7fc57a1
AI216,Air India,BOM,CCU,2026-04-20 01:10:41,2026-04-20 02:34:41,False,84,BOM - CCU,2026-04-20,1,Up to 90 min,,False,087ea4a2b4d91f4558c8
6F058,IndiGo,BOM,CCU,2026-04-20 01:04:41,2026-04-20 03:33:41,False,149,BOM - CCU,2026-04-20,1,91 to 180 min,,False,65ccbed2981016ec8e13
SJ207,Spicejet,DEL,CCU,2026-04-20 00:52:41,2026-04-20 04:05:41,False,193,DEL - CCU,2026-04-20,0,181 to 300 min,,False,1d2f20ccb8a407048d28
SJ198,Spicejet,CCU,BOM,2026-04-20 00:47:41,2026-04-20 05:28:41,False,281,CCU - BOM,2026-04-20,0,181 to 300 min,,False,3a3e99eb93f235dbad01
SJ108,Spicejet,BLR,HYD,2026-04-20 00:40:41,2026-04-20 03:16:41,False,156,BLR - HYD,2026-04-20,0,91 to 180 min,,False,2426df12f1892eba0203
SJ155,Spicejet,DEL,CCU,2026-04-20 00:38:41,2026-04-20 05:38:41,False,300,DEL - CCU,2026-04-20,0,181 to 300 min,,False,b27e21cba9e7e9e77f3f
6F193,IndiGo,BOM,MAA,2026-04-20 00:34:41,2026-04-20 02:32:41,False,118,BOM - MAA,2026-04-20,0,91 to 180 min,,False,4605fa3b63ee7ad6f2e2
6F019,IndiGo,BLR,BOM,2026-04-20 00:19:41,2026-04-20 04:14:41,False,235,BLR - BOM,2026-04-20,0,181 to 300 min,,False,db5f9d2434bdcee17176
AI102,Air India,CCU,BLR,2026-04-20 00:17:41,2026-04-20 05:08:41,False,291,CCU - BLR,2026-04-20,0,181 to 300 min,,False,889baaa90a3ad532c87f
6F166,IndiGo,BOM,CCU,2026-04-20 00:03:41,2026-04-20 04:33:41,False,270,BOM - CCU,2026-04-20,0,181 to 300 min,,False,a6dcd615d2e04a34644b
UK175,Vistara,BLR,BOM,2026-04-19 23:56:41,2026-04-20 03:18:41,False,202,BLR - BOM,2026-04-19,23,181 to 300 min,,False,f8c6c99abcaec902efdb
6F010,IndiGo,DEL,BLR,2026-04-19 23:53:41,2026-04-20 03:44:41,False,231,DEL - BLR,2026-04-19,23,181 to 300 min,,False,aa60e02970bcf5f9f6dd
AI234,Air India,BOM,MAA,2026-04-19 23:50:41,2026-04-20 01:34:41,False,104,BOM - MAA,2026-04-19,23,91 to 180 min,,False,27292dfe7936862afffb
UK135,Vistara,HYD,DEL,2026-04-19 23:50:41,2026-04-20 01:43:41,False,113,HYD - DEL,2026-04-19,23,91 to 180 min,,False,c1cd00116afce247e2d7
6F272,IndiGo,HYD,MAA,2026-04-19 23:35:41,2026-04-20 00:22:41,False,47,HYD - MAA,2026-04-19,23,Up to 90 min,,False,d84337c1b11c4c57e801
AI061,Air India,BOM,CCU,2026-04-19 23:31:41,2026-04-20 01:02:41,False,91,BOM - CCU,2026-04-19,23,91 to 180 min,,False,9661644091076ee2a2d1
6F070,IndiGo,HYD,DEL,2026-04-19 23:23:41,2026-04-20 02:24:41,False,181,HYD - DEL,2026-04-19,23,181 to 300 min,,False,63678e2c897996a5643d
AI015,Air India,BLR,CCU,2026-04-19 23:21:41,2026-04-20 01:15:41,False,114,BLR - CCU,2026-04-19,23,91 to 180 min,,False,28c2d24fab7a01352ddc
SJ076,Spicejet,DEL,MAA,2026-04-19 23:01:41,2026-04-20 02:02:41,False,181,DEL - MAA,2026-04-19,23,181 to 300 min,,False,f22d231b2a3ef8b4fac1
SJ029,Spicejet,HYD,DEL,2026-04-19 22:55:41,2026-04-20 00:22:41,False,87,HYD - DEL,2026-04-19,22,Up to 90 min,,False,c43ade1a43518d98afb9
SJ194,Spicejet,CCU,DEL,2026-04-19 22:46:41,2026-04-20 02:31:41,False,225,CCU - DEL,2026-04-19,22,181 to 300 min,,False,ef54036479c8bd00452d
AI235,Air India,BLR,HYD,2026-04-19 22:45:41,2026-04-20 02:12:41,False,207,BLR - HYD,2026-04-19,22,181 to 300 min,,False,4a1ac381040be1f03ef5
SJ048,Spicejet,MAA,BLR,2026-04-19 22:43:41,2026-04-20 00:19:41,False,96,MAA - BLR,2026-04-19,22,91 to 180 min,,False,136ab0e08e53b77d0dd7
SJ114,Spicejet,HYD,DEL,2026-04-19 22:42:41,2026-04-20 02:02:41,False,200,HYD - DEL,2026-04-19,22,181 to 300 min,,False,d653ecddb0bbe059068b
SJ146,Spicejet,HYD,BLR,2026-04-19 22:37:41,2026-04-20 00:33:41,False,116,HYD - BLR,2026-04-19,22,91 to 180 min,,False,be509c634964c5433735
UK041,Vistara,HYD,MAA,2026-04-19 22:37:41,2026-04-19 23:44:41,False,67,HYD - MAA,2026-04-19,22,Up to 90 min,,False,287cad39e3fcc2518d94
6F075,IndiGo,BOM,CCU,2026-04-19 22:20:41,2026-04-20 03:02:41,False,282,BOM - CCU,2026-04-19,22,181 to 300 min,,False,5715e2c2cdb5efb52a9c
SJ020,Spicejet,BLR,BOM,2026-04-19 22:18:41,2026-04-20 02:27:41,False,249,BLR - BOM,2026-04-19,22,181 to 300 min,,False,e21f2ba013bf1e2ff8d1
SJ099,Spicejet,MAA,BLR,2026-04-19 22:14:41,2026-04-20 00:34:41,False,140,MAA - BLR,2026-04-19,22,91 to 180 min,,False,b997a8feae3c8544c1c3
6F078,IndiGo,BOM,CCU,2026-04-19 22:04:41,2026-04-19 23:37:41,False,93,BOM - CCU,2026-04-19,22,91 to 180 min,,False,1eeb4d15dded03bbd5b8
UK219,Vistara,BOM,HYD,2026-04-19 22:03:41,2026-04-20 02:21:41,False,258,BOM - HYD,2026-04-19,22,181 to 300 min,,False,33f2161df1c72324eef7
UK223,Vistara,CCU,DEL,2026-04-19 21:58:41,2026-04-19 22:30:41,False,32,CCU - DEL,2026-04-19,21,Up to 90 min,Short duration under 45 minutes,True,fc43e1def08e4841cb49
UK227,Vistara,BOM,HYD,2026-04-19 21:57:41,2026-04-20 01:47:41,False,230,BOM - HYD,2026-04-19,21,181 to 300 min,,False,9360f14d197835fae618
6F260,IndiGo,CCU,DEL,2026-04-19 21:51:41,2026-04-20 01:14:41,False,203,CCU - DEL,2026-04-19,21,181 to 300 min,,False,3de801bc7d353c6fd421
AI096,Air India,CCU,DEL,2026-04-19 21:48:41,2026-04-20 02:46:41,False,298,CCU - DEL,2026-04-19,21,181 to 300 min,,False,79f85bba1c7458818d5f
6F022,IndiGo,MAA,BLR,2026-04-19 21:46:41,2026-04-20 02:05:41,False,259,MAA - BLR,2026-04-19,21,181 to 300 min,,False,5fe429f25c7738906619
6F237,IndiGo,HYD,MAA,2026-04-19 21:41:41,2026-04-20 00:44:41,False,183,HYD - MAA,2026-04-19,21,181 to 300 min,,False,eba7421a9f55d2c4e345
UK146,Vistara,BOM,MAA,2026-04-19 21:40:41,2026-04-20 00:08:41,False,148,BOM - MAA,2026-04-19,21,91 to 180 min,,False,57bdae0552c3f7ec6822
SJ015,Spicejet,BOM,CCU,2026-04-19 21:40:41,2026-04-19 22:52:41,False,72,BOM - CCU,2026-04-19,21,Up to 90 min,,False,b403614d2470629d64b1
AI108,Air India,BLR,CCU,2026-04-19 21:32:41,2026-04-20 00:17:41,False,165,BLR - CCU,2026-04-19,21,91 to 180 min,,False,66e0f3e83942fef404dd
UK020,Vistara,MAA,BLR,2026-04-19 21:23:41,2026-04-19 22:38:41,False,75,MAA - BLR,2026-04-19,21,Up to 90 min,,False,427068db6f5e71313281
6F113,IndiGo,BOM,CCU,2026-04-19 21:04:41,2026-04-20 01:30:41,False,266,BOM - CCU,2026-04-19,21,181 to 300 min,,False,76f89741f8148377eb45
6F112,IndiGo,HYD,DEL,2026-04-19 21:00:41,2026-04-19 23:16:41,False,136,HYD - DEL,2026-04-19,21,91 to 180 min,,False,fc4632cc5090028ea8b2
6F246,IndiGo,HYD,DEL,2026-04-19 21:00:41,2026-04-19 23:16:41,False,136,HYD - DEL,2026-04-19,21,91 to 180 min,,False,6fd845778cb88ca9d149
UK158,Vistara,BOM,MAA,2026-04-19 20:49:41,2026-04-19 21:22:41,False,33,BOM - MAA,2026-04-19,20,Up to 90 min,Short duration under 45 minutes,True,1cc1438d4ea57c22ff39
UK159,Vistara,CCU,BLR,2026-04-19 20:45:41,2026-04-19 23:32:41,False,167,CCU - BLR,2026-04-19,20,91 to 180 min,,False,e10c50b30f77c4e85750
UK084,Vistara,MAA,DEL,2026-04-19 20:44:41,2026-04-20 00:20:41,False,216,MAA - DEL,2026-04-19,20,181 to 300 min,,False,6931044f57957af80789
SJ206,Spicejet,DEL,CCU,2026-04-19 20:43:41,2026-04-20 01:21:41,False,278,DEL - CCU,2026-04-19,20,181 to 300 min,,False,5f8d962c5d952a48c4eb
UK044,Vistara,BLR,BOM,2026-04-19 20:31:41,2026-04-19 23:29:41,False,178,BLR - BOM,2026-04-19,20,91 to 180 min,,False,1316fa8bfd5ed79c82df
SJ036,Spicejet,DEL,HYD,2026-04-19 20:24:41,2026-04-19 23:54:41,False,210,DEL - HYD,2026-04-19,20,181 to 300 min,,False,6b5062f87a63e7715049
6F176,IndiGo,CCU,DEL,2026-04-19 20:23:42,2026-04-19 23:23:42,False,180,CCU - DEL,2026-04-19,20,91 to 180 min,,False,def76b276104d0f43d63
6F148,IndiGo,CCU,BOM,2026-04-19 20:23:41,2026-04-19 22:30:41,False,127,CCU - BOM,2026-04-19,20,91 to 180 min,,False,ea65d6ccdc51ea3c7191
6F202,IndiGo,HYD,BLR,2026-04-19 20:18:41,2026-04-19 23:48:41,False,210,HYD - BLR,2026-04-19,20,181 to 300 min,,False,3436b4c184e8d374282f
6F071,IndiGo,DEL,CCU,2026-04-19 20:18:41,2026-04-20 00:31:41,False,253,DEL - CCU,2026-04-19,20,181 to 300 min,,False,c2cac973d4a14dc95f0a
AI105,Air India,CCU,DEL,2026-04-19 20:16:41,2026-04-19 22:03:41,False,107,CCU - DEL,2026-04-19,20,91 to 180 min,,False,2434c5e2a6d114434e17
AI241,Air India,HYD,BLR,2026-04-19 20:11:41,2026-04-19 22:18:41,False,127,HYD - BLR,2026-04-19,20,91 to 180 min,,False,796aa2f4a0c821f77766
SJ162,Spicejet,DEL,HYD,2026-04-19 20:11:41,2026-04-19 22:30:41,False,139,DEL - HYD,2026-04-19,20,91 to 180 min,,False,0f46c9f5910632a124b8
6F003,IndiGo,HYD,BOM,2026-04-19 20:06:41,2026-04-19 23:13:41,False,187,HYD - BOM,2026-04-19,20,181 to 300 min,,False,28b5cd22d84a00ff7227
6F249,IndiGo,HYD,BOM,2026-04-19 20:06:41,2026-04-19 23:13:41,False,187,HYD - BOM,2026-04-19,20,181 to 300 min,,False,f4a0701bec58f467d4f2
AI237,Air India,BOM,CCU,2026-04-19 19:58:41,2026-04-19 23:13:41,False,195,BOM - CCU,2026-04-19,19,181 to 300 min,,False,b2ef9f3e84598144c1f6
SJ134,Spicejet,BOM,CCU,2026-04-19 19:58:41,2026-04-20 00:15:41,False,257,BOM - CCU,2026-04-19,19,181 to 300 min,,False,56395b5806721f433c3b
AI071,Air India,BOM,MAA,2026-04-19 19:55:41,2026-04-19 22:58:41,False,183,BOM - MAA,2026-04-19,19,181 to 300 min,,False,2f836e849a93a91f2330
6F118,IndiGo,CCU,HYD,2026-04-19 19:52:41,2026-04-19 21:01:41,False,69,CCU - HYD,2026-04-19,19,Up to 90 min,,False,140999e4755f63e0806b
6F014,IndiGo,DEL,MAA,2026-04-19 19:42:41,2026-04-19 23:15:41,False,213,DEL - MAA,2026-04-19,19,181 to 300 min,,False,24661c7c62164e280073
6F065,IndiGo,MAA,BLR,2026-04-19 19:40:41,2026-04-19 22:23:41,False,163,MAA - BLR,2026-04-19,19,91 to 180 min,,False,42d4a752347be98b4b0f
6F271,IndiGo,HYD,MAA,2026-04-19 19:33:41,2026-04-19 22:52:41,False,199,HYD - MAA,2026-04-19,19,181 to 300 min,,False,ed59a97bc77c7fa63abe
SJ070,Spicejet,MAA,CCU,2026-04-19 18:55:41,2026-04-19 20:48:41,False,113,MAA - CCU,2026-04-19,18,91 to 180 min,,False,c465ca06dd2ed98d9d29
6F007,IndiGo,HYD,MAA,2026-04-19 18:55:41,2026-04-19 19:54:41,False,59,HYD - MAA,2026-04-19,18,Up to 90 min,,False,570291d730690bf38f2c
UK007,Vistara,DEL,HYD,2026-04-19 18:50:41,2026-04-19 21:04:41,False,134,DEL - HYD,2026-04-19,18,91 to 180 min,,False,eb2cd2a04299ac3deb40
SJ192,Spicejet,HYD,BOM,2026-04-19 18:45:42,2026-04-19 23:45:42,True,300,HYD - BOM,2026-04-19,18,181 to 300 min,Arrival date corrected for overnight flight,True,5cf9668ece63f26ea9f0
AI097,Air India,HYD,MAA,2026-04-19 18:42:41,2026-04-19 23:34:41,False,292,HYD - MAA,2026-04-19,18,181 to 300 min,,False,40767374507cc170e856
6F256,IndiGo,BOM,CCU,2026-04-19 18:40:41,2026-04-19 19:13:41,False,33,BOM - CCU,2026-04-19,18,Up to 90 min,Short duration under 45 minutes,True,888f74fe762d663437d3
UK047,Vistara,BLR,HYD,2026-04-19 18:40:41,2026-04-19 22:45:41,False,245,BLR - HYD,2026-04-19,18,181 to 300 min,,False,eb818415ab72ec132f02
AI024,Air India,MAA,BOM,2026-04-19 18:38:41,2026-04-19 19:45:41,False,67,MAA - BOM,2026-04-19,18,Up to 90 min,,False,6b89218cf3e9faca933e
UK113,Vistara,CCU,DEL,2026-04-19 18:34:41,2026-04-19 22:58:41,False,264,CCU - DEL,2026-04-19,18,181 to 300 min,,False,9a510063acf03334d6d8
SJ163,Spicejet,DEL,HYD,2026-04-19 18:32:41,2026-04-19 23:08:41,False,276,DEL - HYD,2026-04-19,18,181 to 300 min,,False,c99c72fb568fc675b59d
SJ208,Spicejet,DEL,HYD,2026-04-19 18:32:41,2026-04-19 19:33:41,False,61,DEL - HYD,2026-04-19,18,Up to 90 min,,False,0f870eede7015b804c10
SJ221,Spicejet,MAA,HYD,2026-04-19 18:31:41,2026-04-19 23:17:41,False,286,MAA - HYD,2026-04-19,18,181 to 300 min,,False,aaa591e130159e9b812b
SJ084,Spicejet,HYD,MAA,2026-04-19 18:31:41,2026-04-19 19:30:41,False,59,HYD - MAA,2026-04-19,18,Up to 90 min,,False,e08d21ba3a8a0289fb1d
6F127,IndiGo,HYD,BOM,2026-04-19 18:27:41,2026-04-19 22:28:41,False,241,HYD - BOM,2026-04-19,18,181 to 300 min,,False,4e8ff55dd8b0f2785046
AI122,Air India,BOM,CCU,2026-04-19 18:25:41,2026-04-19 22:36:41,False,251,BOM - CCU,2026-04-19,18,181 to 300 min,,False,32c113c194d305c20cfd
AI139,Air India,HYD,MAA,2026-04-19 18:23:41,2026-04-19 19:24:41,False,61,HYD - MAA,2026-04-19,18,Up to 90 min,,False,72d8d6bc3e8155c081bf
UK149,Vistara,MAA,DEL,2026-04-19 18:22:41,2026-04-19 23:08:41,False,286,MAA - DEL,2026-04-19,18,181 to 300 min,,False,aa3d716efe94d18b61ee
AI149,Air India,BOM,HYD,2026-04-19 18:19:41,2026-04-19 21:36:41,False,197,BOM - HYD,2026-04-19,18,181 to 300 min,,False,c7177ab67e2aeee854c0
SJ243,Spicejet,BLR,DEL,2026-04-19 18:17:41,2026-04-19 23:03:41,False,286,BLR - DEL,2026-04-19,18,181 to 300 min,,False,e68323376c90859210cc
AI053,Air India,CCU,DEL,2026-04-19 18:04:41,2026-04-19 22:19:41,False,255,CCU - DEL,2026-04-19,18,181 to 300 min,,False,57ca6df61e9f22148c2e
UK061,Vistara,BLR,BOM,2026-04-19 17:58:41,2026-04-19 19:48:41,False,110,BLR - BOM,2026-04-19,17,91 to 180 min,,False,0f8d294ff01731a1abd3
SJ004,Spicejet,MAA,DEL,2026-04-19 17:52:41,2026-04-19 21:01:41,False,189,MAA - DEL,2026-04-19,17,181 to 300 min,,False,8320093437db984dc4a1
AI173,Air India,HYD,DEL,2026-04-19 17:36:41,2026-04-19 22:27:41,False,291,HYD - DEL,2026-04-19,17,181 to 300 min,,False,aa80b51a4a74913cb38a
6F085,IndiGo,HYD,MAA,2026-04-19 17:32:41,2026-04-19 19:32:42,False,120,HYD - MAA,2026-04-19,17,91 to 180 min,,False,602d6e9a05ef03d4cab2
AI252,Air India,HYD,DEL,2026-04-19 17:30:41,2026-04-19 21:54:41,False,264,HYD - DEL,2026-04-19,17,181 to 300 min,,False,460d77cea008515e4d72
SJ109,Spicejet,BOM,DEL,2026-04-19 17:24:41,2026-04-19 20:28:41,False,184,BOM - DEL,2026-04-19,17,181 to 300 min,,False,40ba160bfbe594f68211
UK123,Vistara,BOM,DEL,2026-04-19 17:24:41,2026-04-19 20:18:41,False,174,BOM - DEL,2026-04-19,17,91 to 180 min,,False,57ac6edd2c9120a1266b
6F125,IndiGo,BOM,CCU,2026-04-19 17:09:41,2026-04-19 21:13:41,False,244,BOM - CCU,2026-04-19,17,181 to 300 min,,False,96651cd970cb0be29a5e
UK183,Vistara,BLR,CCU,2026-04-19 17:07:41,2026-04-19 18:30:41,False,83,BLR - CCU,2026-04-19,17,Up to 90 min,,False,8979deb364df9fede2e6
AI110,Air India,BOM,CCU,2026-04-19 17:07:41,2026-04-19 22:00:41,False,293,BOM - CCU,2026-04-19,17,181 to 300 min,,False,95913f4f8d53cd165722
UK105,Vistara,CCU,HYD,2026-04-19 17:04:41,2026-04-19 18:11:41,False,67,CCU - HYD,2026-04-19,17,Up to 90 min,,False,2add59e47ff328d24235
6F128,IndiGo,HYD,DEL,2026-04-19 16:56:41,2026-04-19 18:03:41,False,67,HYD - DEL,2026-04-19,16,Up to 90 min,,False,75e29928423767412559
6F224,IndiGo,DEL,MAA,2026-04-19 16:53:41,2026-04-19 18:52:41,False,119,DEL - MAA,2026-04-19,16,91 to 180 min,,False,19c91e2e7e047e35f8a8
SJ130,Spicejet,BOM,DEL,2026-04-19 16:53:41,2026-04-19 20:53:41,False,240,BOM - DEL,2026-04-19,16,181 to 300 min,,False,91c80cc03d37b1b17bac
AI224,Air India,DEL,HYD,2026-04-19 16:51:41,2026-04-19 21:36:41,False,285,DEL - HYD,2026-04-19,16,181 to 300 min,,False,b0a322a36530f4beba55
SJ182,Spicejet,CCU,BOM,2026-04-19 16:48:41,2026-04-19 17:36:41,False,48,CCU - BOM,2026-04-19,16,Up to 90 min,,False,873418b6da361afa3920
UK164,Vistara,BOM,HYD,2026-04-19 16:46:41,2026-04-19 21:10:41,False,264,BOM - HYD,2026-04-19,16,181 to 300 min,,False,68343ec61fddb77961f1
AI161,Air India,CCU,BOM,2026-04-19 16:40:41,2026-04-19 19:40:41,False,180,CCU - BOM,2026-04-19,16,91 to 180 min,,False,c47f4199715209dd3b10
6F206,IndiGo,DEL,BOM,2026-04-19 16:39:41,2026-04-19 20:59:41,False,260,DEL - BOM,2026-04-19,16,181 to 300 min,,False,677b48bfb34f7001c3a9
SJ204,Spicejet,CCU,DEL,2026-04-19 16:34:41,2026-04-19 18:15:41,False,101,CCU - DEL,2026-04-19,16,91 to 180 min,,False,e72c2d0c481e7f8d5f4c
AI206,Air India,CCU,MAA,2026-04-19 16:30:41,2026-04-19 20:01:41,False,211,CCU - MAA,2026-04-19,16,181 to 300 min,,False,91bbf1b6abee0094ff2f
6F140,IndiGo,CCU,HYD,2026-04-19 16:30:41,2026-04-19 18:21:41,False,111,CCU - HYD,2026-04-19,16,91 to 180 min,,False,1190c2c6b410a58d48ab
6F253,IndiGo,MAA,BLR,2026-04-19 16:26:41,2026-04-19 18:24:41,False,118,MAA - BLR,2026-04-19,16,91 to 180 min,,False,67d77b0df24920e88289
SJ203,Spicejet,DEL,HYD,2026-04-19 16:22:41,2026-04-19 18:27:41,False,125,DEL - HYD,2026-04-19,16,91 to 180 min,,False,5f6dda8390b7f3052179
SJ161,Spicejet,MAA,BLR,2026-04-19 16:22:41,2026-04-19 17:04:41,False,42,MAA - BLR,2026-04-19,16,Up to 90 min,Short duration under 45 minutes,True,62c07e5c691a78fa14e5
AI098,Air India,HYD,MAA,2026-04-19 16:01:41,2026-04-19 18:11:41,False,130,HYD - MAA,2026-04-19,16,91 to 180 min,,False,ffa5006f5f4bedcaad00
AI168,Air India,DEL,CCU,2026-04-19 15:50:41,2026-04-19 20:20:41,False,270,DEL - CCU,2026-04-19,15,181 to 300 min,,False,0d8a1d556c35f9834372
UK190,Vistara,DEL,BLR,2026-04-19 15:49:41,2026-04-19 18:53:41,False,184,DEL - BLR,2026-04-19,15,181 to 300 min,,False,81d21d789c992b5822a9
AI085,Air India,DEL,HYD,2026-04-19 15:45:41,2026-04-19 20:33:41,False,288,DEL - HYD,2026-04-19,15,181 to 300 min,,False,d974a874598c9df2d5b3
AI076,Air India,BLR,BOM,2026-04-19 15:37:41,2026-04-19 16:12:41,False,35,BLR - BOM,2026-04-19,15,Up to 90 min,Short duration under 45 minutes,True,8f5cc85824b1ed10d450
UK130,Vistara,MAA,BLR,2026-04-19 15:36:41,2026-04-19 19:43:41,False,247,MAA - BLR,2026-04-19,15,181 to 300 min,,False,671b0cae60c50e0ca5b9
6F038,IndiGo,HYD,MAA,2026-04-19 15:36:41,2026-04-19 19:33:41,False,237,HYD - MAA,2026-04-19,15,181 to 300 min,,False,d1d8d23155c78043b541
UK110,Vistara,HYD,DEL,2026-04-19 15:26:41,2026-04-19 20:13:41,False,287,HYD - DEL,2026-04-19,15,181 to 300 min,,False,2381d4d865f7d49801e0
SJ013,Spicejet,DEL,MAA,2026-04-19 15:25:41,2026-04-19 19:54:41,False,269,DEL - MAA,2026-04-19,15,181 to 300 min,,False,863f49f4d552456ffb94
AI039,Air India,MAA,BLR,2026-04-19 15:24:41,2026-04-19 18:56:41,False,212,MAA - BLR,2026-04-19,15,181 to 300 min,,False,602f18fe6f07fe3e61c8
AI248,Air India,CCU,DEL,2026-04-19 15:17:41,2026-04-19 16:35:41,False,78,CCU - DEL,2026-04-19,15,Up to 90 min,,False,302f8402c048c092e837
6F199,IndiGo,DEL,MAA,2026-04-19 15:15:41,2026-04-19 17:32:41,False,137,DEL - MAA,2026-04-19,15,91 to 180 min,,False,22eea6bb9f8e782a7165
AI225,Air India,BOM,BLR,2026-04-19 15:05:41,2026-04-19 16:01:41,False,56,BOM - BLR,2026-04-19,15,Up to 90 min,,False,953e80a752a575f3ec7d
SJ028,Spicejet,CCU,BOM,2026-04-19 15:04:41,2026-04-19 19:32:41,False,268,CCU - BOM,2026-04-19,15,181 to 300 min,,False,de2f2e44de1ebf3a5baa
SJ012,Spicejet,HYD,BLR,2026-04-19 15:01:41,2026-04-19 16:12:41,False,71,HYD - BLR,2026-04-19,15,Up to 90 min,,False,9d8b81ec483309767985
SJ131,Spicejet,MAA,HYD,2026-04-19 15:00:41,2026-04-19 16:07:41,False,67,MAA - HYD,2026-04-19,15,Up to 90 min,,False,b4560dfdaa812d5757ea
AI010,Air India,BOM,HYD,2026-04-19 15:00:41,2026-04-19 19:48:41,False,288,BOM - HYD,2026-04-19,15,181 to 300 min,,False,59426f7c9b701d01e4f9
6F020,IndiGo,BOM,HYD,2026-04-19 14:58:41,2026-04-19 16:43:41,False,105,BOM - HYD,2026-04-19,14,91 to 180 min,,False,140210c24a9b1c1c960a
SJ038,Spicejet,BLR,DEL,2026-04-19 14:57:41,2026-04-19 17:46:41,False,169,BLR - DEL,2026-04-19,14,91 to 180 min,,False,643cafef66d50cc7e0c6
UK204,Vistara,BLR,DEL,2026-04-19 14:46:41,2026-04-19 16:24:41,False,98,BLR - DEL,2026-04-19,14,91 to 180 min,,False,fae90bffaf6fcb5800b8
AI036,Air India,BOM,CCU,2026-04-19 14:45:41,2026-04-19 16:16:41,False,91,BOM - CCU,2026-04-19,14,91 to 180 min,,False,9d800528d9ea48381e3a
AI100,Air India,CCU,BOM,2026-04-19 14:42:41,2026-04-19 18:22:41,False,220,CCU - BOM,2026-04-19,14,181 to 300 min,,False,b34ef91dd0f0fd28815a
SJ215,Spicejet,CCU,DEL,2026-04-19 14:37:41,2026-04-19 16:12:41,False,95,CCU - DEL,2026-04-19,14,91 to 180 min,,False,abbd6584642a92f7cd1a
UK155,Vistara,MAA,HYD,2026-04-19 14:34:41,2026-04-19 18:37:41,False,243,MAA - HYD,2026-04-19,14,181 to 300 min,,False,7aca10da6da64bb2381d
SJ173,Spicejet,CCU,HYD,2026-04-19 14:27:41,2026-04-19 16:09:41,False,102,CCU - HYD,2026-04-19,14,91 to 180 min,,False,6b3037f31b67afb9c3e0
UK179,Vistara,DEL,HYD,2026-04-19 14:25:41,2026-04-19 19:15:41,False,290,DEL - HYD,2026-04-19,14,181 to 300 min,,False,0b89697bce4eb6bc0fe0
UK221,Vistara,CCU,DEL,2026-04-19 14:18:41,2026-04-19 18:44:41,False,266,CCU - DEL,2026-04-19,14,181 to 300 min,,False,0d059a0bdeddb24fdbee
UK023,Vistara,DEL,MAA,2026-04-19 14:15:41,2026-04-19 19:03:41,False,288,DEL - MAA,2026-04-19,14,181 to 300 min,,False,6da3fad47ea005159a22
SJ107,Spicejet,BOM,MAA,2026-04-19 14:10:41,2026-04-19 18:38:41,False,268,BOM - MAA,2026-04-19,14,181 to 300 min,,False,2c5d00e236743340f47c
AI073,Air India,BOM,BLR,2026-04-19 14:08:41,2026-04-19 16:10:41,False,122,BOM - BLR,2026-04-19,14,91 to 180 min,,False,ba9db76b6c420da6c3bc
SJ187,Spicejet,MAA,BLR,2026-04-19 14:07:41,2026-04-19 17:30:41,False,203,MAA - BLR,2026-04-19,14,181 to 300 min,,False,8e4da8d4829c26212bf0
UK058,Vistara,MAA,BOM,2026-04-19 13:46:41,2026-04-19 17:04:41,False,198,MAA - BOM,2026-04-19,13,181 to 300 min,,False,8e08ee2e3a9175e3813c
SJ063,Spicejet,MAA,BOM,2026-04-19 13:38:41,2026-04-19 15:23:41,False,105,MAA - BOM,2026-04-19,13,91 to 180 min,,False,1fba08c3696528bee117
SJ062,Spicejet,BLR,HYD,2026-04-19 13:37:41,2026-04-19 17:06:41,False,209,BLR - HYD,2026-04-19,13,181 to 300 min,,False,0d3c11dc4f4fd2026a44
UK048,Vistara,MAA,DEL,2026-04-19 13:36:41,2026-04-19 18:21:41,False,285,MAA - DEL,2026-04-19,13,181 to 300 min,,False,2fcdda486ba8fd79aca3
AI181,Air India,MAA,HYD,2026-04-19 13:29:41,2026-04-19 16:55:41,False,206,MAA - HYD,2026-04-19,13,181 to 300 min,,False,60a15b139db05c5d31c2
AI003,Air India,BLR,HYD,2026-04-19 13:27:41,2026-04-19 16:55:41,False,208,BLR - HYD,2026-04-19,13,181 to 300 min,,False,d14718607103a75a22fc
6F041,IndiGo,MAA,BOM,2026-04-19 13:19:41,2026-04-19 16:48:41,False,209,MAA - BOM,2026-04-19,13,181 to 300 min,,False,d932969a673ab77dba32
6F175,IndiGo,MAA,CCU,2026-04-19 13:18:41,2026-04-19 15:13:41,False,115,MAA - CCU,2026-04-19,13,91 to 180 min,,False,a87c6d57065278509c5c
6F013,IndiGo,BOM,CCU,2026-04-19 13:15:41,2026-04-19 18:05:41,False,290,BOM - CCU,2026-04-19,13,181 to 300 min,,False,8951b0515d2decc98b1a
SJ040,Spicejet,BOM,CCU,2026-04-19 13:12:41,2026-04-19 16:44:41,False,212,BOM - CCU,2026-04-19,13,181 to 300 min,,False,e15b18c930912c4a4424
SJ016,Spicejet,HYD,CCU,2026-04-19 13:01:41,2026-04-19 16:26:41,False,205,HYD - CCU,2026-04-19,13,181 to 300 min,,False,21937f97cf47d597275b
6F135,IndiGo,MAA,HYD,2026-04-19 12:59:41,2026-04-19 13:45:41,False,46,MAA - HYD,2026-04-19,12,Up to 90 min,,False,905c0c8514911849ae9a
6F150,IndiGo,HYD,MAA,2026-04-19 12:55:41,2026-04-19 16:53:41,False,238,HYD - MAA,2026-04-19,12,181 to 300 min,,False,1bbc24663c6bb056dcd4
AI083,Air India,DEL,BOM,2026-04-19 12:54:41,2026-04-19 13:37:41,False,43,DEL - BOM,2026-04-19,12,Up to 90 min,Short duration under 45 minutes,True,4e86eacf4693f17ff09b
SJ166,Spicejet,CCU,HYD,2026-04-19 12:51:41,2026-04-19 16:18:41,False,207,CCU - HYD,2026-04-19,12,181 to 300 min,,False,7aa941b4b95bfa0fbfdf
SJ027,Spicejet,BOM,MAA,2026-04-19 12:50:41,2026-04-19 17:13:41,False,263,BOM - MAA,2026-04-19,12,181 to 300 min,,False,8b57a13d98855fd1d2c6
6F134,IndiGo,BLR,MAA,2026-04-19 12:47:41,2026-04-19 14:06:41,False,79,BLR - MAA,2026-04-19,12,Up to 90 min,,False,0931b735fd1b9e6e12bf
UK225,Vistara,MAA,BLR,2026-04-19 12:46:41,2026-04-19 15:02:41,False,136,MAA - BLR,2026-04-19,12,91 to 180 min,,False,2b97b588a082ecbe27f4
SJ175,Spicejet,MAA,BLR,2026-04-19 12:46:41,2026-04-19 16:50:41,False,244,MAA - BLR,2026-04-19,12,181 to 300 min,,False,84ef3fcdba7bd2476f5b
AI182,Air India,HYD,DEL,2026-04-19 12:41:41,2026-04-19 17:14:41,False,273,HYD - DEL,2026-04-19,12,181 to 300 min,,False,cacd85d9b853804f919d
AI190,Air India,BOM,CCU,2026-04-19 12:38:41,2026-04-19 15:56:41,False,198,BOM - CCU,2026-04-19,12,181 to 300 min,,False,3599a198384e7d6a05c0
AI120,Air India,MAA,CCU,2026-04-19 12:12:41,2026-04-19 14:18:41,False,126,MAA - CCU,2026-04-19,12,91 to 180 min,,False,2d8cc8bee25a45accb22
6F132,IndiGo,MAA,BOM,2026-04-19 12:00:41,2026-04-19 13:00:42,False,60,MAA - BOM,2026-04-19,12,Up to 90 min,,False,d8284e7f8187cfa6f619
UK102,Vistara,HYD,CCU,2026-04-19 11:58:41,2026-04-19 14:01:41,False,123,HYD - CCU,2026-04-19,11,91 to 180 min,,False,378d17d472a62ec4a1cc
AI045,Air India,HYD,MAA,2026-04-19 11:58:41,2026-04-19 14:37:41,False,159,HYD - MAA,2026-04-19,11,91 to 180 min,,False,9a05075321d1cf31d7d5
UK136,Vistara,HYD,CCU,2026-04-19 11:43:41,2026-04-19 15:26:41,False,223,HYD - CCU,2026-04-19,11,181 to 300 min,,False,8f19eab005ceffebc61c
SJ238,Spicejet,MAA,BLR,2026-04-19 11:41:41,2026-04-19 15:39:41,False,238,MAA - BLR,2026-04-19,11,181 to 300 min,,False,70d13f940f11e17c7f74
AI193,Air India,MAA,HYD,2026-04-19 11:33:41,2026-04-19 16:07:41,False,274,MAA - HYD,2026-04-19,11,181 to 300 min,,False,50713045d6e7ff1b352c
6F001,IndiGo,HYD,BOM,2026-04-19 11:33:41,2026-04-19 13:08:41,False,95,HYD - BOM,2026-04-19,11,91 to 180 min,,False,1a25384490b2f796cf67
6F211,IndiGo,MAA,BLR,2026-04-19 11:29:41,2026-04-19 16:20:41,False,291,MAA - BLR,2026-04-19,11,181 to 300 min,,False,f4d82a58b7110d8b4bc6
SJ199,Spicejet,HYD,BOM,2026-04-19 11:29:41,2026-04-19 13:59:41,False,150,HYD - BOM,2026-04-19,11,91 to 180 min,,False,2863632145ac48507a1e
SJ050,Spicejet,HYD,CCU,2026-04-19 11:24:41,2026-04-19 12:03:41,False,39,HYD - CCU,2026-04-19,11,Up to 90 min,Short duration under 45 minutes,True,468c532ca7b32aca7fda
UK115,Vistara,BLR,BOM,2026-04-19 11:20:41,2026-04-19 13:20:42,False,120,BLR - BOM,2026-04-19,11,91 to 180 min,,False,93dc7bf40d996721875c
AI037,Air India,BOM,BLR,2026-04-19 11:14:41,2026-04-19 15:13:41,False,239,BOM - BLR,2026-04-19,11,181 to 300 min,,False,29ba59664c75d93934bd
6F235,IndiGo,HYD,MAA,2026-04-19 11:06:41,2026-04-19 13:51:41,False,165,HYD - MAA,2026-04-19,11,91 to 180 min,,False,1d5555fec8474a347106
UK111,Vistara,MAA,BLR,2026-04-19 11:06:41,2026-04-19 12:20:41,False,74,MAA - BLR,2026-04-19,11,Up to 90 min,,False,80e5e5f635e79de47cfa
6F005,IndiGo,BOM,MAA,2026-04-19 11:04:41,2026-04-19 15:27:41,False,263,BOM - MAA,2026-04-19,11,181 to 300 min,,False,34af94098be97f8bd940
AI198,Air India,CCU,MAA,2026-04-19 10:56:41,2026-04-19 14:19:41,False,203,CCU - MAA,2026-04-19,10,181 to 300 min,,False,0d349c53e721f5689946
UK184,Vistara,MAA,HYD,2026-04-19 10:49:41,2026-04-19 13:00:41,False,131,MAA - HYD,2026-04-19,10,91 to 180 min,,False,db31af779afc959fa43f
6F219,IndiGo,MAA,DEL,2026-04-19 10:32:41,2026-04-19 14:37:41,False,245,MAA - DEL,2026-04-19,10,181 to 300 min,,False,bd341f167eab4d084f5f
UK066,Vistara,BOM,CCU,2026-04-19 10:29:41,2026-04-19 12:07:41,False,98,BOM - CCU,2026-04-19,10,91 to 180 min,,False,cf882a76b69514e655df
6F220,IndiGo,HYD,BOM,2026-04-19 10:27:41,2026-04-19 11:25:41,False,58,HYD - BOM,2026-04-19,10,Up to 90 min,,False,96caaef3757790befcb3
AI180,Air India,BOM,CCU,2026-04-19 10:19:41,2026-04-19 11:00:41,False,41,BOM - CCU,2026-04-19,10,Up to 90 min,Short duration under 45 minutes,True,51cfa690942303f59294
6F098,IndiGo,BLR,MAA,2026-04-19 10:18:41,2026-04-19 12:49:41,False,151,BLR - MAA,2026-04-19,10,91 to 180 min,,False,0ca0ebe82f000929147d
AI141,Air India,BLR,DEL,2026-04-19 10:16:41,2026-04-19 14:53:41,False,277,BLR - DEL,2026-04-19,10,181 to 300 min,,False,379548982c7268bb5041
SJ170,Spicejet,BLR,BOM,2026-04-19 10:11:41,2026-04-19 11:56:41,False,105,BLR - BOM,2026-04-19,10,91 to 180 min,,False,32e73ce6c422234db10a
SJ178,Spicejet,BOM,HYD,2026-04-19 09:58:41,2026-04-19 12:27:41,False,149,BOM - HYD,2026-04-19,9,91 to 180 min,,False,120bf4708d93959bc0a0
6F172,IndiGo,BOM,BLR,2026-04-19 09:53:41,2026-04-19 14:46:41,False,293,BOM - BLR,2026-04-19,9,181 to 300 min,,False,7bbc4ccb9807d7888678
UK220,Vistara,BLR,BOM,2026-04-19 09:51:41,2026-04-19 13:25:41,False,214,BLR - BOM,2026-04-19,9,181 to 300 min,,False,b8a951924ce3b4079db7
SJ148,Spicejet,DEL,BLR,2026-04-19 09:51:41,2026-04-19 13:41:41,False,230,DEL - BLR,2026-04-19,9,181 to 300 min,,False,cc4a868233685a5c2851
UK065,Vistara,BOM,CCU,2026-04-19 09:38:41,2026-04-19 13:46:41,False,248,BOM - CCU,2026-04-19,9,181 to 300 min,,False,5b0eac244b530c45cf5c
6F243,IndiGo,BOM,HYD,2026-04-19 09:37:41,2026-04-19 10:33:41,False,56,BOM - HYD,2026-04-19,9,Up to 90 min,,False,6f328274011ffc81ff7f
SJ193,Spicejet,CCU,DEL,2026-04-19 09:37:41,2026-04-19 12:16:41,False,159,CCU - DEL,2026-04-19,9,91 to 180 min,,False,d9a77f3827360942e091
UK056,Vistara,HYD,MAA,2026-04-19 09:29:41,2026-04-19 10:15:41,False,46,HYD - MAA,2026-04-19,9,Up to 90 min,,False,73d34b98d4fdeada9af4
AI219,Air India,BLR,DEL,2026-04-19 09:28:41,2026-04-19 11:27:41,False,119,BLR - DEL,2026-04-19,9,91 to 180 min,,False,e267d063db2bc11b34f4
SJ073,Spicejet,CCU,BLR,2026-04-19 09:26:41,2026-04-19 11:14:41,False,108,CCU - BLR,2026-04-19,9,91 to 180 min,,False,0e714428a76add5c2741
6F052,IndiGo,BOM,CCU,2026-04-19 09:13:41,2026-04-19 12:02:41,False,169,BOM - CCU,2026-04-19,9,91 to 180 min,,False,dcfe2a629c750cf23bb9
SJ201,Spicejet,BLR,DEL,2026-04-19 09:10:41,2026-04-19 11:12:41,False,122,BLR - DEL,2026-04-19,9,91 to 180 min,,False,d0552f8fb38e925ef99b
UK028,Vistara,HYD,MAA,2026-04-19 09:02:41,2026-04-19 10:37:41,False,95,HYD - MAA,2026-04-19,9,91 to 180 min,,False,0d0fa10da98fb058a7ba
SJ119,Spicejet,BOM,CCU,2026-04-19 08:53:41,2026-04-19 11:29:41,False,156,BOM - CCU,2026-04-19,8,91 to 180 min,,False,fba9cdf58810e9b457df
AI165,Air India,DEL,CCU,2026-04-19 08:51:41,2026-04-19 10:31:41,False,100,DEL - CCU,2026-04-19,8,91 to 180 min,,False,63d6c665d59c62813e3c
AI255,Air India,MAA,CCU,2026-04-19 08:45:41,2026-04-19 13:12:41,False,267,MAA - CCU,2026-04-19,8,181 to 300 min,,False,b03c83e7cff1488dc12f
AI202,Air India,HYD,BLR,2026-04-19 08:44:41,2026-04-19 10:53:41,False,129,HYD - BLR,2026-04-19,8,91 to 180 min,,False,32b8b94d765b27836298
SJ039,Spicejet,MAA,BOM,2026-04-19 08:41:41,2026-04-19 12:08:41,False,207,MAA - BOM,2026-04-19,8,181 to 300 min,,False,3ff41204652c7d893d3e
SJ051,Spicejet,BOM,BLR,2026-04-19 08:40:41,2026-04-19 12:18:41,False,218,BOM - BLR,2026-04-19,8,181 to 300 min,,False,b634689a135c43d31f01
UK024,Vistara,MAA,BLR,2026-04-19 08:29:41,2026-04-19 13:29:41,False,300,MAA - BLR,2026-04-19,8,181 to 300 min,,False,b77e9c7735ad03bbdc90
SJ006,Spicejet,HYD,BLR,2026-04-19 08:25:41,2026-04-19 08:57:41,False,32,HYD - BLR,2026-04-19,8,Up to 90 min,Short duration under 45 minutes,True,adc7a901359c1127b565
AI207,Air India,BOM,MAA,2026-04-19 08:24:41,2026-04-19 11:23:41,False,179,BOM - MAA,2026-04-19,8,91 to 180 min,,False,a7d7bc0fd1ec4855a7c1
SJ168,Spicejet,CCU,BOM,2026-04-19 08:17:41,2026-04-19 12:29:41,False,252,CCU - BOM,2026-04-19,8,181 to 300 min,,False,19f6f8b31db349b0c32f
AI028,Air India,HYD,BOM,2026-04-19 07:53:41,2026-04-19 08:35:41,False,42,HYD - BOM,2026-04-19,7,Up to 90 min,Short duration under 45 minutes,True,7747014c1e8be89ca5c9
6F094,IndiGo,BLR,BOM,2026-04-19 07:37:41,2026-04-19 09:06:41,False,89,BLR - BOM,2026-04-19,7,Up to 90 min,,False,b2383bd7b4a3cef074f0
6F024,IndiGo,BOM,DEL,2026-04-19 07:31:41,2026-04-19 11:17:41,False,226,BOM - DEL,2026-04-19,7,181 to 300 min,,False,5b16617dd4af61a4e10f
6F061,IndiGo,MAA,BOM,2026-04-19 07:28:41,2026-04-19 08:09:41,False,41,MAA - BOM,2026-04-19,7,Up to 90 min,Short duration under 45 minutes,True,e427116b94232c8a72fd
AI032,Air India,MAA,BLR,2026-04-19 07:26:41,2026-04-19 09:26:42,False,120,MAA - BLR,2026-04-19,7,91 to 180 min,,False,efc4259e44f133e3d315
UK163,Vistara,DEL,HYD,2026-04-19 07:22:41,2026-04-19 09:04:41,False,102,DEL - HYD,2026-04-19,7,91 to 180 min,,False,032a6fe6f590e830edd8
SJ067,Spicejet,MAA,BLR,2026-04-19 07:17:41,2026-04-19 08:16:41,False,59,MAA - BLR,2026-04-19,7,Up to 90 min,,False,e75b6da7ff721bd5a142
SJ106,Spicejet,CCU,DEL,2026-04-19 07:16:41,2026-04-19 09:40:41,False,144,CCU - DEL,2026-04-19,7,91 to 180 min,,False,6473e24d6f7c2ee886a5
AI086,Air India,CCU,HYD,2026-04-19 07:13:41,2026-04-19 10:09:41,False,176,CCU - HYD,2026-04-19,7,91 to 180 min,,False,a3ed8350d08f30d46d36
6F263,IndiGo,DEL,HYD,2026-04-19 07:07:41,2026-04-19 08:30:41,False,83,DEL - HYD,2026-04-19,7,Up to 90 min,,False,12b58d92e44deb26b44b
6F163,IndiGo,MAA,BOM,2026-04-19 06:49:41,2026-04-19 10:46:41,False,237,MAA - BOM,2026-04-19,6,181 to 300 min,,False,eaeac09fb65fc98315e3
SJ064,Spicejet,CCU,DEL,2026-04-19 06:29:41,2026-04-19 08:43:41,False,134,CCU - DEL,2026-04-19,6,91 to 180 min,,False,9163154bf58a00b7fc45
UK118,Vistara,HYD,BLR,2026-04-19 06:22:41,2026-04-19 07:22:42,False,60,HYD - BLR,2026-04-19,6,Up to 90 min,,False,23da2fa003b719f754d5
UK022,Vistara,DEL,HYD,2026-04-19 06:22:41,2026-04-19 10:59:41,False,277,DEL - HYD,2026-04-19,6,181 to 300 min,,False,1ce867248287aa39352e
UK099,Vistara,BOM,MAA,2026-04-19 06:16:41,2026-04-19 10:24:41,False,248,BOM - MAA,2026-04-19,6,181 to 300 min,,False,e273ebe6ad845637ecc9
6F212,IndiGo,BLR,CCU,2026-04-19 06:10:41,2026-04-19 10:52:41,False,282,BLR - CCU,2026-04-19,6,181 to 300 min,,False,e5a88faa1d0626827106
AI023,Air India,HYD,BLR,2026-04-19 06:10:41,2026-04-19 09:35:41,False,205,HYD - BLR,2026-04-19,6,181 to 300 min,,False,9f56c9e1b3a51b42240d
SJ245,Spicejet,BOM,DEL,2026-04-19 06:07:41,2026-04-19 09:39:41,False,212,BOM - DEL,2026-04-19,6,181 to 300 min,,False,8f965cbc061e746ca3bb
6F066,IndiGo,BLR,HYD,2026-04-19 06:07:41,2026-04-19 07:43:41,False,96,BLR - HYD,2026-04-19,6,91 to 180 min,,False,3de1adfeb8641e80671d
AI138,Air India,DEL,CCU,2026-04-19 05:50:41,2026-04-19 06:40:41,False,50,DEL - CCU,2026-04-19,5,Up to 90 min,,False,f6095622c166f6ccec03
SJ021,Spicejet,HYD,BLR,2026-04-19 05:48:41,2026-04-19 09:46:41,False,238,HYD - BLR,2026-04-19,5,181 to 300 min,,False,b8bd20dbc989b83999a2
SJ136,Spicejet,HYD,BLR,2026-04-19 05:45:41,2026-04-19 08:04:41,False,139,HYD - BLR,2026-04-19,5,91 to 180 min,,False,9d96e3f0e7b058f27c79
AI148,Air India,HYD,MAA,2026-04-19 05:41:41,2026-04-19 08:32:41,False,171,HYD - MAA,2026-04-19,5,91 to 180 min,,False,0cdba553fa50442ff966
SJ014,Spicejet,BOM,HYD,2026-04-19 05:40:41,2026-04-19 06:39:41,False,59,BOM - HYD,2026-04-19,5,Up to 90 min,,False,a082b03cb1f96f61a817
6F104,IndiGo,CCU,BOM,2026-04-19 05:39:41,2026-04-19 06:14:41,False,35,CCU - BOM,2026-04-19,5,Up to 90 min,Short duration under 45 minutes,True,1d46cabc18885383266d
SJ121,Spicejet,CCU,DEL,2026-04-19 05:32:41,2026-04-19 06:47:41,False,75,CCU - DEL,2026-04-19,5,Up to 90 min,,False,5ec82b19eca7d37740ef
UK174,Vistara,CCU,DEL,2026-04-19 05:27:41,2026-04-19 07:47:41,False,140,CCU - DEL,2026-04-19,5,91 to 180 min,,False,cb96af5bfc5610fda31f
AI033,Air India,MAA,CCU,2026-04-19 05:25:41,2026-04-19 10:21:41,False,296,MAA - CCU,2026-04-19,5,181 to 300 min,,False,327ec94eff5897aaefbf
SJ122,Spicejet,CCU,BOM,2026-04-19 05:22:41,2026-04-19 10:09:41,False,287,CCU - BOM,2026-04-19,5,181 to 300 min,,False,859c5badc39b9b361c6b
UK095,Vistara,BOM,MAA,2026-04-19 05:22:41,2026-04-19 07:36:41,False,134,BOM - MAA,2026-04-19,5,91 to 180 min,,False,c035fdfa02a8aaf1ecd9
SJ026,Spicejet,CCU,MAA,2026-04-19 05:22:41,2026-04-19 09:40:41,False,258,CCU - MAA,2026-04-19,5,181 to 300 min,,False,6de488c419fc47a62ce6
6F221,IndiGo,MAA,DEL,2026-04-19 05:20:41,2026-04-19 08:52:41,False,212,MAA - DEL,2026-04-19,5,181 to 300 min,,False,0ba56e4d95bd5c95c239
SJ103,Spicejet,MAA,BLR,2026-04-19 05:16:41,2026-04-19 08:56:41,False,220,MAA - BLR,2026-04-19,5,181 to 300 min,,False,d2101f2eeb9332592ed6
SJ011,Spicejet,BOM,MAA,2026-04-19 05:14:41,2026-04-19 09:59:41,False,285,BOM - MAA,2026-04-19,5,181 to 300 min,,False,7dd7617604182b7b3657
AI002,Air India,HYD,BLR,2026-04-19 05:12:41,2026-04-19 07:12:41,False,120,HYD - BLR,2026-04-19,5,91 to 180 min,,False,54d15776e9b98d1d1c16
AI046,Air India,DEL,BOM,2026-04-19 05:09:41,2026-04-19 08:00:41,False,171,DEL - BOM,2026-04-19,5,91 to 180 min,,False,63e5118ae657f35d0190
SJ053,Spicejet,CCU,DEL,2026-04-19 05:00:41,2026-04-19 06:38:41,False,98,CCU - DEL,2026-04-19,5,91 to 180 min,,False,e4f5011df60b4cc26c37
AI236,Air India,DEL,BOM,2026-04-19 04:52:41,2026-04-19 09:11:41,False,259,DEL - BOM,2026-04-19,4,181 to 300 min,,False,c912e34f3179105f989d
AI254,Air India,CCU,HYD,2026-04-19 04:46:41,2026-04-19 08:06:41,False,200,CCU - HYD,2026-04-19,4,181 to 300 min,,False,2b812c76bf449356bf81
6F063,IndiGo,DEL,HYD,2026-04-19 04:42:41,2026-04-19 07:31:41,False,169,DEL - HYD,2026-04-19,4,91 to 180 min,,False,c008d02fbaeddef36ae1
6F115,IndiGo,MAA,BLR,2026-04-19 04:41:41,2026-04-19 06:23:41,False,102,MAA - BLR,2026-04-19,4,91 to 180 min,,False,348e0652013bc322fefc
UK070,Vistara,BOM,DEL,2026-04-19 04:36:41,2026-04-19 06:49:41,False,133,BOM - DEL,2026-04-19,4,91 to 180 min,,False,106ea016240234098617
SJ147,Spicejet,BLR,CCU,2026-04-19 04:30:41,2026-04-19 08:52:41,False,262,BLR - CCU,2026-04-19,4,181 to 300 min,,False,6f9492c6c80a9241800c
UK201,Vistara,HYD,BOM,2026-04-19 04:29:41,2026-04-19 06:42:41,False,133,HYD - BOM,2026-04-19,4,91 to 180 min,,False,fe3ee04088eb9a9121ec
SJ234,Spicejet,BLR,CCU,2026-04-19 04:20:41,2026-04-19 06:23:41,False,123,BLR - CCU,2026-04-19,4,91 to 180 min,,False,cd6488cc6ef5689f8469
AI176,Air India,BLR,DEL,2026-04-19 04:20:41,2026-04-19 06:25:41,False,125,BLR - DEL,2026-04-19,4,91 to 180 min,,False,14cd865c80fc9215aa69
SJ045,Spicejet,DEL,MAA,2026-04-19 04:16:41,2026-04-19 09:03:41,False,287,DEL - MAA,2026-04-19,4,181 to 300 min,,False,1f83d0a49acae5d587b4
SJ174,Spicejet,CCU,DEL,2026-04-19 04:09:41,2026-04-19 05:04:41,False,55,CCU - DEL,2026-04-19,4,Up to 90 min,,False,44f3e6fbe392b4c5e213
AI007,Air India,MAA,DEL,2026-04-19 04:01:41,2026-04-19 06:01:42,False,120,MAA - DEL,2026-04-19,4,91 to 180 min,,False,a9f82f19b36f187fd735
AI143,Air India,CCU,DEL,2026-04-19 03:58:41,2026-04-19 04:36:41,False,38,CCU - DEL,2026-04-19,3,Up to 90 min,Short duration under 45 minutes,True,185ee8b873ef03b1ebdd
SJ241,Spicejet,DEL,HYD,2026-04-19 03:57:41,2026-04-19 06:36:41,False,159,DEL - HYD,2026-04-19,3,91 to 180 min,,False,ddca2c5fbe3e45d1fd5c
AI020,Air India,BOM,BLR,2026-04-19 03:53:41,2026-04-19 06:21:41,False,148,BOM - BLR,2026-04-19,3,91 to 180 min,,False,72c9462eb9535c4af0f7
UK031,Vistara,CCU,DEL,2026-04-19 03:45:41,2026-04-19 07:20:41,False,215,CCU - DEL,2026-04-19,3,181 to 300 min,,False,aab59323a26b41bb23ce
AI013,Air India,HYD,BLR,2026-04-19 03:41:41,2026-04-19 04:58:41,False,77,HYD - BLR,2026-04-19,3,Up to 90 min,,False,7af7d04358d05407f078
AI249,Air India,BLR,HYD,2026-04-19 03:38:41,2026-04-19 06:27:41,False,169,BLR - HYD,2026-04-19,3,91 to 180 min,,False,29eed952103386774fd8
UK046,Vistara,CCU,DEL,2026-04-19 03:37:41,2026-04-19 06:05:41,False,148,CCU - DEL,2026-04-19,3,91 to 180 min,,False,cea5b893a565c5a0079b
UK168,Vistara,BLR,CCU,2026-04-19 03:20:41,2026-04-19 04:09:41,False,49,BLR - CCU,2026-04-19,3,Up to 90 min,,False,58bbba046e7b46d1e33a
AI022,Air India,BOM,MAA,2026-04-19 03:15:41,2026-04-19 05:10:41,False,115,BOM - MAA,2026-04-19,3,91 to 180 min,,False,53772e8bc79fe47c1fe9
UK218,Vistara,MAA,BLR,2026-04-19 03:12:41,2026-04-19 07:22:41,False,250,MAA - BLR,2026-04-19,3,181 to 300 min,,False,0a52648db9b52eab7dae
UK142,Vistara,BLR,DEL,2026-04-19 03:03:41,2026-04-19 07:13:41,False,250,BLR - DEL,2026-04-19,3,181 to 300 min,,False,70a29f66384fa4897268
6F067,IndiGo,MAA,BLR,2026-04-19 02:59:41,2026-04-19 06:02:41,False,183,MAA - BLR,2026-04-19,2,181 to 300 min,,False,3a80289096b7016a4bfa
SJ217,Spicejet,BOM,CCU,2026-04-19 02:57:41,2026-04-19 06:04:41,False,187,BOM - CCU,2026-04-19,2,181 to 300 min,,False,e420850bb47e71457f84
SJ143,Spicejet,DEL,BOM,2026-04-19 02:55:41,2026-04-19 03:52:41,False,57,DEL - BOM,2026-04-19,2,Up to 90 min,,False,6a66aa51f5de41efae32
AI243,Air India,BLR,BOM,2026-04-19 02:50:41,2026-04-19 05:09:41,False,139,BLR - BOM,2026-04-19,2,91 to 180 min,,False,979d3ea0b43bde004676
SJ246,Spicejet,BOM,DEL,2026-04-19 02:47:41,2026-04-19 03:47:42,False,60,BOM - DEL,2026-04-19,2,Up to 90 min,,False,30d83f7c7e12ee75d22e
6F170,IndiGo,HYD,DEL,2026-04-19 02:44:41,2026-04-19 04:14:41,False,90,HYD - DEL,2026-04-19,2,Up to 90 min,,False,c9f0fb53bad386dc0ca2
UK157,Vistara,CCU,BOM,2026-04-19 02:41:41,2026-04-19 03:41:42,False,60,CCU - BOM,2026-04-19,2,Up to 90 min,,False,e0c724e16434107c5583
UK172,Vistara,DEL,BOM,2026-04-19 02:20:41,2026-04-19 05:21:41,False,181,DEL - BOM,2026-04-19,2,181 to 300 min,,False,b64e15adb570a18521ac
SJ139,Spicejet,DEL,BLR,2026-04-19 02:20:41,2026-04-19 06:02:41,False,222,DEL - BLR,2026-04-19,2,181 to 300 min,,False,d922a7b533a248099644
UK085,Vistara,MAA,DEL,2026-04-19 02:15:41,2026-04-19 03:17:41,False,62,MAA - DEL,2026-04-19,2,Up to 90 min,,False,79e9968ab218583e34ea
6F079,IndiGo,MAA,HYD,2026-04-19 02:14:41,2026-04-19 06:18:41,False,244,MAA - HYD,2026-04-19,2,181 to 300 min,,False,9264b6ec29af6f0e7373
SJ032,Spicejet,MAA,BOM,2026-04-19 02:11:41,2026-04-19 04:33:41,False,142,MAA - BOM,2026-04-19,2,91 to 180 min,,False,bd26bab4cfd85d18f94a
6F182,IndiGo,BOM,CCU,2026-04-19 02:10:41,2026-04-19 04:18:41,False,128,BOM - CCU,2026-04-19,2,91 to 180 min,,False,b5a4dec6348b31248148
AI106,Air India,HYD,BLR,2026-04-19 02:07:41,2026-04-19 03:20:41,False,73,HYD - BLR,2026-04-19,2,Up to 90 min,,False,ad89dcdfa7eb63d3f304
AI200,Air India,HYD,MAA,2026-04-19 02:05:41,2026-04-19 05:29:41,False,204,HYD - MAA,2026-04-19,2,181 to 300 min,,False,4d2eb038d43ecb2a3c35
6F142,IndiGo,CCU,MAA,2026-04-19 02:05:41,2026-04-19 06:04:41,False,239,CCU - MAA,2026-04-19,2,181 to 300 min,,False,45452f8020851683b969
SJ079,Spicejet,HYD,DEL,2026-04-19 01:58:41,2026-04-19 05:02:41,False,184,HYD - DEL,2026-04-19,1,181 to 300 min,,False,bd222897f771448c3686
SJ082,Spicejet,BOM,DEL,2026-04-19 01:54:41,2026-04-19 02:33:41,False,39,BOM - DEL,2026-04-19,1,Up to 90 min,Short duration under 45 minutes,True,d9053353efae6112e321
SJ110,Spicejet,CCU,DEL,2026-04-19 01:47:41,2026-04-19 02:20:41,False,33,CCU - DEL,2026-04-19,1,Up to 90 min,Short duration under 45 minutes,True,db2a4b752f13dc8dc5c3
6F262,IndiGo,MAA,DEL,2026-04-19 01:44:41,2026-04-19 02:47:41,False,63,MAA - DEL,2026-04-19,1,Up to 90 min,,False,1141bba5318afa593df6
UK143,Vistara,BLR,BOM,2026-04-19 01:34:41,2026-04-19 02:48:41,False,74,BLR - BOM,2026-04-19,1,Up to 90 min,,False,0ade6dd49b38f27baa6b
6F269,IndiGo,HYD,MAA,2026-04-19 01:30:41,2026-04-19 02:52:41,False,82,HYD - MAA,2026-04-19,1,Up to 90 min,,False,f4d35d0882225aefca7d
6F214,IndiGo,BOM,CCU,2026-04-19 01:21:41,2026-04-19 05:20:41,False,239,BOM - CCU,2026-04-19,1,181 to 300 min,,False,1711c537f03b482af9ad
SJ213,Spicejet,BOM,CCU,2026-04-19 01:19:41,2026-04-19 04:48:41,False,209,BOM - CCU,2026-04-19,1,181 to 300 min,,False,aea12c854361bb3f31ca
SJ072,Spicejet,DEL,HYD,2026-04-19 01:18:41,2026-04-19 04:08:41,False,170,DEL - HYD,2026-04-19,1,91 to 180 min,,False,28d4dda71d22ca9f4049
6F059,IndiGo,BOM,DEL,2026-04-19 01:12:41,2026-04-19 06:02:41,False,290,BOM - DEL,2026-04-19,1,181 to 300 min,,False,41fe9e1c5b71b093b5a9
UK202,Vistara,DEL,HYD,2026-04-19 01:11:41,2026-04-19 05:37:41,False,266,DEL - HYD,2026-04-19,1,181 to 300 min,,False,e9e51e84057787b2a472
UK037,Vistara,BLR,BOM,2026-04-19 01:10:41,2026-04-19 05:12:41,False,242,BLR - BOM,2026-04-19,1,181 to 300 min,,False,f457134691f42257a640
UK069,Vistara,CCU,DEL,2026-04-19 01:10:41,2026-04-19 03:23:41,False,133,CCU - DEL,2026-04-19,1,91 to 180 min,,False,2ebe24307c5ba08c1680
SJ118,Spicejet,DEL,BOM,2026-04-19 01:08:41,2026-04-19 02:33:41,False,85,DEL - BOM,2026-04-19,1,Up to 90 min,,False,4bb8472e56e8b15934fa
6F145,IndiGo,CCU,DEL,2026-04-19 01:02:41,2026-04-19 02:18:41,False,76,CCU - DEL,2026-04-19,1,Up to 90 min,,False,c084ca1f4df40733ae54
UK097,Vistara,HYD,BOM,2026-04-19 00:49:41,2026-04-19 05:00:41,False,251,HYD - BOM,2026-04-19,0,181 to 300 min,,False,3244535543e0ff53cb0a
6F117,IndiGo,CCU,DEL,2026-04-19 00:46:41,2026-04-19 01:51:41,False,65,CCU - DEL,2026-04-19,0,Up to 90 min,,False,9701fee86d2bf049a5d5
6F226,IndiGo,DEL,BOM,2026-04-19 00:38:41,2026-04-19 02:55:41,False,137,DEL - BOM,2026-04-19,0,91 to 180 min,,False,6e72c00b15b735736745
6F050,IndiGo,DEL,BOM,2026-04-19 00:35:41,2026-04-19 04:32:41,False,237,DEL - BOM,2026-04-19,0,181 to 300 min,,False,efb9908a575ae399a1d2
UK196,Vistara,BOM,HYD,2026-04-19 00:32:41,2026-04-19 04:49:41,False,257,BOM - HYD,2026-04-19,0,181 to 300 min,,False,93c67f52180e739ef280
SJ086,Spicejet,CCU,DEL,2026-04-19 00:32:41,2026-04-19 04:17:41,False,225,CCU - DEL,2026-04-19,0,181 to 300 min,,False,4613669a4d46ac6be904
AI134,Air India,HYD,BOM,2026-04-19 00:28:41,2026-04-19 04:23:41,False,235,HYD - BOM,2026-04-19,0,181 to 300 min,,False,929d560c048fda70c9f6
AI043,Air India,CCU,DEL,2026-04-19 00:28:41,2026-04-19 04:37:41,False,249,CCU - DEL,2026-04-19,0,181 to 300 min,,False,68ef47da4e4d02062f2b
UK119,Vistara,BOM,CCU,2026-04-19 00:21:41,2026-04-19 04:38:41,False,257,BOM - CCU,2026-04-19,0,181 to 300 min,,False,7c48175f883813df51c3
SJ181,Spicejet,BOM,BLR,2026-04-19 00:20:41,2026-04-19 01:49:41,False,89,BOM - BLR,2026-04-19,0,Up to 90 min,,False,84b4afb1cf123c2421fd
AI070,Air India,CCU,DEL,2026-04-19 00:05:41,2026-04-19 01:44:41,False,99,CCU - DEL,2026-04-19,0,91 to 180 min,,False,f269dc2630f9a805164c
6F233,IndiGo,BLR,BOM,2026-04-18 23:56:41,2026-04-19 03:53:41,False,237,BLR - BOM,2026-04-18,23,181 to 300 min,,False,545f9c64489c93259ca1
UK013,Vistara,BOM,MAA,2026-04-18 23:52:41,2026-04-19 02:52:41,False,180,BOM - MAA,2026-04-18,23,91 to 180 min,,False,0e793ffc070ae01e6ddd
6F015,IndiGo,BOM,CCU,2026-04-18 23:39:41,2026-04-19 02:27:41,False,168,BOM - CCU,2026-04-18,23,91 to 180 min,,False,f8785982dbed496542ac
SJ247,Spicejet,DEL,BOM,2026-04-18 23:38:41,2026-04-19 03:43:41,False,245,DEL - BOM,2026-04-18,23,181 to 300 min,,False,bf698df5a3d6a585842d
AI067,Air India,HYD,DEL,2026-04-18 23:36:41,2026-04-19 03:09:41,False,213,HYD - DEL,2026-04-18,23,181 to 300 min,,False,7e254032b557fcc73d53
AI211,Air India,DEL,CCU,2026-04-18 23:34:41,2026-04-19 01:21:41,False,107,DEL - CCU,2026-04-18,23,91 to 180 min,,False,3fd402adc298c16ff24c
UK029,Vistara,DEL,BOM,2026-04-18 23:26:41,2026-04-19 02:15:41,False,169,DEL - BOM,2026-04-18,23,91 to 180 min,,False,b04b409506860907f200
SJ200,Spicejet,BOM,DEL,2026-04-18 23:24:41,2026-04-19 02:11:41,False,167,BOM - DEL,2026-04-18,23,91 to 180 min,,False,6e7fe44d78199b8fa0cd
6F087,IndiGo,DEL,HYD,2026-04-18 23:24:41,2026-04-19 03:10:41,False,226,DEL - HYD,2026-04-18,23,181 to 300 min,,False,7f38c3baef7818e6798c
SJ210,Spicejet,HYD,CCU,2026-04-18 23:21:41,2026-04-19 02:54:41,False,213,HYD - CCU,2026-04-18,23,181 to 300 min,,False,8e71af05ee87e9d3ce37
AI101,Air India,DEL,BLR,2026-04-18 23:20:41,2026-04-19 02:23:41,False,183,DEL - BLR,2026-04-18,23,181 to 300 min,,False,b8d61bc98c6dafb421ab
UK075,Vistara,MAA,CCU,2026-04-18 23:15:41,2026-04-19 03:54:41,False,279,MAA - CCU,2026-04-18,23,181 to 300 min,,False,3b0b2a1b898b13ce856b
SJ091,Spicejet,BLR,CCU,2026-04-18 23:10:41,2026-04-19 00:47:41,False,97,BLR - CCU,2026-04-18,23,91 to 180 min,,False,480c966c1461abf8cdff
AI251,Air India,MAA,DEL,2026-04-18 22:40:41,2026-04-18 23:24:41,False,44,MAA - DEL,2026-04-18,22,Up to 90 min,Short duration under 45 minutes,True,c30ac9ed30ebb2fbcbf4
SJ042,Spicejet,HYD,CCU,2026-04-18 22:38:41,2026-04-19 02:20:41,False,222,HYD - CCU,2026-04-18,22,181 to 300 min,,False,add86a9c4fcd488ddd13
UK126,Vistara,CCU,DEL,2026-04-18 22:37:41,2026-04-19 00:03:41,False,86,CCU - DEL,2026-04-18,22,Up to 90 min,,False,9c19eedf012762711e49
6F042,IndiGo,HYD,DEL,2026-04-18 22:35:41,2026-04-19 02:41:41,False,246,HYD - DEL,2026-04-18,22,181 to 300 min,,False,a34683bcf65a58dff274
AI116,Air India,CCU,BOM,2026-04-18 22:30:41,2026-04-19 01:57:41,False,207,CCU - BOM,2026-04-18,22,181 to 300 min,,False,7ef2cf09bba6abac2d6b
SJ209,Spicejet,BLR,BOM,2026-04-18 22:22:41,2026-04-19 02:03:41,False,221,BLR - BOM,2026-04-18,22,181 to 300 min,,False,020d58005f62e9d2fa93
AI123,Air India,MAA,BOM,2026-04-18 22:19:41,2026-04-19 00:45:41,False,146,MAA - BOM,2026-04-18,22,91 to 180 min,,False,ad97d28b8d7a10444020
6F016,IndiGo,HYD,BOM,2026-04-18 22:18:41,2026-04-18 22:54:41,False,36,HYD - BOM,2026-04-18,22,Up to 90 min,Short duration under 45 minutes,True,eb63d5a8a5b52def9f40
UK012,Vistara,MAA,BOM,2026-04-18 22:16:41,2026-04-19 00:25:41,False,129,MAA - BOM,2026-04-18,22,91 to 180 min,,False,de6c8740d6c3c10c00d6
SJ188,Spicejet,BLR,BOM,2026-04-18 22:15:41,2026-04-18 22:55:41,False,40,BLR - BOM,2026-04-18,22,Up to 90 min,Short duration under 45 minutes,True,f945b8c0cd1af1e369a2
UK096,Vistara,BLR,HYD,2026-04-18 22:11:41,2026-04-19 00:06:41,False,115,BLR - HYD,2026-04-18,22,91 to 180 min,,False,f3efce6ddb76c44b99e2
SJ046,Spicejet,BOM,MAA,2026-04-18 22:01:41,2026-04-19 01:25:41,False,204,BOM - MAA,2026-04-18,22,181 to 300 min,,False,c8ce3e37664c875e39ac
UK081,Vistara,BLR,DEL,2026-04-18 22:00:41,2026-04-18 23:00:41,False,60,BLR - DEL,2026-04-18,22,Up to 90 min,,False,e0c6f3461aaf428671cd
UK191,Vistara,MAA,BLR,2026-04-18 21:51:41,2026-04-18 22:57:41,False,66,MAA - BLR,2026-04-18,21,Up to 90 min,,False,45106b65916111758044
6F064,IndiGo,CCU,DEL,2026-04-18 21:45:41,2026-04-18 22:50:41,False,65,CCU - DEL,2026-04-18,21,Up to 90 min,,False,6f563b0b4e95dd2daa03
AI005,Air India,DEL,CCU,2026-04-18 21:24:41,2026-04-18 22:11:41,False,47,DEL - CCU,2026-04-18,21,Up to 90 min,,False,fed77f26677ae7ad020c
6F021,IndiGo,BLR,MAA,2026-04-18 21:23:41,2026-04-19 01:25:41,False,242,BLR - MAA,2026-04-18,21,181 to 300 min,,False,99dc18a3491637212e3a
AI169,Air India,CCU,DEL,2026-04-18 21:21:41,2026-04-19 01:34:41,False,253,CCU - DEL,2026-04-18,21,181 to 300 min,,False,411e717078dd40e5783e
UK035,Vistara,HYD,BOM,2026-04-18 21:08:41,2026-04-18 22:24:41,False,76,HYD - BOM,2026-04-18,21,Up to 90 min,,False,ac2e49912cbb9385f9a0
AI040,Air India,HYD,BLR,2026-04-18 21:01:41,2026-04-18 22:42:41,False,101,HYD - BLR,2026-04-18,21,91 to 180 min,,False,f486b676a47758e9066b
UK042,Vistara,MAA,BOM,2026-04-18 20:59:41,2026-04-19 01:38:41,False,279,MAA - BOM,2026-04-18,20,181 to 300 min,,False,f78025efb942fa437b17
SJ171,Spicejet,DEL,HYD,2026-04-18 20:52:41,2026-04-18 23:52:41,False,180,DEL - HYD,2026-04-18,20,91 to 180 min,,False,4e948bbe6fb44cd155ce
AI250,Air India,BOM,CCU,2026-04-18 20:48:41,2026-04-19 00:12:41,False,204,BOM - CCU,2026-04-18,20,181 to 300 min,,False,cc37d69310c11ac0077f
SJ195,Spicejet,BOM,CCU,2026-04-18 20:41:41,2026-04-18 23:54:41,False,193,BOM - CCU,2026-04-18,20,181 to 300 min,,False,a41bdcc5ea6ca82bbc1c
UK211,Vistara,MAA,CCU,2026-04-18 20:39:41,2026-04-18 22:02:41,False,83,MAA - CCU,2026-04-18,20,Up to 90 min,,False,99c9448ad5804e80d965
UK122,Vistara,HYD,CCU,2026-04-18 20:29:42,2026-04-18 23:29:42,False,180,HYD - CCU,2026-04-18,20,91 to 180 min,,False,97a8f3e0181e8b3de667
AI136,Air India,BLR,DEL,2026-04-18 20:29:41,2026-04-18 23:48:41,False,199,BLR - DEL,2026-04-18,20,181 to 300 min,,False,3cf08f2970ea009966f0
6F141,IndiGo,BOM,CCU,2026-04-18 20:26:41,2026-04-18 22:28:41,False,122,BOM - CCU,2026-04-18,20,91 to 180 min,,False,f91fdd9919cba68ce4ed
6F053,IndiGo,DEL,HYD,2026-04-18 20:26:41,2026-04-19 00:39:41,False,253,DEL - HYD,2026-04-18,20,181 to 300 min,,False,3e663520288487cba3f1
6F136,IndiGo,CCU,DEL,2026-04-18 20:24:41,2026-04-18 21:01:41,False,37,CCU - DEL,2026-04-18,20,Up to 90 min,Short duration under 45 minutes,True,c80f2ce6b574801017d8
6F009,IndiGo,BLR,CCU,2026-04-18 20:21:41,2026-04-18 23:36:41,False,195,BLR - CCU,2026-04-18,20,181 to 300 min,,False,a6c981bc0b7faf3c5fd3
6F023,IndiGo,MAA,BLR,2026-04-18 20:18:41,2026-04-19 00:14:41,False,236,MAA - BLR,2026-04-18,20,181 to 300 min,,False,b346b5116f076c0502ef
UK006,Vistara,MAA,CCU,2026-04-18 20:16:41,2026-04-18 21:55:41,False,99,MAA - CCU,2026-04-18,20,91 to 180 min,,False,5602bd10ffbef0d8cf4e
SJ165,Spicejet,CCU,BOM,2026-04-18 20:08:41,2026-04-18 23:18:41,False,190,CCU - BOM,2026-04-18,20,181 to 300 min,,False,6a4ef0245c4fb79dbace
6F189,IndiGo,MAA,BLR,2026-04-18 20:08:41,2026-04-18 21:51:41,False,103,MAA - BLR,2026-04-18,20,91 to 180 min,,False,802aef1b321beeca6294
AI131,Air India,MAA,BOM,2026-04-18 19:55:41,2026-04-18 22:35:41,False,160,MAA - BOM,2026-04-18,19,91 to 180 min,,False,4fcdbef8a56f43cd5d69
6F004,IndiGo,BOM,CCU,2026-04-18 19:53:41,2026-04-18 23:33:41,False,220,BOM - CCU,2026-04-18,19,181 to 300 min,,False,0e49c8777302c44c5d5b
AI027,Air India,BOM,MAA,2026-04-18 19:41:41,2026-04-18 23:23:41,False,222,BOM - MAA,2026-04-18,19,181 to 300 min,,False,797776396f1d45017cc5
AI238,Air India,CCU,MAA,2026-04-18 19:25:41,2026-04-19 00:07:41,False,282,CCU - MAA,2026-04-18,19,181 to 300 min,,False,ad5a967437ddc554cd35
SJ105,Spicejet,BOM,HYD,2026-04-18 19:22:41,2026-04-18 22:48:41,False,206,BOM - HYD,2026-04-18,19,181 to 300 min,,False,e809b783045be3bcd7db
UK088,Vistara,MAA,BLR,2026-04-18 19:16:41,2026-04-18 23:36:41,False,260,MAA - BLR,2026-04-18,19,181 to 300 min,,False,5e6efe20e9b90d030441
6F035,IndiGo,CCU,HYD,2026-04-18 19:16:41,2026-04-18 23:40:41,False,264,CCU - HYD,2026-04-18,19,181 to 300 min,,False,b250c3a63568fe7fb75f
AI133,Air India,DEL,CCU,2026-04-18 19:12:41,2026-04-18 21:32:41,False,140,DEL - CCU,2026-04-18,19,91 to 180 min,,False,9ddf928564051d7feb26
AI001,Air India,DEL,HYD,2026-04-18 19:00:41,2026-04-18 22:03:41,False,183,DEL - HYD,2026-04-18,19,181 to 300 min,,False,17b89b60c000b713ceed
SJ133,Spicejet,BOM,CCU,2026-04-18 18:50:41,2026-04-18 21:29:41,False,159,BOM - CCU,2026-04-18,18,91 to 180 min,,False,25971f51e8469fbf7221
SJ216,Spicejet,BOM,CCU,2026-04-18 18:35:41,2026-04-18 21:31:41,False,176,BOM - CCU,2026-04-18,18,91 to 180 min,,False,1497937d352c42c447bc
SJ225,Spicejet,DEL,HYD,2026-04-18 18:16:41,2026-04-18 20:53:41,False,157,DEL - HYD,2026-04-18,18,91 to 180 min,,False,e3d01b13082c3f92dc50
AI147,Air India,HYD,CCU,2026-04-18 18:14:41,2026-04-18 20:10:41,False,116,HYD - CCU,2026-04-18,18,91 to 180 min,,False,f9193ed7c10ad669bbfb
SJ054,Spicejet,MAA,BLR,2026-04-18 18:13:41,2026-04-18 22:46:41,False,273,MAA - BLR,2026-04-18,18,181 to 300 min,,False,5ca8c9f5c1c86bd158a0
6F197,IndiGo,BOM,BLR,2026-04-18 17:59:41,2026-04-18 22:44:41,False,285,BOM - BLR,2026-04-18,17,181 to 300 min,,False,217b2bb50fd3b4f867d2
SJ066,Spicejet,HYD,CCU,2026-04-18 17:47:41,2026-04-18 19:03:41,False,76,HYD - CCU,2026-04-18,17,Up to 90 min,,False,52bdf2429fd750613f67
SJ183,Spicejet,CCU,DEL,2026-04-18 17:44:41,2026-04-18 19:40:41,False,116,CCU - DEL,2026-04-18,17,91 to 180 min,,False,c8ba0bf3ee42908f00c5
SJ151,Spicejet,BOM,CCU,2026-04-18 17:44:41,2026-04-18 19:16:41,False,92,BOM - CCU,2026-04-18,17,91 to 180 min,,False,9fddf39ed14f007a2162
SJ071,Spicejet,CCU,MAA,2026-04-18 17:43:41,2026-04-18 19:32:41,False,109,CCU - MAA,2026-04-18,17,91 to 180 min,,False,242c1d2ee6ade6a46e75
SJ102,Spicejet,MAA,CCU,2026-04-18 17:26:41,2026-04-18 18:58:41,False,92,MAA - CCU,2026-04-18,17,91 to 180 min,,False,620e99b401e28c1c209c
AI209,Air India,BLR,CCU,2026-04-18 17:25:41,2026-04-18 18:37:41,False,72,BLR - CCU,2026-04-18,17,Up to 90 min,,False,abed22ccb9818a547d70
6F111,IndiGo,HYD,DEL,2026-04-18 17:09:41,2026-04-18 20:02:41,False,173,HYD - DEL,2026-04-18,17,91 to 180 min,,False,80308d71271d6e88c659
AI050,Air India,BLR,BOM,2026-04-18 17:07:41,2026-04-18 19:42:41,False,155,BLR - BOM,2026-04-18,17,91 to 180 min,,False,d7f57f1e521ec6b3f016
SJ189,Spicejet,HYD,BLR,2026-04-18 17:05:41,2026-04-18 22:01:41,False,296,HYD - BLR,2026-04-18,17,181 to 300 min,,False,d29d95ccdda556921d2a
UK112,Vistara,CCU,DEL,2026-04-18 17:05:41,2026-04-18 19:47:41,False,162,CCU - DEL,2026-04-18,17,91 to 180 min,,False,822cc8546dcf44bd99e0
6F171,IndiGo,DEL,BLR,2026-04-18 17:03:41,2026-04-18 18:12:41,False,69,DEL - BLR,2026-04-18,17,Up to 90 min,,False,b979212478e2bb2029ef
AI011,Air India,CCU,BOM,2026-04-18 16:58:41,2026-04-18 21:01:41,False,243,CCU - BOM,2026-04-18,16,181 to 300 min,,False,74e1ccf29569d3e63d92
6F027,IndiGo,BLR,DEL,2026-04-18 16:52:41,2026-04-18 18:21:41,False,89,BLR - DEL,2026-04-18,16,Up to 90 min,,False,29b13a14dd782a4dac32
UK082,Vistara,DEL,BOM,2026-04-18 16:50:41,2026-04-18 21:21:41,False,271,DEL - BOM,2026-04-18,16,181 to 300 min,,False,a5c16c0e1e64ce019301
UK138,Vistara,DEL,BLR,2026-04-18 16:47:41,2026-04-18 19:36:41,False,169,DEL - BLR,2026-04-18,16,91 to 180 min,,False,3950241c53c04c1931eb
UK198,Vistara,DEL,BLR,2026-04-18 16:43:41,2026-04-18 18:18:41,False,95,DEL - BLR,2026-04-18,16,91 to 180 min,,False,91cdbf788f1639869a2f
6F039,IndiGo,MAA,CCU,2026-04-18 16:43:41,2026-04-18 21:01:41,False,258,MAA - CCU,2026-04-18,16,181 to 300 min,,False,b9180dd0993cab2f092c
6F157,IndiGo,MAA,CCU,2026-04-18 16:37:41,2026-04-18 18:04:41,False,87,MAA - CCU,2026-04-18,16,Up to 90 min,,False,6c798adafe65bf0f348d
SJ024,Spicejet,DEL,MAA,2026-04-18 16:29:41,2026-04-18 20:21:41,False,232,DEL - MAA,2026-04-18,16,181 to 300 min,,False,1301e02ae09f3f5fb60a
6F167,IndiGo,BLR,BOM,2026-04-18 16:26:41,2026-04-18 17:50:41,False,84,BLR - BOM,2026-04-18,16,Up to 90 min,,False,79ac72f45170e22d2f95
AI197,Air India,BOM,CCU,2026-04-18 16:25:41,2026-04-18 20:00:41,False,215,BOM - CCU,2026-04-18,16,181 to 300 min,,False,6b7f0caccf99bf85ef91
SJ211,Spicejet,MAA,BOM,2026-04-18 16:22:41,2026-04-18 18:34:41,False,132,MAA - BOM,2026-04-18,16,91 to 180 min,,False,3cbf8ab3865c650de52a
6F055,IndiGo,DEL,CCU,2026-04-18 16:21:41,2026-04-18 18:49:41,False,148,DEL - CCU,2026-04-18,16,91 to 180 min,,False,65513ef69bbe2f924125
AI253,Air India,BLR,BOM,2026-04-18 16:13:41,2026-04-18 19:51:41,False,218,BLR - BOM,2026-04-18,16,181 to 300 min,,False,5866710e8dfa8081ff84
UK060,Vistara,BLR,CCU,2026-04-18 16:09:41,2026-04-18 19:42:41,False,213,BLR - CCU,2026-04-18,16,181 to 300 min,,False,4a5e41f3ff94dfcf5486
6F257,IndiGo,MAA,CCU,2026-04-18 16:04:41,2026-04-18 19:55:41,False,231,MAA - CCU,2026-04-18,16,181 to 300 min,,False,abfead90c418ff2f73cc
SJ135,Spicejet,MAA,CCU,2026-04-18 16:03:41,2026-04-18 19:48:41,False,225,MAA - CCU,2026-04-18,16,181 to 300 min,,False,b791c769f7f1a48f8d4a
AI247,Air India,BOM,CCU,2026-04-18 15:58:41,2026-04-18 19:02:41,False,184,BOM - CCU,2026-04-18,15,181 to 300 min,,False,f8a5f5b21ca5519002f9
UK127,Vistara,BOM,HYD,2026-04-18 15:56:41,2026-04-18 20:00:41,False,244,BOM - HYD,2026-04-18,15,181 to 300 min,,False,739a166360fdbb16bafd
AI109,Air India,BLR,BOM,2026-04-18 15:53:41,2026-04-18 20:14:41,False,261,BLR - BOM,2026-04-18,15,181 to 300 min,,False,00a6cd77bf9ad6118d97
AI057,Air India,BOM,CCU,2026-04-18 15:53:41,2026-04-18 19:22:41,False,209,BOM - CCU,2026-04-18,15,181 to 300 min,,False,15e97234efeba2317211
6F103,IndiGo,CCU,MAA,2026-04-18 15:37:41,2026-04-18 18:32:41,False,175,CCU - MAA,2026-04-18,15,91 to 180 min,,False,03762b7893ae9ebb12b3
SJ144,Spicejet,BLR,BOM,2026-04-18 15:35:41,2026-04-18 19:12:41,False,217,BLR - BOM,2026-04-18,15,181 to 300 min,,False,ac6304867f5e1fa8d39d
6F076,IndiGo,CCU,HYD,2026-04-18 15:35:41,2026-04-18 16:20:41,False,45,CCU - HYD,2026-04-18,15,Up to 90 min,,False,eeecc4a870bb1399c822
6F240,IndiGo,DEL,HYD,2026-04-18 15:31:41,2026-04-18 19:56:41,False,265,DEL - HYD,2026-04-18,15,181 to 300 min,,False,3cebae9dd0b881fe28de
UK057,Vistara,CCU,DEL,2026-04-18 15:25:41,2026-04-18 20:04:41,False,279,CCU - DEL,2026-04-18,15,181 to 300 min,,False,bb197d7c62158c50624c
AI201,Air India,BLR,CCU,2026-04-18 15:19:41,2026-04-18 16:40:41,False,81,BLR - CCU,2026-04-18,15,Up to 90 min,,False,f2b1890dd47b5ce51480
SJ242,Spicejet,BLR,HYD,2026-04-18 14:55:41,2026-04-18 17:42:41,False,167,BLR - HYD,2026-04-18,14,91 to 180 min,,False,a54839d3fc897cf4b005
6F037,IndiGo,BOM,MAA,2026-04-18 14:51:41,2026-04-18 17:23:41,False,152,BOM - MAA,2026-04-18,14,91 to 180 min,,False,6fc68a72a0cae7b99686
SJ132,Spicejet,MAA,DEL,2026-04-18 14:44:41,2026-04-18 15:36:41,False,52,MAA - DEL,2026-04-18,14,Up to 90 min,,False,ace6917df46a39330e6b
AI055,Air India,CCU,BOM,2026-04-18 14:39:41,2026-04-18 16:18:41,False,99,CCU - BOM,2026-04-18,14,91 to 180 min,,False,6373845413148eff1b58
6F252,IndiGo,MAA,BLR,2026-04-18 14:25:41,2026-04-18 18:52:41,False,267,MAA - BLR,2026-04-18,14,181 to 300 min,,False,e46c3480fd89836b5d8d
AI183,Air India,DEL,CCU,2026-04-18 14:24:41,2026-04-18 16:06:41,False,102,DEL - CCU,2026-04-18,14,91 to 180 min,,False,4c1fdf4bc8e7f73fdef6
SJ125,Spicejet,DEL,BLR,2026-04-18 14:21:41,2026-04-18 16:55:41,False,154,DEL - BLR,2026-04-18,14,91 to 180 min,,False,fab2ebb6b2a7f0cc63c0
SJ087,Spicejet,BOM,DEL,2026-04-18 14:20:41,2026-04-18 19:09:41,False,289,BOM - DEL,2026-04-18,14,181 to 300 min,,False,ae30f7b2572f86deae37
UK182,Vistara,HYD,CCU,2026-04-18 14:19:41,2026-04-18 18:25:41,False,246,HYD - CCU,2026-04-18,14,181 to 300 min,,False,7ff61eadcc3056f11829
AI016,Air India,BOM,CCU,2026-04-18 14:15:41,2026-04-18 18:38:41,False,263,BOM - CCU,2026-04-18,14,181 to 300 min,,False,3aabd5980e592ae038bd
6F107,IndiGo,CCU,BLR,2026-04-18 14:14:41,2026-04-18 17:14:42,False,180,CCU - BLR,2026-04-18,14,91 to 180 min,,False,de4a28a04bd1294e9de5
AI026,Air India,DEL,BOM,2026-04-18 14:14:41,2026-04-18 15:13:41,False,59,DEL - BOM,2026-04-18,14,Up to 90 min,,False,3cd58ff04283029e1f10
AI177,Air India,CCU,HYD,2026-04-18 14:11:41,2026-04-18 16:26:41,False,135,CCU - HYD,2026-04-18,14,91 to 180 min,,False,fd5a318afa1c12ccc14f
AI041,Air India,BOM,BLR,2026-04-18 14:08:41,2026-04-18 15:59:41,False,111,BOM - BLR,2026-04-18,14,91 to 180 min,,False,0b3070333951152dc5ab
6F264,IndiGo,DEL,HYD,2026-04-18 14:03:41,2026-04-18 18:23:41,False,260,DEL - HYD,2026-04-18,14,181 to 300 min,,False,5eeecc6fc2e22be73b39
6F222,IndiGo,HYD,MAA,2026-04-18 14:01:41,2026-04-18 16:11:41,False,130,HYD - MAA,2026-04-18,14,91 to 180 min,,False,d27140ae78adf5738167
AI004,Air India,HYD,MAA,2026-04-18 13:58:41,2026-04-18 18:12:41,False,254,HYD - MAA,2026-04-18,13,181 to 300 min,,False,c43c1b61d0397ff4f80b
SJ126,Spicejet,DEL,BLR,2026-04-18 13:47:41,2026-04-18 16:31:41,False,164,DEL - BLR,2026-04-18,13,91 to 180 min,,False,51a20fc81b01aaaa2917
SJ220,Spicejet,BOM,CCU,2026-04-18 13:45:41,2026-04-18 15:21:41,False,96,BOM - CCU,2026-04-18,13,91 to 180 min,,False,df4ed7c1786e271dddfa
AI204,Air India,CCU,MAA,2026-04-18 13:40:41,2026-04-18 18:38:41,False,298,CCU - MAA,2026-04-18,13,181 to 300 min,,False,3694b7597e90f9e95349
UK098,Vistara,CCU,DEL,2026-04-18 13:38:41,2026-04-18 17:54:41,False,256,CCU - DEL,2026-04-18,13,181 to 300 min,,False,c4db259d4da3f7e02bf5
AI090,Air India,MAA,CCU,2026-04-18 13:37:41,2026-04-18 16:11:41,False,154,MAA - CCU,2026-04-18,13,91 to 180 min,,False,fb8083125ab5066b455f
AI092,Air India,CCU,BOM,2026-04-18 13:36:41,2026-04-18 16:20:41,False,164,CCU - BOM,2026-04-18,13,91 to 180 min,,False,62de19fba2cceae3e700
AI049,Air India,CCU,MAA,2026-04-18 13:35:41,2026-04-18 15:48:41,False,133,CCU - MAA,2026-04-18,13,91 to 180 min,,False,ea4fa06cf71a8f06a297
UK117,Vistara,BLR,BOM,2026-04-18 13:17:41,2026-04-18 16:54:41,False,217,BLR - BOM,2026-04-18,13,181 to 300 min,,False,2e7e4aacebe34a11d492
6F227,IndiGo,MAA,BOM,2026-04-18 13:16:41,2026-04-18 17:41:41,False,265,MAA - BOM,2026-04-18,13,181 to 300 min,,False,872c7a5770503919d752
AI228,Air India,BLR,BOM,2026-04-18 13:16:41,2026-04-18 17:44:41,False,268,BLR - BOM,2026-04-18,13,181 to 300 min,,False,9fc475aacca92bc613da
SJ164,Spicejet,CCU,MAA,2026-04-18 13:14:41,2026-04-18 15:14:42,False,120,CCU - MAA,2026-04-18,13,91 to 180 min,,False,8fa2998a7c5dc10ab3d6
AI018,Air India,BOM,CCU,2026-04-18 13:12:41,2026-04-18 18:04:41,False,292,BOM - CCU,2026-04-18,13,181 to 300 min,,False,227853af4c37d1e3ba8a
UK192,Vistara,HYD,DEL,2026-04-18 12:54:41,2026-04-18 13:54:42,False,60,HYD - DEL,2026-04-18,12,Up to 90 min,,False,b4c128e23bccdc321225
SJ224,Spicejet,DEL,MAA,2026-04-18 12:41:41,2026-04-18 15:33:41,False,172,DEL - MAA,2026-04-18,12,91 to 180 min,,False,684a5d03b162aaa1396b
UK050,Vistara,BOM,DEL,2026-04-18 12:39:41,2026-04-18 13:18:41,False,39,BOM - DEL,2026-04-18,12,Up to 90 min,Short duration under 45 minutes,True,6cf676fc8c86a5253c68
SJ159,Spicejet,CCU,DEL,2026-04-18 12:22:41,2026-04-18 14:05:41,False,103,CCU - DEL,2026-04-18,12,91 to 180 min,,False,a91c8072338a0cd1c4ad
UK038,Vistara,MAA,CCU,2026-04-18 12:22:41,2026-04-18 15:31:41,False,189,MAA - CCU,2026-04-18,12,181 to 300 min,,False,bf48d08cd069e4cb736e
6F192,IndiGo,CCU,BLR,2026-04-18 12:20:41,2026-04-18 16:45:41,False,265,CCU - BLR,2026-04-18,12,181 to 300 min,,False,72a86dbc001a773651b8
6F173,IndiGo,BOM,CCU,2026-04-18 12:19:41,2026-04-18 13:08:41,False,49,BOM - CCU,2026-04-18,12,Up to 90 min,,False,9843f5aad3c7c1bbe918
AI185,Air India,CCU,BOM,2026-04-18 12:16:41,2026-04-18 16:18:41,False,242,CCU - BOM,2026-04-18,12,181 to 300 min,,False,10bc319fca5c035b6472
SJ152,Spicejet,BOM,DEL,2026-04-18 12:09:41,2026-04-18 13:50:41,False,101,BOM - DEL,2026-04-18,12,91 to 180 min,,False,d2976f74715e1761cb2c
AI215,Air India,BLR,DEL,2026-04-18 12:07:41,2026-04-18 13:43:41,False,96,BLR - DEL,2026-04-18,12,91 to 180 min,,False,6848d8fd9169ec9a0664
AI074,Air India,CCU,BOM,2026-04-18 12:03:41,2026-04-18 12:50:41,False,47,CCU - BOM,2026-04-18,12,Up to 90 min,,False,9c0d78e9bb542d567b6b
6F109,IndiGo,BLR,BOM,2026-04-18 12:00:41,2026-04-18 12:51:41,False,51,BLR - BOM,2026-04-18,12,Up to 90 min,,False,98dafbed83a570b36944
6F144,IndiGo,HYD,BOM,2026-04-18 11:56:41,2026-04-18 15:11:41,False,195,HYD - BOM,2026-04-18,11,181 to 300 min,,False,278836ccc72df30662fa
6F210,IndiGo,HYD,DEL,2026-04-18 11:51:41,2026-04-18 15:58:41,False,247,HYD - DEL,2026-04-18,11,181 to 300 min,,False,d57097f18b4357f6434a
SJ111,Spicejet,DEL,MAA,2026-04-18 11:47:41,2026-04-18 12:59:41,False,72,DEL - MAA,2026-04-18,11,Up to 90 min,,False,e7b997dec8163ba553f4
UK092,Vistara,MAA,BLR,2026-04-18 11:42:41,2026-04-18 13:17:41,False,95,MAA - BLR,2026-04-18,11,91 to 180 min,,False,c96b55b72ff8d9aa2394
UK009,Vistara,BOM,DEL,2026-04-18 11:34:41,2026-04-18 13:41:41,False,127,BOM - DEL,2026-04-18,11,91 to 180 min,,False,749abbdd6de1f4de68b9
AI170,Air India,HYD,DEL,2026-04-18 11:27:41,2026-04-18 15:50:41,False,263,HYD - DEL,2026-04-18,11,181 to 300 min,,False,cda53bf1e01b2dc85100
6F154,IndiGo,CCU,DEL,2026-04-18 11:26:41,2026-04-18 12:23:41,False,57,CCU - DEL,2026-04-18,11,Up to 90 min,,False,5cb68a736036697493bc
6F161,IndiGo,MAA,DEL,2026-04-18 11:24:41,2026-04-18 12:21:41,False,57,MAA - DEL,2026-04-18,11,Up to 90 min,,False,bbc2a4ee2dc3727ffe50
UK128,Vistara,BOM,CCU,2026-04-18 11:22:41,2026-04-18 14:11:41,False,169,BOM - CCU,2026-04-18,11,91 to 180 min,,False,d2d4c7711f9f1f720ec1
AI186,Air India,DEL,BOM,2026-04-18 11:11:41,2026-04-18 13:05:41,False,114,DEL - BOM,2026-04-18,11,91 to 180 min,,False,bddd396f8eeeea84667c
AI099,Air India,BLR,BOM,2026-04-18 11:07:41,2026-04-18 13:29:41,False,142,BLR - BOM,2026-04-18,11,91 to 180 min,,False,a8d4e64db773bb9df710
6F203,IndiGo,BLR,HYD,2026-04-18 11:05:41,2026-04-18 12:56:41,False,111,BLR - HYD,2026-04-18,11,91 to 180 min,,False,7dc67eea1709aa779e94
UK139,Vistara,BLR,MAA,2026-04-18 10:54:41,2026-04-18 14:31:41,False,217,BLR - MAA,2026-04-18,10,181 to 300 min,,False,bbd73def414a711d532b
SJ008,Spicejet,HYD,BLR,2026-04-18 10:53:41,2026-04-18 15:48:41,False,295,HYD - BLR,2026-04-18,10,181 to 300 min,,False,78d980c8dd554732f99e
AI171,Air India,MAA,BLR,2026-04-18 10:51:41,2026-04-18 13:34:41,False,163,MAA - BLR,2026-04-18,10,91 to 180 min,,False,3c690655f33fa0197e85
6F124,IndiGo,BLR,BOM,2026-04-18 10:47:41,2026-04-18 15:21:41,False,274,BLR - BOM,2026-04-18,10,181 to 300 min,,False,663f96b78a25a25f8e20
6F137,IndiGo,CCU,DEL,2026-04-18 10:45:41,2026-04-18 15:01:41,False,256,CCU - DEL,2026-04-18,10,181 to 300 min,,False,62e65485958c9fa90ed7
AI008,Air India,BOM,CCU,2026-04-18 10:43:41,2026-04-18 12:43:42,False,120,BOM - CCU,2026-04-18,10,91 to 180 min,,False,0b4761b844ae2671b066
SJ140,Spicejet,HYD,DEL,2026-04-18 10:42:41,2026-04-18 14:30:41,False,228,HYD - DEL,2026-04-18,10,181 to 300 min,,False,4aaac5e74603440ac9c6
UK016,Vistara,DEL,CCU,2026-04-18 10:42:41,2026-04-18 11:22:41,False,40,DEL - CCU,2026-04-18,10,Up to 90 min,Short duration under 45 minutes,True,aa82110452dc483d70e2
AI127,Air India,DEL,HYD,2026-04-18 10:37:41,2026-04-18 13:45:41,False,188,DEL - HYD,2026-04-18,10,181 to 300 min,,False,0cf031a3563e94716c64
SJ096,Spicejet,DEL,HYD,2026-04-18 10:29:41,2026-04-18 13:45:41,False,196,DEL - HYD,2026-04-18,10,181 to 300 min,,False,1f820f870faa9be74c24
6F048,IndiGo,HYD,DEL,2026-04-18 10:27:41,2026-04-18 11:18:41,False,51,HYD - DEL,2026-04-18,10,Up to 90 min,,False,39c6cbd9564e82f4d282
SJ090,Spicejet,HYD,MAA,2026-04-18 10:24:41,2026-04-18 13:11:41,False,167,HYD - MAA,2026-04-18,10,91 to 180 min,,False,051c4638a558fe80da67
AI014,Air India,HYD,MAA,2026-04-18 10:24:41,2026-04-18 13:51:41,False,207,HYD - MAA,2026-04-18,10,181 to 300 min,,False,8e66e0a125a89843c085
6F131,IndiGo,BLR,HYD,2026-04-18 10:22:41,2026-04-18 14:20:41,False,238,BLR - HYD,2026-04-18,10,181 to 300 min,,False,a0dd94f38232c7ff7795
AI130,Air India,BOM,BLR,2026-04-18 10:18:41,2026-04-18 12:59:41,False,161,BOM - BLR,2026-04-18,10,91 to 180 min,,False,701977a35d788e464e51
UK151,Vistara,BOM,CCU,2026-04-18 10:11:41,2026-04-18 13:30:41,False,199,BOM - CCU,2026-04-18,10,181 to 300 min,,False,e0a0a0749fb5af2785df
6F165,IndiGo,BLR,BOM,2026-04-18 10:11:41,2026-04-18 11:09:41,False,58,BLR - BOM,2026-04-18,10,Up to 90 min,,False,84294fce67fc50fd338d
UK161,Vistara,BLR,BOM,2026-04-18 10:05:41,2026-04-18 12:48:41,False,163,BLR - BOM,2026-04-18,10,91 to 180 min,,False,c83d44fc816da9b3914c
AI107,Air India,HYD,CCU,2026-04-18 10:03:41,2026-04-18 10:49:41,False,46,HYD - CCU,2026-04-18,10,Up to 90 min,,False,a6ae167bcc08ff924ef7
SJ104,Spicejet,HYD,DEL,2026-04-18 10:00:41,2026-04-18 11:00:42,False,60,HYD - DEL,2026-04-18,10,Up to 90 min,,False,1ca175d2537c1d385bc2
AI042,Air India,CCU,DEL,2026-04-18 09:53:41,2026-04-18 10:57:41,False,64,CCU - DEL,2026-04-18,9,Up to 90 min,,False,e7db08cf0e8b0f4c5e8d
6F266,IndiGo,CCU,MAA,2026-04-18 09:49:41,2026-04-18 11:17:41,False,88,CCU - MAA,2026-04-18,9,Up to 90 min,,False,579957103c74bee36583
6F138,IndiGo,HYD,BLR,2026-04-18 09:49:41,2026-04-18 12:53:41,False,184,HYD - BLR,2026-04-18,9,181 to 300 min,,False,16f0fbc6805180a82014
SJ219,Spicejet,BOM,DEL,2026-04-18 09:32:41,2026-04-18 14:09:41,False,277,BOM - DEL,2026-04-18,9,181 to 300 min,,False,0933647f066feeda1b19
UK197,Vistara,BLR,HYD,2026-04-18 09:22:41,2026-04-18 10:54:41,False,92,BLR - HYD,2026-04-18,9,91 to 180 min,,False,729fb1e2053769c61e4f
6F119,IndiGo,DEL,BOM,2026-04-18 09:19:41,2026-04-18 11:33:41,False,134,DEL - BOM,2026-04-18,9,91 to 180 min,,False,60b57f60ed68e7542007
SJ058,Spicejet,DEL,HYD,2026-04-18 08:58:41,2026-04-18 13:14:41,False,256,DEL - HYD,2026-04-18,8,181 to 300 min,,False,7d1ed1924063c2cd88ec
AI218,Air India,BOM,CCU,2026-04-18 08:55:41,2026-04-18 11:55:41,False,180,BOM - CCU,2026-04-18,8,91 to 180 min,,False,62f7d0d9601455b951f4
SJ060,Spicejet,HYD,CCU,2026-04-18 08:51:41,2026-04-18 13:46:41,False,295,HYD - CCU,2026-04-18,8,181 to 300 min,,False,b8fcdb3927ebfc8e5af8
UK121,Vistara,BLR,BOM,2026-04-18 08:36:41,2026-04-18 12:36:41,False,240,BLR - BOM,2026-04-18,8,181 to 300 min,,False,4882607f963a720a7ed0
6F208,IndiGo,CCU,BOM,2026-04-18 08:27:41,2026-04-18 11:34:41,False,187,CCU - BOM,2026-04-18,8,181 to 300 min,,False,092167dc0ffd47a1fc8e
6F153,IndiGo,CCU,BLR,2026-04-18 08:23:41,2026-04-18 12:20:41,False,237,CCU - BLR,2026-04-18,8,181 to 300 min,,False,973500ac6796f26fbab2
AI117,Air India,HYD,BLR,2026-04-18 08:18:41,2026-04-18 10:09:41,False,111,HYD - BLR,2026-04-18,8,91 to 180 min,,False,bf4f0faf7b5217c3a089
SJ113,Spicejet,BLR,BOM,2026-04-18 08:10:41,2026-04-18 10:10:42,False,120,BLR - BOM,2026-04-18,8,91 to 180 min,,False,8b02a88b158928257ab4
AI191,Air India,BLR,MAA,2026-04-18 07:57:41,2026-04-18 11:58:41,False,241,BLR - MAA,2026-04-18,7,181 to 300 min,,False,4e7fbcdc4d19f705a35e
6F267,IndiGo,DEL,MAA,2026-04-18 07:56:41,2026-04-18 11:49:41,False,233,DEL - MAA,2026-04-18,7,181 to 300 min,,False,db620210a5404736215e
6F185,IndiGo,CCU,DEL,2026-04-18 07:49:41,2026-04-18 10:08:41,False,139,CCU - DEL,2026-04-18,7,91 to 180 min,,False,9fc91b4ca1fd348d7d65
AI114,Air India,CCU,DEL,2026-04-18 07:48:41,2026-04-18 09:03:41,False,75,CCU - DEL,2026-04-18,7,Up to 90 min,,False,4e185e4627958b98300f
6F155,IndiGo,DEL,BLR,2026-04-18 07:47:41,2026-04-18 08:20:41,False,33,DEL - BLR,2026-04-18,7,Up to 90 min,Short duration under 45 minutes,True,944fd4c13a167c64ef19
UK045,Vistara,MAA,HYD,2026-04-18 07:43:41,2026-04-18 09:28:41,False,105,MAA - HYD,2026-04-18,7,91 to 180 min,,False,2e70887bfc3005d42ac8
AI111,Air India,MAA,CCU,2026-04-18 07:40:41,2026-04-18 10:39:41,False,179,MAA - CCU,2026-04-18,7,91 to 180 min,,False,c730c86ca54eb27b2ba7
AI156,Air India,CCU,BOM,2026-04-18 07:39:41,2026-04-18 09:22:41,False,103,CCU - BOM,2026-04-18,7,91 to 180 min,,False,ff5bd2ce7887eb465de7
SJ128,Spicejet,CCU,BLR,2026-04-18 07:39:41,2026-04-18 10:42:41,False,183,CCU - BLR,2026-04-18,7,181 to 300 min,,False,bcf6adfe9c1acc646241
AI104,Air India,MAA,HYD,2026-04-18 07:35:41,2026-04-18 09:20:41,False,105,MAA - HYD,2026-04-18,7,91 to 180 min,,False,c75b9c90d390d9be38ab
6F225,IndiGo,HYD,CCU,2026-04-18 07:33:41,2026-04-18 12:12:41,False,279,HYD - CCU,2026-04-18,7,181 to 300 min,,False,987d0e7448c30fbe0c0f
6F033,IndiGo,DEL,HYD,2026-04-18 07:08:41,2026-04-18 09:08:41,False,120,DEL - HYD,2026-04-18,7,91 to 180 min,,False,c0887e3f8b9e63832fcf
6F244,IndiGo,MAA,CCU,2026-04-18 07:07:41,2026-04-18 08:31:41,False,84,MAA - CCU,2026-04-18,7,Up to 90 min,,False,d26a3136058fe5d7fac3
UK137,Vistara,BOM,MAA,2026-04-18 07:04:41,2026-04-18 09:14:41,False,130,BOM - MAA,2026-04-18,7,91 to 180 min,,False,0a2b53f81a6174da0934
AI063,Air India,HYD,BLR,2026-04-18 07:03:41,2026-04-18 11:26:41,False,263,HYD - BLR,2026-04-18,7,181 to 300 min,,False,10762d96326b0b63fd23
SJ156,Spicejet,BOM,DEL,2026-04-18 06:59:41,2026-04-18 07:34:41,False,35,BOM - DEL,2026-04-18,6,Up to 90 min,Short duration under 45 minutes,True,afd5ce7e5ff0c438a604
UK125,Vistara,HYD,BOM,2026-04-18 06:58:41,2026-04-18 11:44:41,False,286,HYD - BOM,2026-04-18,6,181 to 300 min,,False,869fce1c14ae7eb1124f
AI232,Air India,DEL,BLR,2026-04-18 06:43:41,2026-04-18 10:13:41,False,210,DEL - BLR,2026-04-18,6,181 to 300 min,,False,e006ba36484092b7f690
AI167,Air India,BLR,DEL,2026-04-18 06:43:41,2026-04-18 11:10:41,False,267,BLR - DEL,2026-04-18,6,181 to 300 min,,False,266bf0239f5c2bf4d945
UK160,Vistara,BLR,BOM,2026-04-18 06:42:41,2026-04-18 10:58:41,False,256,BLR - BOM,2026-04-18,6,181 to 300 min,,False,471164db00abfcb9447e
UK129,Vistara,HYD,MAA,2026-04-18 06:29:41,2026-04-18 07:29:42,False,60,HYD - MAA,2026-04-18,6,Up to 90 min,,False,fc2e40e4e465f86f3c1c
SJ230,Spicejet,BOM,CCU,2026-04-18 06:22:41,2026-04-18 10:57:41,False,275,BOM - CCU,2026-04-18,6,181 to 300 min,,False,9ed03fe4c7c5da045010
SJ056,Spicejet,HYD,DEL,2026-04-18 06:11:41,2026-04-18 07:10:41,False,59,HYD - DEL,2026-04-18,6,Up to 90 min,,False,69d78a7ccb0eb75c5c95
SJ137,Spicejet,CCU,DEL,2026-04-18 06:08:41,2026-04-18 10:14:41,False,246,CCU - DEL,2026-04-18,6,181 to 300 min,,False,d7042d32c11abd4178ea
6F081,IndiGo,MAA,BLR,2026-04-18 06:04:41,2026-04-18 07:43:41,False,99,MAA - BLR,2026-04-18,6,91 to 180 min,,False,89277954011855011630
6F088,IndiGo,CCU,BLR,2026-04-18 05:51:41,2026-04-18 08:22:41,False,151,CCU - BLR,2026-04-18,5,91 to 180 min,,False,f790b43277a914a1234a
6F121,IndiGo,HYD,MAA,2026-04-18 05:44:41,2026-04-18 10:42:41,False,298,HYD - MAA,2026-04-18,5,181 to 300 min,,False,db82ffea36efd81d4f1f
UK214,Vistara,HYD,DEL,2026-04-18 05:30:41,2026-04-18 09:10:41,False,220,HYD - DEL,2026-04-18,5,181 to 300 min,,False,ef84a3858d2c7036fc94
6F060,IndiGo,DEL,BLR,2026-04-18 05:29:41,2026-04-18 07:29:42,False,120,DEL - BLR,2026-04-18,5,91 to 180 min,,False,e09d46cd54ddda242dcb
SJ101,Spicejet,CCU,DEL,2026-04-18 05:17:41,2026-04-18 06:57:41,False,100,CCU - DEL,2026-04-18,5,91 to 180 min,,False,a52d2b7e640cf7e71554
AI017,Air India,CCU,BOM,2026-04-18 05:15:41,2026-04-18 08:48:41,False,213,CCU - BOM,2026-04-18,5,181 to 300 min,,False,6db6c4255802d6e3b65d
6F120,IndiGo,BLR,BOM,2026-04-18 05:14:41,2026-04-18 06:14:41,False,60,BLR - BOM,2026-04-18,5,Up to 90 min,,False,d888bcb7374a7b431702
6F217,IndiGo,BLR,BOM,2026-04-18 05:13:41,2026-04-18 08:01:41,False,168,BLR - BOM,2026-04-18,5,91 to 180 min,,False,a1800e7f103701b68051
AI194,Air India,MAA,BLR,2026-04-18 05:09:41,2026-04-18 09:38:41,False,269,MAA - BLR,2026-04-18,5,181 to 300 min,,False,b5bfa45f197eac40ec17
AI095,Air India,DEL,MAA,2026-04-18 05:00:41,2026-04-18 08:18:41,False,198,DEL - MAA,2026-04-18,5,181 to 300 min,,False,02753492b74a9d223a73
SJ190,Spicejet,BOM,CCU,2026-04-18 04:57:41,2026-04-18 09:25:41,False,268,BOM - CCU,2026-04-18,4,181 to 300 min,,False,60a0ecca530f6437edb0
6F139,IndiGo,HYD,MAA,2026-04-18 04:55:41,2026-04-18 08:17:41,False,202,HYD - MAA,2026-04-18,4,181 to 300 min,,False,20b12559a8ac746e6d11
6F062,IndiGo,CCU,DEL,2026-04-18 04:55:41,2026-04-18 06:22:41,False,87,CCU - DEL,2026-04-18,4,Up to 90 min,,False,5fe304eb1484b748b303
UK011,Vistara,CCU,DEL,2026-04-18 04:41:41,2026-04-18 06:25:41,False,104,CCU - DEL,2026-04-18,4,91 to 180 min,,False,7f4bef601653bbb01f2d
6F100,IndiGo,BOM,BLR,2026-04-18 04:40:41,2026-04-18 07:49:41,False,189,BOM - BLR,2026-04-18,4,181 to 300 min,,False,ca39fcc4fd7e50070c45
6F228,IndiGo,HYD,MAA,2026-04-18 04:36:41,2026-04-18 09:27:41,False,291,HYD - MAA,2026-04-18,4,181 to 300 min,,False,232d2544f4040bc442c5
UK033,Vistara,HYD,DEL,2026-04-18 04:34:41,2026-04-18 09:18:41,False,284,HYD - DEL,2026-04-18,4,181 to 300 min,,False,33865af40d5acbb50c94
SJ231,Spicejet,DEL,BLR,2026-04-18 04:23:41,2026-04-18 05:48:41,False,85,DEL - BLR,2026-04-18,4,Up to 90 min,,False,35c3265aa27bfe5c428e
AI166,Air India,BOM,CCU,2026-04-18 04:20:41,2026-04-18 07:23:41,False,183,BOM - CCU,2026-04-18,4,181 to 300 min,,False,9f4394f702bd6769eb75
SJ176,Spicejet,DEL,BOM,2026-04-18 04:15:41,2026-04-18 06:17:41,False,122,DEL - BOM,2026-04-18,4,91 to 180 min,,False,a278e18a34fcb1d5b7ed
SJ065,Spicejet,MAA,BLR,2026-04-18 04:10:41,2026-04-18 06:54:41,False,164,MAA - BLR,2026-04-18,4,91 to 180 min,,False,593d212807aba69c5a62
6F160,IndiGo,MAA,BLR,2026-04-18 04:09:41,2026-04-18 08:26:41,False,257,MAA - BLR,2026-04-18,4,181 to 300 min,,False,cf3be8958838531b915d
AI089,Air India,CCU,BOM,2026-04-18 04:05:41,2026-04-18 04:47:41,False,42,CCU - BOM,2026-04-18,4,Up to 90 min,Short duration under 45 minutes,True,aa214175e275532bb661
UK226,Vistara,MAA,HYD,2026-04-18 03:58:41,2026-04-18 05:01:41,False,63,MAA - HYD,2026-04-18,3,Up to 90 min,,False,2a5629dd63c282a1d5f6
SJ123,Spicejet,BOM,CCU,2026-04-18 03:57:41,2026-04-18 05:25:41,False,88,BOM - CCU,2026-04-18,3,Up to 90 min,,False,e1bd9964fa241efa8ed0
AI054,Air India,HYD,CCU,2026-04-18 03:44:41,2026-04-18 08:10:41,False,266,HYD - CCU,2026-04-18,3,181 to 300 min,,False,26cc75a01db0f63bcabc
UK019,Vistara,BOM,HYD,2026-04-18 03:41:41,2026-04-18 04:35:41,False,54,BOM - HYD,2026-04-18,3,Up to 90 min,,False,5615dfc17a1d0ab85931
UK032,Vistara,BLR,BOM,2026-04-18 03:31:41,2026-04-18 07:28:41,False,237,BLR - BOM,2026-04-18,3,181 to 300 min,,False,2d4776ec4de2cf702d0b
SJ100,Spicejet,MAA,BLR,2026-04-18 03:28:41,2026-04-18 06:50:41,False,202,MAA - BLR,2026-04-18,3,181 to 300 min,,False,5e62557fc576854b6afd
SJ094,Spicejet,MAA,HYD,2026-04-18 03:23:41,2026-04-18 08:07:41,False,284,MAA - HYD,2026-04-18,3,181 to 300 min,,False,44e776fba0671d370fd1
6F101,IndiGo,BOM,MAA,2026-04-18 03:18:41,2026-04-18 08:15:41,False,297,BOM - MAA,2026-04-18,3,181 to 300 min,,False,910103bca7b08e7a4f49
6F006,IndiGo,BOM,BLR,2026-04-18 03:06:41,2026-04-18 05:06:42,False,120,BOM - BLR,2026-04-18,3,91 to 180 min,,False,b5e9df0f9a01cf187b48
AI006,Air India,BOM,BLR,2026-04-18 03:04:41,2026-04-18 05:54:41,False,170,BOM - BLR,2026-04-18,3,91 to 180 min,,False,65458a76f13f520c1742
AI195,Air India,CCU,MAA,2026-04-18 02:58:41,2026-04-18 04:57:41,False,119,CCU - MAA,2026-04-18,2,91 to 180 min,,False,c0ef2db2efcd52803cdf
UK072,Vistara,BOM,BLR,2026-04-18 02:55:41,2026-04-18 05:55:42,False,180,BOM - BLR,2026-04-18,2,91 to 180 min,,False,f75ddfafe6a96f9df9b7
AI244,Air India,BLR,BOM,2026-04-18 02:50:41,2026-04-18 03:25:41,False,35,BLR - BOM,2026-04-18,2,Up to 90 min,Short duration under 45 minutes,True,a005c8a919fbc5df8c7d
SJ059,Spicejet,CCU,DEL,2026-04-18 02:50:41,2026-04-18 04:06:41,False,76,CCU - DEL,2026-04-18,2,Up to 90 min,,False,8033ba3195a195c6efe3
SJ009,Spicejet,CCU,BLR,2026-04-18 02:48:41,2026-04-18 04:23:41,False,95,CCU - BLR,2026-04-18,2,91 to 180 min,,False,d0c79a11d79b3765275e
AI121,Air India,HYD,MAA,2026-04-18 02:42:41,2026-04-18 06:11:41,False,209,HYD - MAA,2026-04-18,2,181 to 300 min,,False,6e0f00caa19af83f2ce9
6F265,IndiGo,DEL,HYD,2026-04-18 02:27:41,2026-04-18 03:24:41,False,57,DEL - HYD,2026-04-18,2,Up to 90 min,,False,65553a3abf00b73fd52c
6F110,IndiGo,HYD,DEL,2026-04-18 02:27:41,2026-04-18 05:48:41,False,201,HYD - DEL,2026-04-18,2,181 to 300 min,,False,7ad0bbccaf8ac7c66659
UK018,Vistara,BOM,CCU,2026-04-18 02:15:41,2026-04-18 04:08:41,False,113,BOM - CCU,2026-04-18,2,91 to 180 min,,False,9aeb39d5684dedc62251
6F072,IndiGo,BLR,CCU,2026-04-18 02:14:41,2026-04-18 03:11:41,False,57,BLR - CCU,2026-04-18,2,Up to 90 min,,False,d65cc14126ec12d373a2
6F159,IndiGo,CCU,BOM,2026-04-18 02:08:41,2026-04-18 02:43:41,False,35,CCU - BOM,2026-04-18,2,Up to 90 min,Short duration under 45 minutes,True,1eb7f6e8f0ca94073812
6F095,IndiGo,BLR,MAA,2026-04-18 01:53:41,2026-04-18 05:34:41,False,221,BLR - MAA,2026-04-18,1,181 to 300 min,,False,1798c0f621839528b09e
SJ129,Spicejet,CCU,BOM,2026-04-18 01:48:41,2026-04-18 05:48:41,False,240,CCU - BOM,2026-04-18,1,181 to 300 min,,False,c334bb8f6da6e5d903e0
UK039,Vistara,HYD,BOM,2026-04-18 01:40:41,2026-04-18 02:53:41,False,73,HYD - BOM,2026-04-18,1,Up to 90 min,,False,4708062a3723366b5f0c
6F130,IndiGo,DEL,HYD,2026-04-18 01:27:41,2026-04-18 02:45:41,False,78,DEL - HYD,2026-04-18,1,Up to 90 min,,False,36460a333ae7fafe6b8c
6F247,IndiGo,DEL,HYD,2026-04-18 01:27:41,2026-04-18 02:45:41,False,78,DEL - HYD,2026-04-18,1,Up to 90 min,,False,79289db585beb1c14d53
SJ233,Spicejet,DEL,HYD,2026-04-18 01:18:41,2026-04-18 02:56:41,False,98,DEL - HYD,2026-04-18,1,91 to 180 min,,False,7f506f2c469f115201ab
6F231,IndiGo,HYD,MAA,2026-04-18 01:16:41,2026-04-18 05:43:41,False,267,HYD - MAA,2026-04-18,1,181 to 300 min,,False,4ad1dcec213202e1b7b8
AI125,Air India,CCU,DEL,2026-04-18 01:12:41,2026-04-18 04:51:41,False,219,CCU - DEL,2026-04-18,1,181 to 300 min,,False,6990c333776edf162513
6F102,IndiGo,HYD,MAA,2026-04-18 01:10:41,2026-04-18 02:24:41,False,74,HYD - MAA,2026-04-18,1,Up to 90 min,,False,467ce1125276773bb8df
UK078,Vistara,BOM,HYD,2026-04-18 01:03:41,2026-04-18 04:32:41,False,209,BOM - HYD,2026-04-18,1,181 to 300 min,,False,dd9dbe6dc4e7db1e09be
UK043,Vistara,DEL,HYD,2026-04-18 00:48:41,2026-04-18 04:52:41,False,244,DEL - HYD,2026-04-18,0,181 to 300 min,,False,1c071becedd1d754758a
AI144,Air India,MAA,BOM,2026-04-18 00:43:41,2026-04-18 03:36:41,False,173,MAA - BOM,2026-04-18,0,91 to 180 min,,False,ca01d44fd6a6cd3ce932
UK054,Vistara,BLR,BOM,2026-04-18 00:37:41,2026-04-18 05:30:41,False,293,BLR - BOM,2026-04-18,0,181 to 300 min,,False,ba42bf342c9020381da6
UK108,Vistara,DEL,BLR,2026-04-18 00:28:41,2026-04-18 03:46:41,False,198,DEL - BLR,2026-04-18,0,181 to 300 min,,False,7610da9c1a5ce0cee30e
6F008,IndiGo,DEL,BOM,2026-04-18 00:14:41,2026-04-18 04:59:41,False,285,DEL - BOM,2026-04-18,0,181 to 300 min,,False,914a24e37572fd2258a0
6F106,IndiGo,BOM,CCU,2026-04-18 00:10:41,2026-04-18 01:52:41,False,102,BOM - CCU,2026-04-18,0,91 to 180 min,,False,151b4cc77ac315be7384
AI203,Air India,BOM,CCU,2026-04-18 00:09:41,2026-04-18 02:56:41,False,167,BOM - CCU,2026-04-18,0,91 to 180 min,,False,ff8da79e9e1d46ba8ee6
AI065,Air India,MAA,BLR,2026-04-18 00:09:41,2026-04-18 05:00:41,False,291,MAA - BLR,2026-04-18,0,181 to 300 min,,False,fd3ab7e5acda914a3ae4
UK053,Vistara,BLR,BOM,2026-04-17 23:56:41,2026-04-18 02:46:41,False,170,BLR - BOM,2026-04-17,23,91 to 180 min,,False,aedcd0d12fdea88ba8bf
UK086,Vistara,CCU,BLR,2026-04-17 23:55:41,2026-04-18 02:27:41,False,152,CCU - BLR,2026-04-17,23,91 to 180 min,,False,a6e7a769ddfa92d8ad37
SJ223,Spicejet,HYD,MAA,2026-04-17 23:54:41,2026-04-18 01:08:41,False,74,HYD - MAA,2026-04-17,23,Up to 90 min,,False,37b17e580735b43cb054
6F069,IndiGo,MAA,BLR,2026-04-17 23:44:41,2026-04-18 03:17:41,False,213,MAA - BLR,2026-04-17,23,181 to 300 min,,False,1b5ee8c97fbc226d8d3c
6F032,IndiGo,DEL,BOM,2026-04-17 23:43:41,2026-04-18 02:22:41,False,159,DEL - BOM,2026-04-17,23,91 to 180 min,,False,e9cd427bcebb35d3c3ea
UK178,Vistara,DEL,BLR,2026-04-17 23:41:41,2026-04-18 04:09:41,False,268,DEL - BLR,2026-04-17,23,181 to 300 min,,False,3b1a7b5d2f9af6471c55
6F108,IndiGo,DEL,HYD,2026-04-17 23:41:41,2026-04-18 03:23:41,False,222,DEL - HYD,2026-04-17,23,181 to 300 min,,False,c0dff0688ce49f5e7474
UK147,Vistara,CCU,DEL,2026-04-17 23:35:41,2026-04-18 02:55:41,False,200,CCU - DEL,2026-04-17,23,181 to 300 min,,False,22721ee625d1936ac147
AI187,Air India,BLR,HYD,2026-04-17 23:32:41,2026-04-18 01:16:41,False,104,BLR - HYD,2026-04-17,23,91 to 180 min,,False,b5ecc31b98aa60f512cb
UK213,Vistara,BOM,CCU,2026-04-17 23:21:41,2026-04-18 01:01:41,False,100,BOM - CCU,2026-04-17,23,91 to 180 min,,False,d1de3da9620e4a585718
AI035,Air India,DEL,MAA,2026-04-17 23:17:41,2026-04-18 00:48:41,False,91,DEL - MAA,2026-04-17,23,91 to 180 min,,False,98127124a1b7ea8eef04
UK186,Vistara,BOM,BLR,2026-04-17 23:05:41,2026-04-18 02:22:41,False,197,BOM - BLR,2026-04-17,23,181 to 300 min,,False,3c1f0ab1882de1e4d3d1
6F045,IndiGo,BOM,HYD,2026-04-17 23:04:41,2026-04-18 03:38:41,False,274,BOM - HYD,2026-04-17,23,181 to 300 min,,False,a37aba6a3e927ab999dd
UK025,Vistara,DEL,BOM,2026-04-17 22:55:41,2026-04-18 02:47:41,False,232,DEL - BOM,2026-04-17,22,181 to 300 min,,False,dfb5229c45ee95af37bf
UK162,Vistara,BOM,CCU,2026-04-17 22:47:41,2026-04-18 00:21:41,False,94,BOM - CCU,2026-04-17,22,91 to 180 min,,False,dd074aa3865dc2addcef
AI157,Air India,BLR,CCU,2026-04-17 22:45:41,2026-04-18 01:33:41,False,168,BLR - CCU,2026-04-17,22,91 to 180 min,,False,a434bf00bbb719937569
6F096,IndiGo,MAA,BLR,2026-04-17 22:45:41,2026-04-18 02:58:41,False,253,MAA - BLR,2026-04-17,22,181 to 300 min,,False,a8a8ee330a158626f5d0
SJ229,Spicejet,CCU,DEL,2026-04-17 22:25:41,2026-04-18 00:27:41,False,122,CCU - DEL,2026-04-17,22,91 to 180 min,,False,cb80b8d7a07f34575f3e
AI214,Air India,CCU,DEL,2026-04-17 22:23:41,2026-04-18 02:49:41,False,266,CCU - DEL,2026-04-17,22,181 to 300 min,,False,d6511a6b541555bb63f0
6F205,IndiGo,HYD,BOM,2026-04-17 22:16:41,2026-04-18 00:02:41,False,106,HYD - BOM,2026-04-17,22,91 to 180 min,,False,21e49e55a7b2567892f6
SJ157,Spicejet,DEL,HYD,2026-04-17 22:11:41,2026-04-18 01:05:41,False,174,DEL - HYD,2026-04-17,22,91 to 180 min,,False,472753756276faf98800
UK114,Vistara,HYD,CCU,2026-04-17 22:10:41,2026-04-17 23:58:41,False,108,HYD - CCU,2026-04-17,22,91 to 180 min,,False,2c475a86dec4d4168599
6F054,IndiGo,HYD,BLR,2026-04-17 22:00:41,2026-04-18 01:25:41,False,205,HYD - BLR,2026-04-17,22,181 to 300 min,,False,58b7554bc4469f0dc0c7
6F216,IndiGo,BLR,DEL,2026-04-17 21:58:41,2026-04-18 02:51:41,False,293,BLR - DEL,2026-04-17,21,181 to 300 min,,False,0b20a0334bc5aa04ab15
AI231,Air India,DEL,HYD,2026-04-17 21:52:41,2026-04-17 23:51:41,False,119,DEL - HYD,2026-04-17,21,91 to 180 min,,False,9e1202949f53688dc2a7
UK103,Vistara,MAA,DEL,2026-04-17 21:52:41,2026-04-18 01:06:41,False,194,MAA - DEL,2026-04-17,21,181 to 300 min,,False,0c38ee4908cffd0cc504
AI066,Air India,HYD,MAA,2026-04-17 21:51:41,2026-04-18 00:11:41,False,140,HYD - MAA,2026-04-17,21,91 to 180 min,,False,a93de8b3bba2b4280e2f
6F186,IndiGo,HYD,BOM,2026-04-17 21:48:41,2026-04-18 02:02:41,False,254,HYD - BOM,2026-04-17,21,181 to 300 min,,False,36d65dacf83d878d00e4
AI021,Air India,DEL,HYD,2026-04-17 21:39:41,2026-04-18 01:38:41,False,239,DEL - HYD,2026-04-17,21,181 to 300 min,,False,095925c195af952009b4
AI113,Air India,CCU,HYD,2026-04-17 21:21:41,2026-04-17 23:51:41,False,150,CCU - HYD,2026-04-17,21,91 to 180 min,,False,fd94f319b09a8edbbabc
SJ031,Spicejet,DEL,BOM,2026-04-17 21:20:41,2026-04-17 22:29:41,False,69,DEL - BOM,2026-04-17,21,Up to 90 min,,False,928a61798ac07c444d90
UK217,Vistara,MAA,CCU,2026-04-17 21:19:41,2026-04-17 22:14:41,False,55,MAA - CCU,2026-04-17,21,Up to 90 min,,False,77be4bae8522caceb3c2
SJ120,Spicejet,MAA,BLR,2026-04-17 21:19:41,2026-04-18 00:56:41,False,217,MAA - BLR,2026-04-17,21,181 to 300 min,,False,5a4540a77df2da127aa1
UK180,Vistara,CCU,MAA,2026-04-17 21:18:41,2026-04-17 23:29:41,False,131,CCU - MAA,2026-04-17,21,91 to 180 min,,False,d44277fcc814f9931d3e
6F242,IndiGo,BLR,MAA,2026-04-17 21:10:41,2026-04-18 01:04:41,False,234,BLR - MAA,2026-04-17,21,181 to 300 min,,False,58096b40e7703d144a61
UK080,Vistara,BLR,MAA,2026-04-17 21:09:41,2026-04-17 22:29:41,False,80,BLR - MAA,2026-04-17,21,Up to 90 min,,False,48b9a50aa31c130a29ca
SJ124,Spicejet,HYD,DEL,2026-04-17 21:05:41,2026-04-18 01:12:41,False,247,HYD - DEL,2026-04-17,21,181 to 300 min,,False,9dd52e27e21ab6c2338d
SJ115,Spicejet,BOM,HYD,2026-04-17 21:05:41,2026-04-17 23:10:41,False,125,BOM - HYD,2026-04-17,21,91 to 180 min,,False,f3a3d7491871d21cbf70
AI081,Air India,CCU,BOM,2026-04-17 21:03:41,2026-04-17 22:51:41,False,108,CCU - BOM,2026-04-17,21,91 to 180 min,,False,b7097cb74af00af071fb
AI142,Air India,BOM,DEL,2026-04-17 20:49:41,2026-04-17 23:03:41,False,134,BOM - DEL,2026-04-17,20,91 to 180 min,,False,5c0cdcd7b22f9fe4e9c0
UK052,Vistara,BLR,CCU,2026-04-17 20:48:41,2026-04-17 21:40:41,False,52,BLR - CCU,2026-04-17,20,Up to 90 min,,False,2171f2088a8a63880e9d
UK014,Vistara,HYD,MAA,2026-04-17 20:41:41,2026-04-17 22:06:41,False,85,HYD - MAA,2026-04-17,20,Up to 90 min,,False,683155032d5013ef439e
AI230,Air India,CCU,BLR,2026-04-17 20:37:41,2026-04-18 00:22:41,False,225,CCU - BLR,2026-04-17,20,181 to 300 min,,False,75c5aec58da3ff14b185
6F268,IndiGo,DEL,MAA,2026-04-17 20:29:41,2026-04-17 21:58:41,False,89,DEL - MAA,2026-04-17,20,Up to 90 min,,False,1740c4f291a14f9ec8ee
AI124,Air India,CCU,HYD,2026-04-17 20:28:41,2026-04-18 00:00:41,False,212,CCU - HYD,2026-04-17,20,181 to 300 min,,False,881fdb2a475623240a91
6F082,IndiGo,BOM,BLR,2026-04-17 20:26:41,2026-04-17 22:26:41,False,120,BOM - BLR,2026-04-17,20,91 to 180 min,,False,504aa8608a0690d42dbc
SJ035,Spicejet,CCU,DEL,2026-04-17 20:15:41,2026-04-17 21:15:42,False,60,CCU - DEL,2026-04-17,20,Up to 90 min,,False,3ff0a333d36f45628a03
SJ095,Spicejet,DEL,MAA,2026-04-17 20:09:41,2026-04-17 23:13:41,False,184,DEL - MAA,2026-04-17,20,181 to 300 min,,False,4ebcd364798fc68c3419
UK230,Vistara,BLR,BOM,2026-04-17 20:02:41,2026-04-17 21:35:41,False,93,BLR - BOM,2026-04-17,20,91 to 180 min,,False,e7ce960e400166071bbc
UK171,Vistara,HYD,CCU,2026-04-17 19:59:41,2026-04-17 22:53:41,False,174,HYD - CCU,2026-04-17,19,91 to 180 min,,False,b9c33b26cadede5361f8
6F147,IndiGo,HYD,MAA,2026-04-17 19:57:41,2026-04-18 00:31:41,False,274,HYD - MAA,2026-04-17,19,181 to 300 min,,False,1be199dccf8d17ad3d55
SJ212,Spicejet,MAA,BLR,2026-04-17 19:49:41,2026-04-17 21:44:41,False,115,MAA - BLR,2026-04-17,19,91 to 180 min,,False,72af793b4ebb7bbb515c
6F080,IndiGo,HYD,MAA,2026-04-17 19:47:41,2026-04-17 23:13:41,False,206,HYD - MAA,2026-04-17,19,181 to 300 min,,False,7b17f283b8ffb348189b
UK049,Vistara,HYD,BOM,2026-04-17 19:47:41,2026-04-17 20:32:41,False,45,HYD - BOM,2026-04-17,19,Up to 90 min,,False,4bfbffd60498524046e3
AI152,Air India,BLR,CCU,2026-04-17 19:21:41,2026-04-17 20:26:41,False,65,BLR - CCU,2026-04-17,19,Up to 90 min,,False,75311f6138422058e260
AI162,Air India,MAA,DEL,2026-04-17 19:20:41,2026-04-17 22:40:41,False,200,MAA - DEL,2026-04-17,19,181 to 300 min,,False,a91f42d43dd6f759f9bc
SJ037,Spicejet,BLR,BOM,2026-04-17 19:14:41,2026-04-17 22:31:41,False,197,BLR - BOM,2026-04-17,19,181 to 300 min,,False,9e1e779113e7d23b5c9b
AI172,Air India,BOM,CCU,2026-04-17 19:08:41,2026-04-17 19:53:41,False,45,BOM - CCU,2026-04-17,19,Up to 90 min,,False,f7394cf64a8923b937ef
UK205,Vistara,HYD,MAA,2026-04-17 18:57:41,2026-04-17 21:46:41,False,169,HYD - MAA,2026-04-17,18,91 to 180 min,,False,d6cecbd99e96acb9d938
AI199,Air India,HYD,DEL,2026-04-17 18:47:41,2026-04-17 22:26:41,False,219,HYD - DEL,2026-04-17,18,181 to 300 min,,False,a14fb236522f1cdcb245
6F241,IndiGo,DEL,HYD,2026-04-17 18:27:41,2026-04-17 19:02:41,False,35,DEL - HYD,2026-04-17,18,Up to 90 min,Short duration under 45 minutes,True,9d068ba01b4687d4abd4
SJ041,Spicejet,CCU,HYD,2026-04-17 18:24:41,2026-04-17 22:59:41,False,275,CCU - HYD,2026-04-17,18,181 to 300 min,,False,a33cdcf797a803dd1f5d
AI064,Air India,BLR,MAA,2026-04-17 18:24:41,2026-04-17 20:07:41,False,103,BLR - MAA,2026-04-17,18,91 to 180 min,,False,5b25c412b657232e0eb8
UK169,Vistara,HYD,DEL,2026-04-17 18:12:41,2026-04-17 23:01:41,False,289,HYD - DEL,2026-04-17,18,181 to 300 min,,False,3dbfc4e364d65def861e
UK144,Vistara,BOM,CCU,2026-04-17 18:07:41,2026-04-17 20:59:41,False,172,BOM - CCU,2026-04-17,18,91 to 180 min,,False,7d334fc2cc8cdf5e16bd
AI118,Air India,HYD,MAA,2026-04-17 17:50:41,2026-04-17 19:59:41,False,129,HYD - MAA,2026-04-17,17,91 to 180 min,,False,f3cc0756e4a15e61dc3a
SJ145,Spicejet,BLR,HYD,2026-04-17 17:41:41,2026-04-17 20:38:41,False,177,BLR - HYD,2026-04-17,17,91 to 180 min,,False,ba5fc89ebdde631e0b5c
SJ077,Spicejet,BLR,MAA,2026-04-17 17:32:41,2026-04-17 19:40:41,False,128,BLR - MAA,2026-04-17,17,91 to 180 min,,False,a90bef70c887330cb73f
AI126,Air India,MAA,HYD,2026-04-17 17:26:41,2026-04-17 20:48:41,False,202,MAA - HYD,2026-04-17,17,181 to 300 min,,False,92d4a5f578243708de63
SJ033,Spicejet,HYD,DEL,2026-04-17 17:26:41,2026-04-17 18:51:41,False,85,HYD - DEL,2026-04-17,17,Up to 90 min,,False,ca057492b724eb7c7657
SJ180,Spicejet,HYD,CCU,2026-04-17 17:12:41,2026-04-17 22:00:41,False,288,HYD - CCU,2026-04-17,17,181 to 300 min,,False,12d478680629e0310788
6F183,IndiGo,MAA,HYD,2026-04-17 17:08:41,2026-04-17 19:52:41,False,164,MAA - HYD,2026-04-17,17,91 to 180 min,,False,eec460b05de2ab64c5b4
AI145,Air India,DEL,BOM,2026-04-17 17:06:41,2026-04-17 21:31:41,False,265,DEL - BOM,2026-04-17,17,181 to 300 min,,False,ed2c88444be8166a2717
6F089,IndiGo,DEL,HYD,2026-04-17 17:06:41,2026-04-17 19:10:41,False,124,DEL - HYD,2026-04-17,17,91 to 180 min,,False,109f6ceecd4ae13d32b7
6F207,IndiGo,BOM,HYD,2026-04-17 16:59:41,2026-04-17 21:00:41,False,241,BOM - HYD,2026-04-17,16,181 to 300 min,,False,134101111e916ca34935
AI229,Air India,HYD,MAA,2026-04-17 16:48:41,2026-04-17 18:40:41,False,112,HYD - MAA,2026-04-17,16,91 to 180 min,,False,2d1e32a45bbf0b1135f3
6F223,IndiGo,MAA,BLR,2026-04-17 16:47:41,2026-04-17 17:21:41,False,34,MAA - BLR,2026-04-17,16,Up to 90 min,Short duration under 45 minutes,True,cd8aad83a3128b31a00d
6F116,IndiGo,MAA,CCU,2026-04-17 16:43:41,2026-04-17 19:02:41,False,139,MAA - CCU,2026-04-17,16,91 to 180 min,,False,47daaea458a5c457e37a
SJ240,Spicejet,BOM,HYD,2026-04-17 16:42:41,2026-04-17 20:21:41,False,219,BOM - HYD,2026-04-17,16,181 to 300 min,,False,a98af8ccd7acc37c93ad
SJ184,Spicejet,CCU,DEL,2026-04-17 16:32:41,2026-04-17 21:00:41,False,268,CCU - DEL,2026-04-17,16,181 to 300 min,,False,2bb5bc4777a0dc45c342
AI087,Air India,MAA,DEL,2026-04-17 16:32:41,2026-04-17 20:30:41,False,238,MAA - DEL,2026-04-17,16,181 to 300 min,,False,edf2669ffedd966dfb05
UK148,Vistara,HYD,BOM,2026-04-17 16:31:41,2026-04-17 18:43:41,False,132,HYD - BOM,2026-04-17,16,91 to 180 min,,False,f198c73b688f91b93745
AI210,Air India,BLR,BOM,2026-04-17 16:13:41,2026-04-17 18:50:41,False,157,BLR - BOM,2026-04-17,16,91 to 180 min,,False,a9768c60ab0a970e5cad
6F093,IndiGo,CCU,DEL,2026-04-17 16:09:41,2026-04-17 20:00:41,False,231,CCU - DEL,2026-04-17,16,181 to 300 min,,False,d47a0136ba51b95f56b8
SJ080,Spicejet,CCU,MAA,2026-04-17 16:04:41,2026-04-17 17:59:41,False,115,CCU - MAA,2026-04-17,16,91 to 180 min,,False,381010129324a017e8eb
SJ005,Spicejet,DEL,MAA,2026-04-17 16:03:41,2026-04-17 17:24:41,False,81,DEL - MAA,2026-04-17,16,Up to 90 min,,False,7d290df2de2a7c6685c3
6F040,IndiGo,HYD,CCU,2026-04-17 15:52:41,2026-04-17 20:33:41,False,281,HYD - CCU,2026-04-17,15,181 to 300 min,,False,7848c1f399952e9bea70
AI212,Air India,DEL,CCU,2026-04-17 15:31:41,2026-04-17 20:13:41,False,282,DEL - CCU,2026-04-17,15,181 to 300 min,,False,8428cdecc65eb4b2e5ad
AI154,Air India,HYD,MAA,2026-04-17 15:25:41,2026-04-17 19:16:41,False,231,HYD - MAA,2026-04-17,15,181 to 300 min,,False,282f6d54d04387cab5fc
6F239,IndiGo,CCU,BOM,2026-04-17 15:24:41,2026-04-17 17:37:41,False,133,CCU - BOM,2026-04-17,15,91 to 180 min,,False,5a0e77c8e2e65f40b7a0
UK199,Vistara,BOM,CCU,2026-04-17 15:24:41,2026-04-17 18:55:41,False,211,BOM - CCU,2026-04-17,15,181 to 300 min,,False,bf1a60fe41829845ee7c
6F218,IndiGo,BLR,BOM,2026-04-17 15:16:41,2026-04-17 19:03:41,False,227,BLR - BOM,2026-04-17,15,181 to 300 min,,False,b420d54577be66f2cd4f
6F011,IndiGo,MAA,BLR,2026-04-17 15:16:41,2026-04-17 17:16:42,False,120,MAA - BLR,2026-04-17,15,91 to 180 min,,False,bd2ab696eaf0314570ce
UK106,Vistara,BOM,CCU,2026-04-17 15:12:41,2026-04-17 17:23:41,False,131,BOM - CCU,2026-04-17,15,91 to 180 min,,False,c52243fbfac4d60bed1e
UK030,Vistara,CCU,DEL,2026-04-17 15:11:41,2026-04-17 19:38:41,False,267,CCU - DEL,2026-04-17,15,181 to 300 min,,False,7c4607bd2912775289f6
6F090,IndiGo,HYD,BLR,2026-04-17 15:10:41,2026-04-17 19:22:41,False,252,HYD - BLR,2026-04-17,15,181 to 300 min,,False,72141df5fee7d7f6f3e9
AI184,Air India,BOM,CCU,2026-04-17 15:03:41,2026-04-17 17:03:42,False,120,BOM - CCU,2026-04-17,15,91 to 180 min,,False,9069f5d7a88707336de6
SJ232,Spicejet,MAA,BLR,2026-04-17 15:02:41,2026-04-17 19:22:41,False,260,MAA - BLR,2026-04-17,15,181 to 300 min,,False,87814e066538e0844ddc
AI153,Air India,BOM,CCU,2026-04-17 15:02:41,2026-04-17 16:30:41,False,88,BOM - CCU,2026-04-17,15,Up to 90 min,,False,5c4100f90eae865b2c7f
UK101,Vistara,DEL,HYD,2026-04-17 15:00:41,2026-04-17 17:43:41,False,163,DEL - HYD,2026-04-17,15,91 to 180 min,,False,deadc8a73325d9af6a9e
6F200,IndiGo,HYD,DEL,2026-04-17 14:54:41,2026-04-17 19:41:41,False,287,HYD - DEL,2026-04-17,14,181 to 300 min,,False,e66526faba00f2480561
6F162,IndiGo,CCU,BOM,2026-04-17 14:50:41,2026-04-17 17:44:41,False,174,CCU - BOM,2026-04-17,14,91 to 180 min,,False,883983bf2cbd5824a92a
SJ197,Spicejet,HYD,BLR,2026-04-17 14:49:41,2026-04-17 17:33:41,False,164,HYD - BLR,2026-04-17,14,91 to 180 min,,False,5b0fe90bcf605f8298f7
AI174,Air India,DEL,CCU,2026-04-17 14:45:41,2026-04-17 17:01:41,False,136,DEL - CCU,2026-04-17,14,91 to 180 min,,False,1aeaacc46742c680e0ef
UK090,Vistara,HYD,MAA,2026-04-17 14:44:41,2026-04-17 17:24:41,False,160,HYD - MAA,2026-04-17,14,91 to 180 min,,False,6138a347d92fff72bdce
UK124,Vistara,MAA,BLR,2026-04-17 14:35:41,2026-04-17 17:09:41,False,154,MAA - BLR,2026-04-17,14,91 to 180 min,,False,0976f24f9ecb99220782
AI239,Air India,BOM,HYD,2026-04-17 14:33:41,2026-04-17 17:47:41,False,194,BOM - HYD,2026-04-17,14,181 to 300 min,,False,a61ccb1887e5b590259e
UK002,Vistara,CCU,MAA,2026-04-17 14:28:41,2026-04-17 19:20:41,False,292,CCU - MAA,2026-04-17,14,181 to 300 min,,False,67ec1dff0f46cc673f8e
SJ055,Spicejet,HYD,MAA,2026-04-17 14:17:41,2026-04-17 17:56:41,False,219,HYD - MAA,2026-04-17,14,181 to 300 min,,False,1ff7d78efa73a811d15c
UK132,Vistara,BOM,DEL,2026-04-17 14:12:41,2026-04-17 16:19:41,False,127,BOM - DEL,2026-04-17,14,91 to 180 min,,False,005edb60757c5573f1a5
6F002,IndiGo,BLR,MAA,2026-04-17 14:11:41,2026-04-17 17:34:41,False,203,BLR - MAA,2026-04-17,14,181 to 300 min,,False,68f30e88f404fbb2738c
UK005,Vistara,BOM,MAA,2026-04-17 14:02:41,2026-04-17 18:14:41,False,252,BOM - MAA,2026-04-17,14,181 to 300 min,,False,f3309f0ef5d1c5160a42
6F258,IndiGo,BOM,DEL,2026-04-17 13:54:41,2026-04-17 16:49:41,False,175,BOM - DEL,2026-04-17,13,91 to 180 min,,False,ff792a7012f01ed0e8a1
SJ244,Spicejet,BLR,DEL,2026-04-17 13:51:41,2026-04-17 15:39:41,False,108,BLR - DEL,2026-04-17,13,91 to 180 min,,False,d46c7d635f43563c570e
AI075,Air India,CCU,DEL,2026-04-17 13:51:41,2026-04-17 16:49:41,False,178,CCU - DEL,2026-04-17,13,91 to 180 min,,False,4e93abaaf0af5d32d358
AI160,Air India,MAA,DEL,2026-04-17 13:41:41,2026-04-17 17:01:41,False,200,MAA - DEL,2026-04-17,13,181 to 300 min,,False,9e2263acde654ba9da36
UK091,Vistara,CCU,BOM,2026-04-17 13:37:41,2026-04-17 17:31:41,False,234,CCU - BOM,2026-04-17,13,181 to 300 min,,False,27a996ec4901ff628e42
UK195,Vistara,HYD,BOM,2026-04-17 13:35:41,2026-04-17 16:35:41,False,180,HYD - BOM,2026-04-17,13,91 to 180 min,,False,36ede00f0095b1e9fd85
6F044,IndiGo,DEL,HYD,2026-04-17 13:25:41,2026-04-17 17:36:41,False,251,DEL - HYD,2026-04-17,13,181 to 300 min,,False,2f4ab43226244f19835e
6F248,IndiGo,DEL,HYD,2026-04-17 13:25:41,2026-04-17 17:36:41,False,251,DEL - HYD,2026-04-17,13,181 to 300 min,,False,8061e7a1d4c24d164936
6F204,IndiGo,DEL,CCU,2026-04-17 13:23:41,2026-04-17 16:04:41,False,161,DEL - CCU,2026-04-17,13,91 to 180 min,,False,af1b707805b483270bdb
SJ092,Spicejet,BLR,MAA,2026-04-17 13:19:41,2026-04-17 17:56:41,False,277,BLR - MAA,2026-04-17,13,181 to 300 min,,False,486e49528663132cfa6d
AI119,Air India,MAA,BLR,2026-04-17 13:15:41,2026-04-17 15:57:41,False,162,MAA - BLR,2026-04-17,13,91 to 180 min,,False,cb61b14c5d83b49878de
AI151,Air India,MAA,HYD,2026-04-17 13:14:41,2026-04-17 14:10:41,False,56,MAA - HYD,2026-04-17,13,Up to 90 min,,False,83d1a9b02814263b5a99
UK107,Vistara,HYD,BOM,2026-04-17 13:09:41,2026-04-17 14:25:41,False,76,HYD - BOM,2026-04-17,13,Up to 90 min,,False,1ceaea44af4b67dccf1c
SJ019,Spicejet,BLR,DEL,2026-04-17 13:07:41,2026-04-17 15:56:41,False,169,BLR - DEL,2026-04-17,13,91 to 180 min,,False,006ce8685221b09c4b46
AI052,Air India,CCU,MAA,2026-04-17 13:06:41,2026-04-17 15:42:41,False,156,CCU - MAA,2026-04-17,13,91 to 180 min,,False,193ca0722c537e99ea4f
SJ177,Spicejet,BOM,CCU,2026-04-17 13:04:41,2026-04-17 17:37:41,False,273,BOM - CCU,2026-04-17,13,181 to 300 min,,False,9a70008f3dcca3154dca
6F215,IndiGo,DEL,BLR,2026-04-17 13:00:41,2026-04-17 17:30:41,False,270,DEL - BLR,2026-04-17,13,181 to 300 min,,False,33d63a7f26a3eb8560d9
AI223,Air India,BOM,CCU,2026-04-17 12:53:41,2026-04-17 14:42:41,False,109,BOM - CCU,2026-04-17,12,91 to 180 min,,False,d55462dd3d211d539fc6
SJ069,Spicejet,HYD,BLR,2026-04-17 12:53:41,2026-04-17 14:17:41,False,84,HYD - BLR,2026-04-17,12,Up to 90 min,,False,996a14cf2d08e75bf330
6F198,IndiGo,HYD,BLR,2026-04-17 12:40:41,2026-04-17 17:39:41,False,299,HYD - BLR,2026-04-17,12,181 to 300 min,,False,ac4f8ab3bd9975d2c9c6
AI093,Air India,BOM,BLR,2026-04-17 12:35:41,2026-04-17 17:28:41,False,293,BOM - BLR,2026-04-17,12,181 to 300 min,,False,60a812bf882885b4b4f7
UK062,Vistara,HYD,DEL,2026-04-17 12:33:41,2026-04-17 15:35:41,False,182,HYD - DEL,2026-04-17,12,181 to 300 min,,False,382c4f9fe7d13f163cfb
6F057,IndiGo,MAA,DEL,2026-04-17 12:32:41,2026-04-17 15:50:41,False,198,MAA - DEL,2026-04-17,12,181 to 300 min,,False,20dde0e039e6fac34bdb
UK064,Vistara,BOM,DEL,2026-04-17 12:25:41,2026-04-17 14:55:41,False,150,BOM - DEL,2026-04-17,12,91 to 180 min,,False,53145a3513535e2b504f
