booking_id,flight_id,booking_date,status,seat_number,passenger_key,flight_schedule_key,airline,route,duration_minutes,has_anomaly,flight_match_status,amount,payment_method,payment_status
B1000,AI192,2025-06-14 11:37:36,CANCELLED,3D,7d7c0928f297a259aa3ac8f9d48e3d39d6f8c9d53f2d03d248b1e0a8873ad469,9512b52388843d961dd6,Air India,MAA - BOM,299,False,Matched,,,
B1001,6F026,2025-11-02 11:37:36,CANCELLED,18A,358fb8662f5d6dd938eefe855308c0287e70c74afaa569953ea08a580c3cd44a,db1546d7b3876dee8a07,IndiGo,BOM - CCU,267,False,Matched,,,
B1002,SJ010,2025-08-25 11:37:36,CANCELLED,30C,e3b7e27670c228b717c870030aa15a9770181bb9b2330a6b3b2eecd1a60c832a,cbf0649a21a551a578f7,Spicejet,CCU - MAA,174,False,Matched,6087.22,UPI,Recorded
B1002,SJ010,2025-08-25 11:37:36,CANCELLED,30C,e3b7e27670c228b717c870030aa15a9770181bb9b2330a6b3b2eecd1a60c832a,cbf0649a21a551a578f7,Spicejet,CCU - MAA,174,False,Matched,2505.86,NETBANKING,Recorded
B1003,AI069,2025-12-30 11:37:36,CONFIRMED,33A,02f1687e6b73b553bd8f992314c87b03317653e47ac8c4e0779466018bc95c8a,7d8f7622de16964d4b09,Air India,DEL - BOM,226,False,Matched,,,
B1004,UK003,2025-10-02 11:37:36,PENDING,25C,1f1c1f070377d668f836b2d64bfd9924d560f405b35fa4fd1e05f2e46b1eb03f,42c28cc5c37dfcea74f4,Vistara,HYD - DEL,278,False,Matched,12222.48,UPI,Recorded
B1005,AI048,2025-08-31 11:37:36,CONFIRMED,13D,3f5292e46400e74fb96e449445adc4ebd8ffcfd8d39e313d6dad60bda9d96abb,33f3be7d8b385df5c607,Air India,CCU - DEL,232,False,Matched,13378.9,UPI,Recorded
B1006,AI140,2025-06-29 11:37:36,CANCELLED,17F,1f78270a7c81d2ef89e4d5346274aa24f4670e168902b06d02833c16ea44826c,48288285f257accfd0ef,Air India,BOM - DEL,223,False,Matched,14980.37,NETBANKING,Recorded
B1007,UK167,2026-03-12 11:37:36,CONFIRMED,22E,0f69746cbc31c98def09233299426ed28e2f56917d86deda1d55d72a505b7a3e,862dde348cedf5de96bc,Vistara,DEL - MAA,181,False,Matched,,,
B1008,AI245,2025-09-07 11:37:36,PENDING,34F,8f67e53c0e60782a2787b05ca9eade19b37cfa20f1dbebfbaad8197785f2c03e,61d8b914d7b134808f93,Air India,BOM - CCU,156,False,Matched,,,
B1009,SJ158,2025-04-28 11:37:36,CANCELLED,33C,431053c9e44e768dae9e8f81b577d07c6ee3b0804f449aa943b88b177aa9f305,f6d2a351da9db78239cb,Spicejet,DEL - HYD,139,False,Matched,,,
B1010,AI155,2025-11-24 11:37:36,CONFIRMED,15B,f85cf500ec461f6437bb7df3b1eae5513c4c161e53b28240485e0432d4eda1d6,dc44ee4f42b3d930f35d,Air India,BOM - CCU,108,False,Matched,,NETBANKING,Missing amount
B1011,AI179,2025-10-25 11:37:36,CONFIRMED,22C,5e36d1d24e14134477145b04f1367f7b5bf5bd14ad000cca5c2e43077b35d47a,418ab88fb2e15445c9d4,Air India,HYD - BOM,278,False,Matched,2115.18,CARD,Recorded
B1012,AI137,2025-08-15 11:37:36,PENDING,28B,05be27cf36ccc3069be69551125cb64b5f82d60518cfda83a909c5e49c5d4ed6,83162964d76572477efe,Air India,BOM - DEL,148,False,Matched,,CARD,Missing amount
B1012,AI137,2025-08-15 11:37:36,PENDING,28B,05be27cf36ccc3069be69551125cb64b5f82d60518cfda83a909c5e49c5d4ed6,83162964d76572477efe,Air India,BOM - DEL,148,False,Matched,4074.67,CARD,Recorded
B1012,AI137,2025-08-15 11:37:36,PENDING,28B,05be27cf36ccc3069be69551125cb64b5f82d60518cfda83a909c5e49c5d4ed6,83162964d76572477efe,Air India,BOM - DEL,148,False,Matched,12647.86,CARD,Recorded
B1012,AI137,2025-08-15 11:37:36,PENDING,28B,05be27cf36ccc3069be69551125cb64b5f82d60518cfda83a909c5e49c5d4ed6,83162964d76572477efe,Air India,BOM - DEL,148,False,Matched,6979.86,CARD,Recorded
B1013,SJ001,2025-07-20 11:37:36,CONFIRMED,26E,d8dbea176a91a2449b24561014957b78fa0d6b0b5587c68ff40324a228d5f2e9,3993466f1262f5174e79,Spicejet,BOM - MAA,287,False,Matched,1176.33,UPI,Recorded
B1014,SJ172,2025-09-15 11:37:36,PENDING,21E,fddb6df99200e643a098a8061d10e4c97f494c79480dd0ae5d7cf2a21ccdebad,26b941a20aecd1820791,Spicejet,CCU - DEL,196,False,Matched,,,
B1015,UK094,2025-10-21 11:37:36,UNKNOWN,6F,b6091a8ccb77fbbcafe2bbf93e21d3742abba345c4a6afdaacec868681667041,7fdc3758e9755b31e14d,Vistara,BOM - CCU,105,False,Matched,12008.1,CARD,Recorded
B1015,UK094,2025-10-21 11:37:36,UNKNOWN,6F,b6091a8ccb77fbbcafe2bbf93e21d3742abba345c4a6afdaacec868681667041,7fdc3758e9755b31e14d,Vistara,BOM - CCU,105,False,Matched,7601.56,CARD,Recorded
B1016,UK027,2026-01-13 11:37:36,CANCELLED,6A,b3a3a670872d6b90d31cae8d52d3b6a1e90e3a01d8dea3d08d0270cae8d83238,e934db9efd34b7cfce81,Vistara,BOM - CCU,141,False,Matched,14076.51,CARD,Recorded
B1016,UK027,2026-01-13 11:37:36,CANCELLED,6A,b3a3a670872d6b90d31cae8d52d3b6a1e90e3a01d8dea3d08d0270cae8d83238,e934db9efd34b7cfce81,Vistara,BOM - CCU,141,False,Matched,9724.26,NETBANKING,Recorded
B1017,UK067,2026-04-04 11:37:36,CONFIRMED,13B,10b8d7f32e1777490739201d1015d08aeafd43f157531d98622c1712639fe029,1b9a1de5a2d96934d1f3,Vistara,BOM - CCU,206,False,Matched,,,
B1018,6F196,2026-03-25 11:37:36,CANCELLED,19B,2769a82b95d01bce523a4b6e6324f7f9a81a1e096f0eabfa96b1a8ad655ffc46,0ab0fbffe36012e4db32,IndiGo,CCU - MAA,103,False,Matched,2588.63,UPI,Recorded
B1019,6F164,2025-07-31 11:37:36,CANCELLED,19A,40d07ae2fb6659b098316a5d35c958af884493b255b6beeec61bcbd87a394c0b,3e72eaaa67de403fd49a,IndiGo,BLR - BOM,147,False,Matched,14810.27,UPI,Recorded
B1019,6F164,2025-07-31 11:37:36,CANCELLED,19A,40d07ae2fb6659b098316a5d35c958af884493b255b6beeec61bcbd87a394c0b,3e72eaaa67de403fd49a,IndiGo,BLR - BOM,147,False,Matched,,UPI,Missing amount
B1019,6F164,2025-07-31 11:37:36,CANCELLED,19A,40d07ae2fb6659b098316a5d35c958af884493b255b6beeec61bcbd87a394c0b,3e72eaaa67de403fd49a,IndiGo,BLR - BOM,147,False,Matched,3810.73,CARD,Recorded
B1020,SJ112,2025-12-06 11:37:36,CONFIRMED,27B,7b35317bfc086087b75cf81b63744ab20569c15d693c246b28627d0e91f38b9b,7b8831ff2f9604c7408b,Spicejet,HYD - DEL,140,False,Matched,8150.35,NETBANKING,Recorded
B1021,6F190,2025-12-07 11:37:36,CANCELLED,4E,330d8d1c932cbc20791b4afb63e4896f7eb514e9de89da814b4210a33a88139f,f73ad293d6ba5f805bfc,IndiGo,DEL - MAA,274,False,Matched,6949.93,UPI,Recorded
B1022,AI080,2026-03-25 11:37:36,CONFIRMED,16F,2b0957de50bffd55fa7b9afaf16d7654a7716b55fa4a5d3539a317af3716150a,b2208cc16f7a3f00f5b3,Air India,BOM - HYD,92,False,Matched,,,
B1023,6F213,2026-02-03 11:37:36,PENDING,24B,93118fe398e5275adf94e6d5518c398370283cfd56bb0559cb7fff7425a8e97b,a1c89003548d3b6cc887,IndiGo,BLR - BOM,207,False,Matched,13057.27,CARD,Recorded
B1024,AI115,2025-06-21 11:37:36,PENDING,30F,6b69a412b16507cf4570f0857a55e68ff1ad10a52cab9752cf3eb86e000ad0cd,182b56d3099a0cc8be55,Air India,MAA - BLR,289,False,Matched,4857.79,UPI,Recorded
B1025,SJ049,2026-03-18 11:37:36,PENDING,1B,b349d4332b71e201d9ea9accc74c1a2e5240bf7df803b405e1a8a065ea8ab774,2713da228a5c97861145,Spicejet,CCU - DEL,240,False,Matched,9721.62,CARD,Recorded
B1025,SJ049,2026-03-18 11:37:36,PENDING,1B,b349d4332b71e201d9ea9accc74c1a2e5240bf7df803b405e1a8a065ea8ab774,2713da228a5c97861145,Spicejet,CCU - DEL,240,False,Matched,11899.89,UPI,Recorded
B1025,SJ049,2026-03-18 11:37:36,PENDING,1B,b349d4332b71e201d9ea9accc74c1a2e5240bf7df803b405e1a8a065ea8ab774,2713da228a5c97861145,Spicejet,CCU - DEL,240,False,Matched,14501.45,CARD,Recorded
B1026,AI058,2025-06-27 11:37:36,CONFIRMED,32C,1dc90818e9678db7803c568b7b98526249d90197aa1039010fbfefb720b3df50,3423529b53e84ab50e36,Air India,BOM - CCU,98,False,Matched,2015.66,NETBANKING,Recorded
B1026,AI058,2025-06-27 11:37:36,CONFIRMED,32C,1dc90818e9678db7803c568b7b98526249d90197aa1039010fbfefb720b3df50,3423529b53e84ab50e36,Air India,BOM - CCU,98,False,Matched,11188.7,UPI,Recorded
B1027,UK036,2025-07-25 11:37:36,CONFIRMED,22A,6456a8f95ca9db9fb4cdf72e66bb1151d9e05d505e3d14cb1c72810336dda731,9e73218e389fafecb51f,Vistara,CCU - BLR,264,False,Matched,7503.17,UPI,Recorded
B1028,SJ239,2025-05-25 11:37:36,CANCELLED,26E,ecf9d2d3de6fb30e29d22431aa1e5442ae7f463b85e5590fcc070e217e67ee23,b3ae427d83185aa881b6,Spicejet,BOM - CCU,106,False,Matched,,,
B1029,6F025,2025-06-06 11:37:36,CANCELLED,19C,3bced03ef044a097990ed781f6dbf324ae1b43b52032eed8f9c8b42392a2de9b,7cc02af71847b7b086ac,IndiGo,BLR - BOM,55,False,Matched,,,
B1030,6F236,2026-03-18 11:37:36,CANCELLED,21E,9d4cb2efaac58db267a074cea2e4f1ae2b659800812be9857dbb7efca875f4e7,228fffe001c1ef1b4f8d,IndiGo,BOM - DEL,199,False,Matched,,,
B1031,AI060,2025-11-16 11:37:36,CANCELLED,1E,c1c2553ab36eef35a35635c51b3bf4f1eda349bb1ba3a4497fbb4f8870cf6328,9abb3158c645137992a7,Air India,DEL - HYD,113,False,Matched,7056.42,CARD,Recorded
B1032,UK021,2025-09-03 11:37:36,CANCELLED,18E,44db03b823ff25e012f3f8ad4993b3fe9186cb3e2fd5631013507d7fb0b602c0,10ab58fb9eb37de1af59,Vistara,HYD - MAA,110,False,Matched,,,
B1033,UK026,2025-05-06 11:37:36,UNKNOWN,19A,c21c6fa667f8d371f0bb76493261c0bf30d25076e087271e21e32332e78c3a37,141d032c25926d31a513,Vistara,HYD - MAA,126,False,Matched,9352.83,CARD,Recorded
B1033,UK026,2025-05-06 11:37:36,UNKNOWN,19A,c21c6fa667f8d371f0bb76493261c0bf30d25076e087271e21e32332e78c3a37,141d032c25926d31a513,Vistara,HYD - MAA,126,False,Matched,,UPI,Missing amount
B1033,UK026,2025-05-06 11:37:36,UNKNOWN,19A,c21c6fa667f8d371f0bb76493261c0bf30d25076e087271e21e32332e78c3a37,141d032c25926d31a513,Vistara,HYD - MAA,126,False,Matched,7723.56,UPI,Recorded
B1034,SJ179,2025-12-31 11:37:36,CONFIRMED,22F,e32bb5811f8d0b6825d04381cd5a75c596d7de15d7aae5bc12e94d1a52148fc0,016c43440c874f04dd31,Spicejet,DEL - HYD,210,False,Matched,,,
B1035,6F251,2025-08-21 11:37:36,PENDING,11D,086c7392d53a7c1d0847bb5ef34049a816194413fcd621e7b10c383257b28378,963bf2758ecc7d2b60e0,IndiGo,DEL - BLR,41,True,Matched,,,
B1036,SJ149,2025-11-24 11:37:36,PENDING,5B,2917d9422cb573339f0b82d807b4fc1c8644953f61702df621454d506717b9a2,8c05c50c5a07f3e6dbbd,Spicejet,HYD - MAA,120,False,Matched,5144.89,CARD,Recorded
B1037,AI188,2026-03-20 11:37:36,PENDING,33E,517759dcda730e2f8d4b17328d14f6ae0e67569f2f41cd5f9f869f4e5c3f10d5,a5f8dd3e82c0172db35b,Air India,CCU - HYD,166,False,Matched,,,
B1038,SJ093,2026-01-01 11:37:36,PENDING,12D,b3134da38cb85d52b8aeeda2b5c763438f8bba1370a90e1473e30cc1fc887863,bc19d5cc889082533de0,Spicejet,BLR - BOM,66,False,Matched,,,
B1039,SJ205,2025-08-21 11:37:36,CONFIRMED,11E,814200fc14d2b550ea13d59854c95be78e5aea051010ab3f81f8f8d2a2dbba9c,8c53461635fd33b646b7,Spicejet,HYD - CCU,64,False,Matched,6604.98,CARD,Recorded
B1039,SJ205,2025-08-21 11:37:36,CONFIRMED,11E,814200fc14d2b550ea13d59854c95be78e5aea051010ab3f81f8f8d2a2dbba9c,8c53461635fd33b646b7,Spicejet,HYD - CCU,64,False,Matched,8185.34,UPI,Recorded
B1039,SJ205,2025-08-21 11:37:36,CONFIRMED,11E,814200fc14d2b550ea13d59854c95be78e5aea051010ab3f81f8f8d2a2dbba9c,8c53461635fd33b646b7,Spicejet,HYD - CCU,64,False,Matched,9866.37,CARD,Recorded
B1040,6F099,2025-08-08 11:37:36,CONFIRMED,26B,6e6417f31a668be29fb1ac8ef7d9554fcb9fb37b471ef3133333fb395f46d1e0,1e6ff7fadd83ad28aa3a,IndiGo,MAA - DEL,35,True,Matched,,,
B1041,UK176,2025-05-28 11:37:36,CONFIRMED,25C,ce55d5c12456cee67bf24deefe73805cac5d2e549100b43d6ae558adb5ad4a65,a9ada33bb70ab691d31d,Vistara,HYD - BLR,248,False,Matched,13829.91,UPI,Recorded
B1041,UK176,2025-05-28 11:37:36,CONFIRMED,25C,ce55d5c12456cee67bf24deefe73805cac5d2e549100b43d6ae558adb5ad4a65,a9ada33bb70ab691d31d,Vistara,HYD - BLR,248,False,Matched,9750.27,NETBANKING,Recorded
B1042,UK200,2025-12-02 11:37:36,CANCELLED,24F,ad98b876dc874a43ef474bee467163fd9c08343c3e90fedb00c2189bca215c15,1dc75cfa150f89f6b5b0,Vistara,CCU - DEL,111,False,Matched,14402.39,CARD,Recorded
B1043,6F195,2025-11-22 11:37:36,CANCELLED,8E,537b726fbaff825db2be527ca00c85f630a4936d53b30d26647c96aa453322e8,64d2747137acfa1b9e1b,IndiGo,CCU - DEL,55,False,Matched,8291.6,UPI,Recorded
B1044,6F174,2026-04-12 11:37:36,PENDING,16C,2a7ec54cfce6baa436b93dfd2529e3d76e155e8bc1902690ea215276af03a73d,85dde4cc90254b90f6ff,IndiGo,DEL - HYD,40,True,Matched,1199.88,UPI,Recorded
B1045,SJ214,2026-03-19 11:37:36,UNKNOWN,18C,d5994519f9e38cf3247483058c4bcf47dcc8c07e5d77a5b496c77e9afa86094b,662ee9c0c07c2ef40d03,Spicejet,BOM - MAA,76,False,Matched,2330.65,NETBANKING,Recorded
B1045,SJ214,2026-03-19 11:37:36,UNKNOWN,18C,d5994519f9e38cf3247483058c4bcf47dcc8c07e5d77a5b496c77e9afa86094b,662ee9c0c07c2ef40d03,Spicejet,BOM - MAA,76,False,Matched,4401.56,UPI,Recorded
B1045,SJ214,2026-03-19 11:37:36,UNKNOWN,18C,d5994519f9e38cf3247483058c4bcf47dcc8c07e5d77a5b496c77e9afa86094b,662ee9c0c07c2ef40d03,Spicejet,BOM - MAA,76,False,Matched,,NETBANKING,Missing amount
B1046,UK059,2025-10-14 11:37:36,CONFIRMED,2C,906e4ce539d1a700820485158c823d616a4a6e29f95e429b47fd5e0f82fc1d02,b3c637aa806ea819bb84,Vistara,HYD - MAA,97,False,Matched,13689.48,UPI,Recorded
B1046,UK059,2025-10-14 11:37:36,CONFIRMED,2C,906e4ce539d1a700820485158c823d616a4a6e29f95e429b47fd5e0f82fc1d02,b3c637aa806ea819bb84,Vistara,HYD - MAA,97,False,Matched,12592.83,UPI,Recorded
B1047,6F151,2025-12-29 11:37:36,PENDING,7C,838b3199f1ac962e61d2a6fce3d9493a832e7fa93035ecd84dae0e27c66a5c75,52dfb71071d3f7abface,IndiGo,CCU - HYD,140,False,Matched,,,
B1048,SJ236,2025-09-19 11:37:36,PENDING,18C,c8f890518dd947b1d1ea0b5ee53830fd93d48380c9493e607f8b360c566b2a42,ae04ba81d770974614d5,Spicejet,MAA - BOM,239,False,Matched,,,
B1049,SJ153,2025-07-28 11:37:36,INVALID,3C,2b0957de50bffd55fa7b9afaf16d7654a7716b55fa4a5d3539a317af3716150a,d9343d8ede8f305768d8,Spicejet,DEL - CCU,83,False,Matched,,,
B1050,AI220,2026-01-15 11:37:36,PENDING,7D,1d1f3f229abb524af34f113e3e04ff603de8dfc1a976c2e8e5b65b76fc5a3254,50cb4d1e231843d7b809,Air India,BOM - DEL,98,False,Matched,13350.33,NETBANKING,Recorded
B1051,6F028,2025-07-05 11:37:36,CANCELLED,16A,cabacc30a072aaed634a6d38a170f7ede771ad4f403f3403c94447e61ea2d732,7d7ee40e13058b367fdb,IndiGo,HYD - CCU,120,False,Matched,10875.08,CARD,Recorded
B1052,UK209,2025-12-30 11:37:36,CANCELLED,33B,e993f65750a871310e0d847a3c6485824c90ba4b119716e09c6e1a73cee69f37,416d9c826f4262ceb6be,Vistara,MAA - BLR,165,False,Matched,9827.3,CARD,Recorded
B1053,UK216,2026-04-01 11:37:36,PENDING,28B,e26643aa585aed1d3f49abc069feac9af40b739bc5f5ec264555102626913848,afc72c396b15d8428915,Vistara,MAA - HYD,194,False,Matched,4621.1,UPI,Recorded
B1053,UK216,2026-04-01 11:37:36,PENDING,28B,e26643aa585aed1d3f49abc069feac9af40b739bc5f5ec264555102626913848,afc72c396b15d8428915,Vistara,MAA - HYD,194,False,Matched,3081.42,CARD,Recorded
B1054,AI132,2026-04-11 11:37:36,CANCELLED,19C,f369c1f4618c7e454e21a55cce43145e3d39b0a9ceae7d27a456f1866ab5b68e,d982c06231e88f6d655e,Air India,BLR - BOM,129,False,Matched,,,
B1055,6F012,2025-10-14 11:37:36,CANCELLED,13F,adab66dcfd46c7e9ef1da59d3a9f1b8d99640d5bc6df7c2785f88f86d098ca00,6f3b75290cfcc3230094,IndiGo,CCU - HYD,205,False,Matched,,,
B1056,UK173,2026-03-24 11:37:36,CANCELLED,15B,293d57898fe384ce253be16c31506578a9cd6b5105a61c56284b3f95fa877753,e046db3526f4c88f8420,Vistara,MAA - BLR,256,False,Matched,3173.87,NETBANKING,Recorded
B1056,UK173,2026-03-24 11:37:36,CANCELLED,15B,293d57898fe384ce253be16c31506578a9cd6b5105a61c56284b3f95fa877753,e046db3526f4c88f8420,Vistara,MAA - BLR,256,False,Matched,,CARD,Missing amount
B1057,SJ047,2025-08-20 11:37:36,CANCELLED,14F,37babcf71f5e06a9e32efe2f563b30160f03c837cf0c9d0e03f08255c5477fee,bb8b4424e7f0c464c1b6,Spicejet,HYD - BOM,37,True,Matched,1987.07,UPI,Recorded
B1057,SJ047,2025-08-20 11:37:36,CANCELLED,14F,37babcf71f5e06a9e32efe2f563b30160f03c837cf0c9d0e03f08255c5477fee,bb8b4424e7f0c464c1b6,Spicejet,HYD - BOM,37,True,Matched,10224.13,CARD,Recorded
B1058,SJ043,2025-12-07 11:37:36,PENDING,8C,903b2d213f6ded79c7fd183e3535e28d6f896e1e04192713db87fa08f3967db8,35f1e51a8ca761aba8e0,Spicejet,MAA - DEL,129,False,Matched,,,
B1059,UK140,2026-01-03 11:37:36,CONFIRMED,23B,dab322bb6a12613fa9992f6ce8f0819c99c777c1d621f4f388197920b94afee0,75b0ae176ef6f4446429,Vistara,MAA - BLR,83,False,Matched,10839.07,UPI,Recorded
B1060,6F086,2025-12-30 11:37:36,CONFIRMED,11A,2b8e42fea7e9bbec5ef35049c90f883b88037ab479081eaa300a174cc327288a,fe51fff3ab2767cca524,IndiGo,MAA - HYD,37,True,Matched,11681.98,UPI,Recorded
B1061,6F114,2026-04-05 11:37:36,CANCELLED,19C,b26e58d934fee2e7c912d32d1bdbc61c99f3b70d49602d94d8e36f18cafff723,cb93d1269a07b9afb165,IndiGo,BOM - MAA,50,False,Matched,12021.5,CARD,Recorded
B1061,6F114,2026-04-05 11:37:36,CANCELLED,19C,b26e58d934fee2e7c912d32d1bdbc61c99f3b70d49602d94d8e36f18cafff723,cb93d1269a07b9afb165,IndiGo,BOM - MAA,50,False,Matched,6835.68,CARD,Recorded
B1061,6F114,2026-04-05 11:37:36,CANCELLED,19C,b26e58d934fee2e7c912d32d1bdbc61c99f3b70d49602d94d8e36f18cafff723,cb93d1269a07b9afb165,IndiGo,BOM - MAA,50,False,Matched,12722.62,NETBANKING,Recorded
B1062,UK153,2025-06-12 11:37:36,CANCELLED,15D,f907d307cfdf0096d988e97e2e736ac132b3568993487e2898c63a7212bc1f84,aeb4f675325f237ee0b5,Vistara,CCU - HYD,241,False,Matched,,,
B1063,6F149,2025-05-19 11:37:36,CANCELLED,9A,1a4f01debc79e1f6b1604ce29706a81db0a50b47a658ad521940a77968119306,5cb604698d22abd8a00c,IndiGo,BLR - CCU,165,False,Matched,,,
B1064,UK145,2025-09-14 11:37:36,CONFIRMED,24E,e568e6620cc33c0e007d11e2120a7c5c4421694d952f7383609973a2a498628a,a885cd16b89c0d9b8ad8,Vistara,BOM - HYD,131,False,Matched,14413.72,UPI,Recorded
B1065,UK010,2026-03-06 11:37:36,CANCELLED,7B,da0b9c716f58a331842c27370bb2f7b342bef837640572b7fd85c93b478458c0,3a4c3392654fc03a0a26,Vistara,MAA - HYD,167,False,Matched,,,
B1066,SJ003,2025-11-05 11:37:36,PENDING,1B,afb725460e4cc85fde8d4139ab56f2d0bc072e3eacb1cb988179fd23e3d70802,4aa17ba8498f3233a295,Spicejet,MAA - CCU,42,True,Matched,,,
B1067,SJ160,2025-07-23 11:37:36,PENDING,7F,e21266d0494566a73978983393c393c5c3645489df0a121d647c5d438adf308b,d1fc3b1888b0a845e413,Spicejet,MAA - BLR,45,False,Matched,4488.44,UPI,Recorded
B1067,SJ160,2025-07-23 11:37:36,PENDING,7F,e21266d0494566a73978983393c393c5c3645489df0a121d647c5d438adf308b,d1fc3b1888b0a845e413,Spicejet,MAA - BLR,45,False,Matched,7570.06,UPI,Recorded
B1067,SJ160,2025-07-23 11:37:36,PENDING,7F,e21266d0494566a73978983393c393c5c3645489df0a121d647c5d438adf308b,d1fc3b1888b0a845e413,Spicejet,MAA - BLR,45,False,Matched,5374.84,NETBANKING,Recorded
B1068,UK224,2025-11-22 11:37:36,PENDING,23A,72f8c1597b65a04d282fdc8a47a661ff43bf9037acfcf4abb517fbf8dd7a2196,12d2521b5cf79b914ad2,Vistara,CCU - MAA,239,False,Matched,5274.94,NETBANKING,Recorded
B1069,UK152,2025-08-02 11:37:36,CONFIRMED,16E,25c73c17e83d04dddbbf4e87342071ad13407dca5b538655532a9eefb161ab36,e2fb67fb945ec11ba9d7,Vistara,BOM - CCU,169,False,Matched,14992.95,UPI,Recorded
B1070,SJ034,2025-09-22 11:37:36,CANCELLED,15D,e26643aa585aed1d3f49abc069feac9af40b739bc5f5ec264555102626913848,47d5c9c5cf14643cb211,Spicejet,MAA - BOM,291,False,Matched,5631.13,NETBANKING,Recorded
B1071,UK215,2025-12-21 11:37:36,CANCELLED,15F,ab94e679496f59f5399d34ab4ba6f105fc05b9dd69823269b6d0316d6886f610,9f666b3e912b32921bb8,Vistara,BOM - DEL,132,False,Matched,,,
B1072,UK089,2025-08-10 11:37:36,CANCELLED,18F,8dfd45b5cc3e58d3a543a4ab9c3bd3876d3c28c8e136a4f9a3634571b28bb251,3c572ae0d5fb8bf604f7,Vistara,BOM - HYD,252,False,Matched,,,
B1073,6F180,2025-12-04 11:37:36,CONFIRMED,16A,5f20d99fea076c9410296e729b474c6bc03891d71d51b0557517d74395da5ac6,e83b9ce72bcb034c3fdf,IndiGo,MAA - BLR,264,False,Matched,,,
B1074,6F188,2025-09-25 11:37:36,CONFIRMED,7A,8e4734a92d4800f860ba15d962b4b3d7b25c6ac4d5a3894d09e2d44050bf0845,78f32f2ec4c6951fc94b,IndiGo,DEL - HYD,282,False,Matched,,,
B1075,UK131,2026-01-03 11:37:36,CONFIRMED,2F,b7e0ff66c4e7e97dff64870733b98e827770a7f69927075353b21477f86643d2,eb066b95ac094ab0b0e9,Vistara,BOM - DEL,246,False,Matched,,,
B1076,UK055,2025-05-04 11:37:36,CONFIRMED,12B,1f38ca6b94382d46601d6f2403fba41c9bc47578862c423e589fe02bad40ea97,ea0b389ad46a0da0cafb,Vistara,HYD - DEL,163,False,Matched,8247.5,CARD,Recorded
B1077,UK181,2025-05-03 11:37:36,PENDING,3A,72f8751844ecf7451d0c034d58a106844348fc045bccf13853fdf7cd1d4972b1,853d5841a2165a44c4ad,Vistara,MAA - DEL,162,False,Matched,2981.73,NETBANKING,Recorded
B1077,UK181,2025-05-03 11:37:36,PENDING,3A,72f8751844ecf7451d0c034d58a106844348fc045bccf13853fdf7cd1d4972b1,853d5841a2165a44c4ad,Vistara,MAA - DEL,162,False,Matched,8279.97,CARD,Recorded
B1078,6F077,2025-09-21 11:37:36,CONFIRMED,1B,162892ff5b02fff50158e63eb8c80cf68a44302d9015a737cf1341dd3a3520ad,b132c9fb80a9d3dab24f,IndiGo,CCU - DEL,258,False,Matched,,,
B1079,SJ085,2025-06-03 11:37:36,CONFIRMED,10D,e374846d0f5965877614590e64db27f9a4f8a73fe642bc5ce52d1e7b67cd78cb,70bfb597b541683a7a14,Spicejet,BLR - MAA,270,False,Matched,,,
B1080,SJ023,2025-06-05 11:37:36,CONFIRMED,22D,dc02ab2aff3664171436868d9f9421ec636a4f8d26bfa06a031e3f8980f0536f,4c0ecd23a029ec9281ac,Spicejet,HYD - MAA,102,False,Matched,6604.5,UPI,Recorded
B1080,SJ023,2025-06-05 11:37:36,CONFIRMED,22D,dc02ab2aff3664171436868d9f9421ec636a4f8d26bfa06a031e3f8980f0536f,4c0ecd23a029ec9281ac,Spicejet,HYD - MAA,102,False,Matched,14564.92,CARD,Recorded
B1081,SJ202,2025-11-13 11:37:36,CANCELLED,29C,a453621f9882cccf4bb848c79f8ff04471eac093fa1335dffcbe36753a662d9c,0ab77f64197389c8c311,Spicejet,CCU - HYD,107,False,Matched,,,
B1082,SJ150,2025-09-09 11:37:36,CANCELLED,30A,181bf0c903b55ea0776be964b675934a5390ca6269a83482a0318d023fcae02a,522aa0ce27aee1ae64e9,Spicejet,BOM - HYD,210,False,Matched,,,
B1083,SJ116,2025-05-12 11:37:36,CANCELLED,9A,7ba92c76e3605eea66abc69c59fc272f8b5bae7b22564caa27d340780d92eebf,e29aa1e5c0adb673e557,Spicejet,HYD - CCU,89,False,Matched,6777.38,NETBANKING,Recorded
B1084,6F270,2025-06-14 11:37:36,PENDING,16E,2610aac831960257f20f8154424197c568af586b9aea65e94aeca42be1308359,f4816cd9251cd36c67df,IndiGo,HYD - MAA,48,False,Matched,,,
B1085,UK150,2026-03-24 11:37:36,PENDING,12A,04b4527fc3a09982d4f4d946d1192aa2c368cc1cbfada32c0eb2252f96858ffc,a1871139a0e48198c2ee,Vistara,DEL - CCU,30,True,Matched,11410.8,NETBANKING,Recorded
B1086,SJ237,2026-02-16 11:37:36,CONFIRMED,5D,55aa1f2208e3056db5eca4ab0bc39de06903c91f043557c64579aa7aaf8081fa,b2dc78712bb66ad24670,Spicejet,BOM - CCU,148,False,Matched,3704.21,UPI,Recorded
B1086,SJ237,2026-02-16 11:37:36,CONFIRMED,5D,55aa1f2208e3056db5eca4ab0bc39de06903c91f043557c64579aa7aaf8081fa,b2dc78712bb66ad24670,Spicejet,BOM - CCU,148,False,Matched,1169.75,UPI,Recorded
B1087,AI221,2025-05-08 11:37:36,CANCELLED,2F,b501d6d1df692b62d8da7e76b18b2a0bf7d58770df28bd34a0f700c14526d013,6ad6954a6d0d0aaea046,Air India,MAA - HYD,156,False,Matched,1154.4,NETBANKING,Recorded
B1087,AI221,2025-05-08 11:37:36,CANCELLED,2F,b501d6d1df692b62d8da7e76b18b2a0bf7d58770df28bd34a0f700c14526d013,6ad6954a6d0d0aaea046,Air India,MAA - HYD,156,False,Matched,2037.52,UPI,Recorded
B1088,SJ081,2026-03-25 11:37:36,PENDING,31A,549f35a3d232c070a75972ab15a38d55a3ac8d88489089525b2086d3e67f5b3a,c67e1d36f9897be2d33d,Spicejet,BOM - BLR,109,False,Matched,7375.1,UPI,Recorded
B1089,UK189,2025-09-03 11:37:36,CANCELLED,25F,ce86ea8e6947b039e2939a77d0d7bdba599e0eabbf5f9bf3e5f42f9ab183065b,3c0728150441583886ec,Vistara,BLR - MAA,224,False,Matched,,,
B1090,SJ068,2025-05-16 11:37:36,PENDING,31C,87066471d838743a294710b1ade92d7ece070dfb480439f667283d1bdcf059f0,51266e4891ea17416187,Spicejet,BLR - BOM,124,False,Matched,,,
B1091,6F043,2025-08-18 11:37:36,PENDING,25D,b73213ebc1daa21ed58711892fd3d6a308741c71376932df678c48e7ac5180e3,62a2d1b782605c3a2c1c,IndiGo,BOM - HYD,86,False,Matched,,,
B1092,UK187,2026-03-18 11:37:36,CONFIRMED,16D,85ccf5667a5a44911b612dea7b74bac50cb7f71e33ae93e01b02f6030646a2fe,4f97e21947cf3b2a6b0c,Vistara,BLR - BOM,110,False,Matched,9120.54,UPI,Recorded
B1092,UK187,2026-03-18 11:37:36,CONFIRMED,16D,85ccf5667a5a44911b612dea7b74bac50cb7f71e33ae93e01b02f6030646a2fe,4f97e21947cf3b2a6b0c,Vistara,BLR - BOM,110,False,Matched,5439.03,CARD,Recorded
B1092,UK187,2026-03-18 11:37:36,CONFIRMED,16D,85ccf5667a5a44911b612dea7b74bac50cb7f71e33ae93e01b02f6030646a2fe,4f97e21947cf3b2a6b0c,Vistara,BLR - BOM,110,False,Matched,1339.36,NETBANKING,Recorded
B1093,UK074,2025-05-11 11:37:36,CONFIRMED,25E,bd56672d1a005ce188f084af1e61e627ab208ab60b4802508087a4106b718523,32a006c60cff1d0150aa,Vistara,BOM - DEL,117,False,Matched,,,
B1094,UK004,2026-01-07 11:37:36,PENDING,24C,b9e1412d762ba0f609bbce4a243844272b487fc68a10244f6996ff97e959624c,8fe5f1278c8ec017be41,Vistara,BOM - CCU,34,True,Matched,6923.06,CARD,Recorded
B1094,UK004,2026-01-07 11:37:36,PENDING,24C,b9e1412d762ba0f609bbce4a243844272b487fc68a10244f6996ff97e959624c,8fe5f1278c8ec017be41,Vistara,BOM - CCU,34,True,Matched,10637.23,CARD,Recorded
B1095,6F194,2025-07-30 11:37:36,CONFIRMED,14B,1dc90818e9678db7803c568b7b98526249d90197aa1039010fbfefb720b3df50,be00c3a39a2bf355cc05,IndiGo,BOM - CCU,118,False,Matched,,,
B1096,UK068,2026-01-03 11:37:36,PENDING,12B,b6a14a1ac63a78ed757fffcdb1ff90c48b12361d51ae0b41840769411e891cf8,470287913bb6d5685735,Vistara,BLR - MAA,101,False,Matched,9995.45,NETBANKING,Recorded
B1096,UK068,2026-01-03 11:37:36,PENDING,12B,b6a14a1ac63a78ed757fffcdb1ff90c48b12361d51ae0b41840769411e891cf8,470287913bb6d5685735,Vistara,BLR - MAA,101,False,Matched,8168.44,UPI,Recorded
B1097,6F017,2025-08-26 11:37:36,UNKNOWN,34F,15f220d553d18377e5bab3de67422d24a8a0a527a3ebdc6ea3f30c41fbf97098,3d15afd721dfb685765a,IndiGo,CCU - BOM,161,False,Matched,,,
B1098,6F245,2025-10-15 11:37:36,UNKNOWN,13D,16b08bc30d940ac7687f9a740162e10124c9638cfc74d31371cd5303554f54c9,2d7da0ce5e7fcba146aa,IndiGo,CCU - BOM,161,False,Matched,10455.66,CARD,Recorded
B1099,6F254,2025-12-07 11:37:36,CONFIRMED,26E,35bea6d3a15e68706d970fde04ec2bf87d71c7499c6d9fb35acb1e6f8752f545,6e307ddc883abbb2aee3,IndiGo,MAA - BLR,215,False,Matched,,,
B1100,UK077,2026-03-05 11:37:36,CONFIRMED,16D,63b04369f3a993d7c6aab669a1ee5eb5635eaea31b3c769585c18e6263f4a68b,94becb01f7853c67cd47,Vistara,HYD - BOM,98,False,Matched,,,
B1101,AI029,2025-07-19 11:37:36,CONFIRMED,3D,4f14aff2943fcade54d2454654c8bce2d606818d0d172c5aedcf2bf73d0cbd44,2dd101a0cc987824c5da,Air India,MAA - DEL,264,False,Matched,2214.47,CARD,Recorded
B1102,SJ196,2025-10-06 11:37:36,INVALID,15F,79288cd2dd28b90c59698c5cbc851d7c5fe7ac4334b5d641478a4cf8a2f8b323,185e9c1c8f1483172884,Spicejet,DEL - HYD,166,False,Matched,10265.07,UPI,Recorded
B1102,SJ196,2025-10-06 11:37:36,INVALID,15F,79288cd2dd28b90c59698c5cbc851d7c5fe7ac4334b5d641478a4cf8a2f8b323,185e9c1c8f1483172884,Spicejet,DEL - HYD,166,False,Matched,14361.62,CARD,Recorded
B1103,AI242,2025-08-08 11:37:36,CANCELLED,20D,72f8751844ecf7451d0c034d58a106844348fc045bccf13853fdf7cd1d4972b1,ff28058d8d4dc5dd78f1,Air India,BLR - CCU,62,False,Matched,10750.13,NETBANKING,Recorded
B1103,AI242,2025-08-08 11:37:36,CANCELLED,20D,72f8751844ecf7451d0c034d58a106844348fc045bccf13853fdf7cd1d4972b1,ff28058d8d4dc5dd78f1,Air India,BLR - CCU,62,False,Matched,3312.42,NETBANKING,Recorded
B1104,AI242,2025-09-12 11:37:36,CANCELLED,16E,6b69a412b16507cf4570f0857a55e68ff1ad10a52cab9752cf3eb86e000ad0cd,ff28058d8d4dc5dd78f1,Air India,BLR - CCU,62,False,Matched,,,
B1105,SJ044,2025-09-11 11:37:36,CONFIRMED,19F,7855c3c890b744b4ef13703e2211e8e0bf7ef22225269147c2cb88cc68a6426a,b16ab73d8845164c25cc,Spicejet,DEL - CCU,157,False,Matched,14294.21,UPI,Recorded
B1106,UK063,2025-09-01 11:37:36,CONFIRMED,21F,f1d4133bb38ada0ff1e519112627d10fd079f269e66adb1698751b4d0ab2d112,7120f8186188e824f2b7,Vistara,DEL - BOM,72,False,Matched,,UPI,Missing amount
B1107,AI056,2025-05-19 11:37:36,CONFIRMED,30F,72f8751844ecf7451d0c034d58a106844348fc045bccf13853fdf7cd1d4972b1,0e6f965f73978235eabd,Air India,DEL - MAA,235,False,Matched,,,
B1108,UK207,2025-10-11 11:37:36,CANCELLED,14B,960f7545bbe978e915d8fa5451046de9d2cd62bb934ae274decad188adf29447,94266884283e86096db9,Vistara,MAA - CCU,75,False,Matched,,,
B1109,UK166,2025-12-03 11:37:36,CANCELLED,33D,17bf5833a02e7514445928b88b3363e93558ad18ab4afe80afd63e9780c4bc5c,d887b1e95bb95ae96a44,Vistara,HYD - MAA,293,False,Matched,13080.08,NETBANKING,Recorded
B1110,6F261,2025-12-17 11:37:36,PENDING,12B,a43e730a61aa2e2e96d47ede8bb838dc32dd4c4a148c959468c8417087eec653,6433ad1372d8ce66864d,IndiGo,CCU - DEL,178,False,Matched,,,
B1111,UK134,2025-12-25 11:37:36,CANCELLED,34A,4d0ffe0d39baf077e309b8447623943090b5c9acdf43af2f84af5050aff86b7c,fa64320f62634bd4d990,Vistara,HYD - CCU,222,False,Matched,,NETBANKING,Missing amount
B1112,6F152,2025-10-02 11:37:36,PENDING,27A,3bd1eede36c5bc5c2fed35c74ae91ba40f116da948890315cdc4ace8dcd235a3,90e404119487e62c2267,IndiGo,CCU - DEL,124,False,Matched,10855.19,UPI,Recorded
B1112,6F152,2025-10-02 11:37:36,PENDING,27A,3bd1eede36c5bc5c2fed35c74ae91ba40f116da948890315cdc4ace8dcd235a3,90e404119487e62c2267,IndiGo,CCU - DEL,124,False,Matched,9807.59,NETBANKING,Recorded
B1113,SJ089,2025-11-23 11:37:36,CONFIRMED,5A,4343b98b152f453d42fbf1286c97cf7426c55d65d513970798d232b0a5096c0f,0f796b8de9e50e33283c,Spicejet,HYD - CCU,273,False,Matched,9457.62,UPI,Recorded
B1114,6F123,2025-09-26 11:37:36,CANCELLED,2E,53f1e160a1614192eb71d4d6f8e7a2eb5f170c1e5c02f3df4dc53d29c42842e0,44f4a8a09364eedd050c,IndiGo,DEL - HYD,106,False,Matched,8187.33,NETBANKING,Recorded
B1115,AI025,2025-08-23 11:37:36,CONFIRMED,10A,6cac0df045529ab3cdca88a3262b1fd869163449c46921bfc2892fc2be7b9acd,a754a355f0e897ea3ede,Air India,HYD - DEL,145,False,Matched,8185.02,UPI,Recorded
B1116,6F030,2025-12-05 11:37:36,CONFIRMED,19B,a10d7156d9a2a518ee7f195f823d570429c5a16e72b979cddd8ac1cf01d9b8d6,6c93fb0bb4fd70b63e16,IndiGo,BOM - DEL,170,False,Matched,9883.49,NETBANKING,Recorded
B1117,SJ222,2025-09-02 11:37:36,CONFIRMED,28F,fa2fc90b24dd975ac45ad2d08f180bfb008e2a044f95305fb9c2b06768af7451,fb1081a8c1721df1c4c5,Spicejet,BOM - DEL,174,False,Matched,11125.21,CARD,Recorded
B1117,SJ222,2025-09-02 11:37:36,CONFIRMED,28F,fa2fc90b24dd975ac45ad2d08f180bfb008e2a044f95305fb9c2b06768af7451,fb1081a8c1721df1c4c5,Spicejet,BOM - DEL,174,False,Matched,13517.5,UPI,Recorded
B1118,UK109,2026-04-03 11:37:36,CONFIRMED,34B,9766c347095f06a0d626ed9cc6a182eefb01dc9c882caff09c9223eefbb4b9d8,8501c352104ab4337e84,Vistara,BLR - BOM,60,False,Matched,,NETBANKING,Missing amount
B1119,SJ117,2025-11-25 11:37:36,CANCELLED,21F,bfc4d0f61c5b92a2d8f5e34b37a8ac31a9944bef96f844441ae16564506ec5a0,c6d766288cd70a792436,Spicejet,MAA - BLR,236,False,Matched,14344.34,NETBANKING,Recorded
B1119,SJ117,2025-11-25 11:37:36,CANCELLED,21F,bfc4d0f61c5b92a2d8f5e34b37a8ac31a9944bef96f844441ae16564506ec5a0,c6d766288cd70a792436,Spicejet,MAA - BLR,236,False,Matched,7924.37,CARD,Recorded
B1120,SJ142,2025-08-12 11:37:36,CONFIRMED,12D,b6d0eb4be2ccf7e63cb5e2755fc460c8d1f2e60cb2c521a9f7aa812a38754a6e,10bfd02375b5fb595798,Spicejet,CCU - BOM,102,False,Matched,,CARD,Missing amount
B1120,SJ142,2025-08-12 11:37:36,CONFIRMED,12D,b6d0eb4be2ccf7e63cb5e2755fc460c8d1f2e60cb2c521a9f7aa812a38754a6e,10bfd02375b5fb595798,Spicejet,CCU - BOM,102,False,Matched,1037.82,CARD,Recorded
B1120,SJ142,2025-08-12 11:37:36,CONFIRMED,12D,b6d0eb4be2ccf7e63cb5e2755fc460c8d1f2e60cb2c521a9f7aa812a38754a6e,10bfd02375b5fb595798,Spicejet,CCU - BOM,102,False,Matched,1533.66,UPI,Recorded
B1121,SJ142,2025-06-01 11:37:36,PENDING,17C,c0040fd9d70dc7a04ebd1a511fb73ec664e2eb5fde340d3065991df29e1349d8,10bfd02375b5fb595798,Spicejet,CCU - BOM,102,False,Matched,,,
B1122,AI030,2025-05-02 11:37:36,CANCELLED,20B,df47f2c9f28074d7ee7b3408f078f52e2482570dd896d1d6441287dc33694443,bf6fec710dc54a39454b,Air India,CCU - HYD,199,False,Matched,,,
B1123,6F097,2025-09-23 11:37:36,CONFIRMED,8A,4e0b8fb336cc3a310728ed9c20400edad95b3f6f26f76afec4b9a7cb7162e904,88b9679491a5f242aea9,IndiGo,BLR - BOM,77,False,Matched,6074.04,UPI,Recorded
B1123,6F097,2025-09-23 11:37:36,CONFIRMED,8A,4e0b8fb336cc3a310728ed9c20400edad95b3f6f26f76afec4b9a7cb7162e904,88b9679491a5f242aea9,IndiGo,BLR - BOM,77,False,Matched,8451.44,NETBANKING,Recorded
B1124,6F129,2025-05-23 11:37:36,CANCELLED,5C,8536248035fbc3a26461b705c9931295412ab30d07746ee84b8a22a926d17d7b,145910e997ffd31e0c2c,IndiGo,DEL - CCU,139,False,Matched,,CARD,Missing amount
B1124,6F129,2025-05-23 11:37:36,CANCELLED,5C,8536248035fbc3a26461b705c9931295412ab30d07746ee84b8a22a926d17d7b,145910e997ffd31e0c2c,IndiGo,DEL - CCU,139,False,Matched,2030.14,UPI,Recorded
B1124,6F129,2025-05-23 11:37:36,CANCELLED,5C,8536248035fbc3a26461b705c9931295412ab30d07746ee84b8a22a926d17d7b,145910e997ffd31e0c2c,IndiGo,DEL - CCU,139,False,Matched,13723.54,UPI,Recorded
B1125,6F181,2026-01-15 11:37:36,PENDING,27E,3ce727a8340c866a81d5a289fe599cd1fa7f0a2b77f8e5c5487e9b8103eda4d9,d4064d1ae06f8d0bf3a3,IndiGo,BOM - MAA,108,False,Matched,,,
B1126,AI072,2025-10-20 11:37:36,CONFIRMED,10E,39cb75303683b49b8b9f99bc8f565214190a169f413631c6b0e6aa8af84a4d8d,ef7affe02f0e9fe6df5b,Air India,BLR - CCU,58,False,Matched,,,
B1127,SJ154,2025-06-29 11:37:36,PENDING,2E,08592ec42984d459042fc02f30d68bd5a346be19192e3198ec05b181c2d13f81,1ad73429a3387ea1e154,Spicejet,BLR - HYD,99,False,Matched,,,
B1128,AI031,2026-04-08 11:37:36,CONFIRMED,10D,aef7c6e2e431639c2e67f83a80da1f9a0a5716a34c7cb315d1defaaf2928b98c,9a90789b4c3ab1e4346f,Air India,DEL - MAA,186,False,Matched,,,
B1129,AI031,2025-09-18 11:37:36,PENDING,26F,251cbddda4d401bc87a9a0420d6e49e16c6874e72053dd5beb1c88a83ff06c66,9a90789b4c3ab1e4346f,Air India,DEL - MAA,186,False,Matched,12008.51,UPI,Recorded
B1130,6F158,2025-12-26 11:37:36,CONFIRMED,34E,18012d88db9b5843bc0c576a5ffb9f9402d97274b617285f8de03de90a98ee09,fa73581255b7feabc413,IndiGo,CCU - MAA,246,False,Matched,,,
B1131,6F184,2025-06-16 11:37:36,CANCELLED,1C,807b0d7a517dbfd4556c49de8008b7a5fe7ec56ceacf9639f5096e731db2c3f3,b36ec7cb10c99ac89460,IndiGo,MAA - BOM,179,False,Matched,3592.91,UPI,Recorded
B1132,UK141,2025-06-20 11:37:36,CONFIRMED,10D,9ccd2f6819fbb63dd59f0897274d9b77d4f9f710dedf72dac0b0b2944fda56f6,c6737f087a61c60af49c,Vistara,HYD - MAA,141,False,Matched,,UPI,Missing amount
B1132,UK141,2025-06-20 11:37:36,CONFIRMED,10D,9ccd2f6819fbb63dd59f0897274d9b77d4f9f710dedf72dac0b0b2944fda56f6,c6737f087a61c60af49c,Vistara,HYD - MAA,141,False,Matched,2045.26,UPI,Recorded
B1132,UK141,2025-06-20 11:37:36,CONFIRMED,10D,9ccd2f6819fbb63dd59f0897274d9b77d4f9f710dedf72dac0b0b2944fda56f6,c6737f087a61c60af49c,Vistara,HYD - MAA,141,False,Matched,2632.44,UPI,Recorded
B1133,6F168,2025-12-29 11:37:36,CANCELLED,23D,f7fd98650169cf1fda158909236b43329f081ff1e0f14b90506ba4a7edc08b67,523bc999cc8a9af58ba2,IndiGo,HYD - DEL,220,False,Matched,12903.74,NETBANKING,Recorded
B1133,6F168,2025-12-29 11:37:36,CANCELLED,23D,f7fd98650169cf1fda158909236b43329f081ff1e0f14b90506ba4a7edc08b67,523bc999cc8a9af58ba2,IndiGo,HYD - DEL,220,False,Matched,1296.69,NETBANKING,Recorded
B1134,6F051,2025-07-28 11:37:36,CONFIRMED,34C,e120bf9fb1f451cbd241da15bbd54b9963f97da539069526b2f3eb81583f8f6c,5b05a718df05cb779353,IndiGo,BLR - BOM,120,False,Matched,,,
B1135,6F047,2025-12-02 11:37:36,CONFIRMED,20E,4a02d393127a8ffa3b93358d0f644d62fd05c8cf1f5fa6f0531af7d3843507cb,185f5aff33db11f78759,IndiGo,MAA - DEL,125,False,Matched,10501.09,CARD,Recorded
B1136,UK156,2025-10-26 11:37:36,PENDING,28E,1f38ca6b94382d46601d6f2403fba41c9bc47578862c423e589fe02bad40ea97,6029198938d23d603708,Vistara,MAA - BLR,244,False,Matched,2857.01,NETBANKING,Recorded
B1137,AI094,2025-09-01 11:37:36,PENDING,13E,ba79c2e6775e981ce5c8d12a0e9608bf1ccc2f5848e24a503359a075674b594b,c64b4f134600a3ea5355,Air India,DEL - BLR,60,False,Matched,6179.22,CARD,Recorded
B1137,AI094,2025-09-01 11:37:36,PENDING,13E,ba79c2e6775e981ce5c8d12a0e9608bf1ccc2f5848e24a503359a075674b594b,c64b4f134600a3ea5355,Air India,DEL - BLR,60,False,Matched,3913.54,UPI,Recorded
B1138,AI038,2025-07-14 11:37:36,PENDING,6C,97a8dec50a7fcde83edcbbc6a250f02b631913c56dfc7266103ebd64cc1eca77,e05c70ef35e51158c7d6,Air India,HYD - MAA,279,False,Matched,,,
B1139,6F255,2026-01-19 11:37:36,CONFIRMED,29F,b4a409e1b4a7bed0444bc29bbc79a15d3573917ef3db6a6956a2a3d5d3ede941,09c08e43e3a443819bb9,IndiGo,DEL - BOM,214,False,Matched,6016.05,UPI,Recorded
B1140,SJ025,2026-01-23 11:37:36,CONFIRMED,29D,0cf352923e65544a8a0c39f159ddde078c4693db779a82a5cdfdc4406f3afb2c,953249c4441d27b0b8cd,Spicejet,BOM - CCU,207,False,Matched,8447.38,NETBANKING,Recorded
B1140,SJ025,2026-01-23 11:37:36,CONFIRMED,29D,0cf352923e65544a8a0c39f159ddde078c4693db779a82a5cdfdc4406f3afb2c,953249c4441d27b0b8cd,Spicejet,BOM - CCU,207,False,Matched,,CARD,Missing amount
B1141,SJ185,2025-10-28 11:37:36,CONFIRMED,9C,b51a4319127bdf71eeb18b5f1dbc364f4d770830cc5fe913e2da9ddd0ef42db5,6303c936f3b1da65b459,Spicejet,BOM - CCU,60,False,Matched,,,
B1142,6F259,2026-01-21 11:37:36,CANCELLED,5C,0db55b9a17c59c7c6ee099d4d32461b63ed1494fe674f508ae55f1029264e4d2,6db6dac2722684a9e244,IndiGo,BOM - DEL,71,False,Matched,4506.21,CARD,Recorded
B1143,6F073,2026-04-07 11:37:36,CANCELLED,15A,50973951f320b068c9d9b1caad0fd823c8f1245d6e82579673b7985577b47c64,24a5af1235918cfe06ce,IndiGo,DEL - CCU,220,False,Matched,6360.73,NETBANKING,Recorded
B1144,AI091,2025-09-26 11:37:36,CONFIRMED,6D,9520629eb8f3cff8bb34c814ce61f15af9968d0b75642f93c68edd99fc6a1950,6bd852fd6941ca1b9a09,Air India,CCU - MAA,263,False,Matched,,CARD,Missing amount
B1145,6F191,2025-08-23 11:37:36,PENDING,15D,19a2d0847f1104234bd11c38e5b112a4217e4c56dcff6a1a14a4a7f8b37065bc,575d3d68be89463e2dc7,IndiGo,BLR - DEL,30,True,Matched,,,
B1146,UK228,2025-08-30 11:37:36,PENDING,25A,2c55cef00a1181f0e1dfa5019031c1d981bc0e8f6e5901cb18ac01ddf3a0b479,7cb4b454f6aea65cd125,Vistara,DEL - MAA,190,False,Matched,,UPI,Missing amount
B1147,6F146,2026-03-25 11:37:36,PENDING,11E,76cf7864a815d0da3feac01af8f5768f752f803b347f0aaead4edd7cba1d3300,075161928fbe6c06ea60,IndiGo,HYD - MAA,76,False,Matched,,,
B1148,6F068,2025-10-13 11:37:36,CONFIRMED,19A,bda2b12ebaa48444400e48d5f3875f88adad89a492fcc7c3f21feda58fa9199b,f679869b8ddbc957566f,IndiGo,BLR - HYD,229,False,Matched,,,
B1149,SJ218,2026-01-08 11:37:36,PENDING,30F,dd13419001b0c99e817539355a1630d3a5257040fca8877d9b091c83ee9be98e,b1d39780fc2325850cef,Spicejet,DEL - HYD,185,False,Matched,3280.83,UPI,Recorded
B1149,SJ218,2026-01-08 11:37:36,PENDING,30F,dd13419001b0c99e817539355a1630d3a5257040fca8877d9b091c83ee9be98e,b1d39780fc2325850cef,Spicejet,DEL - HYD,185,False,Matched,9112.92,CARD,Recorded
B1150,UK083,2025-09-25 11:37:36,CONFIRMED,12A,a933c71706528785cce70fb77f5b96997b687ab0701634462fbf99a419d65712,9f9698cef09f9962a2fb,Vistara,DEL - HYD,49,False,Matched,12535.73,NETBANKING,Recorded
B1151,SJ007,2026-01-18 11:37:36,CANCELLED,29B,20247d0f773ac81d16b5da472c5e1f2dfbaecbfd241923380584b1ed8313fb7c,497b15239a5b2686e927,Spicejet,BOM - CCU,290,False,Matched,,CARD,Missing amount
B1152,AI077,2025-08-14 11:37:36,PENDING,27A,ab94e679496f59f5399d34ab4ba6f105fc05b9dd69823269b6d0316d6886f610,a97fb72f01800515d88e,Air India,CCU - HYD,66,False,Matched,,,
B1153,UK017,2025-12-20 11:37:36,CANCELLED,8D,f95935881730a0bfad995dce83be18c8e4f7408915691cc8f8a14220cc6453eb,c66ec540dbcdde68db0a,Vistara,BLR - HYD,95,False,Matched,5774.24,NETBANKING,Recorded
B1154,6F229,2026-02-17 11:37:36,PENDING,24A,a528abe57e71c64e5921b5416159182408ac3fe5c211f1cafce56bd32b8bba08,d4e05357151e8969b015,IndiGo,MAA - DEL,80,False,Matched,9979.51,UPI,Recorded
B1155,6F074,2025-10-08 11:37:36,CONFIRMED,6D,a057dd327e81619b0d5b68a6cab6b76db765cb4d623084ed29ad586319c2151a,4b514ad5bab66a1ba7d1,IndiGo,HYD - BOM,200,False,Matched,,,
B1156,SJ088,2026-03-25 11:37:36,CONFIRMED,5E,513775c6f7a3c840201497e25a55d176aafcea171e178b6e1fb5b7744d57186d,cfe3f799d50e6d7d39ad,Spicejet,CCU - MAA,32,True,Matched,3413.47,NETBANKING,Recorded
B1157,SJ167,2025-06-28 11:37:36,CONFIRMED,18B,3d9ca399bd6ce524baa4cdbe63315339e8602dce076dcccc5e7b9141aec06be0,4e252a8b5a36a07e4dfe,Spicejet,MAA - CCU,54,False,Matched,7902.25,NETBANKING,Recorded
B1158,6F234,2025-07-20 11:37:36,CONFIRMED,22A,196f9106968e866e97dc865124127fcf99be5ef76b21394e9ec892675f5505e7,a83c12baad604f8be587,IndiGo,BOM - DEL,171,False,Matched,14265.47,UPI,Recorded
B1159,UK071,2025-12-10 11:37:36,PENDING,22F,284f673ce07c9e3322dd877a7f43bfbecc0f2bc95f0db5ea6116473bef27a322,4cd816b328afec4a0b07,Vistara,DEL - HYD,196,False,Matched,8897.78,CARD,Recorded
B1159,UK071,2025-12-10 11:37:36,PENDING,22F,284f673ce07c9e3322dd877a7f43bfbecc0f2bc95f0db5ea6116473bef27a322,4cd816b328afec4a0b07,Vistara,DEL - HYD,196,False,Matched,,CARD,Missing amount
B1159,UK071,2025-12-10 11:37:36,PENDING,22F,284f673ce07c9e3322dd877a7f43bfbecc0f2bc95f0db5ea6116473bef27a322,4cd816b328afec4a0b07,Vistara,DEL - HYD,196,False,Matched,8064.97,CARD,Recorded
B1160,AI178,2025-11-21 11:37:36,CANCELLED,29A,ad98b876dc874a43ef474bee467163fd9c08343c3e90fedb00c2189bca215c15,7e011cbf23aab536f10e,Air India,CCU - BLR,59,False,Matched,5267.38,UPI,Recorded
B1161,UK104,2025-11-14 11:37:36,CONFIRMED,12A,2efefbed4caf74c7e46d746e370992fcebb91abd1bd377e198eeee7ccacb055f,04ada4788d5cc4107ffa,Vistara,DEL - BOM,82,False,Matched,7144.72,UPI,Recorded
B1161,UK104,2025-11-14 11:37:36,CONFIRMED,12A,2efefbed4caf74c7e46d746e370992fcebb91abd1bd377e198eeee7ccacb055f,04ada4788d5cc4107ffa,Vistara,DEL - BOM,82,False,Matched,9652.61,UPI,Recorded
B1161,UK104,2025-11-14 11:37:36,CONFIRMED,12A,2efefbed4caf74c7e46d746e370992fcebb91abd1bd377e198eeee7ccacb055f,04ada4788d5cc4107ffa,Vistara,DEL - BOM,82,False,Matched,7842.91,CARD,Recorded
B1162,AI146,2025-04-22 11:37:36,INVALID,32D,6d7462a8b6df0491f560960ebcc9cade54954b9fe58f350008aa7c1e03021855,0dcf84998649e35ad84e,Air India,BLR - DEL,186,False,Matched,,,
B1163,SJ235,2025-11-10 11:37:36,CANCELLED,13D,bd609dc519d2e33e554ca20e6d33edfa3d78b4d044c8b6e286580475a06f9c1d,5c756aed47c348f23440,Spicejet,BOM - DEL,228,False,Matched,,,
B1164,6F209,2025-04-24 11:37:36,CONFIRMED,24A,b0c85f90f5e1e88ac7e45bd925fa484ca3c9f88f09bf996d5eaca59e28e731a1,570b60f038e3141b5875,IndiGo,MAA - CCU,300,False,Matched,2684.77,UPI,Recorded
B1165,AI129,2025-08-20 11:37:36,CANCELLED,2F,b978689a4fe7dcb8eb02a589c8c1a177ac5569c551c9fb13a76c8c7c147a3501,3625ca03be9d59c13500,Air India,BOM - CCU,189,False,Matched,10424.86,NETBANKING,Recorded
B1165,AI129,2025-08-20 11:37:36,CANCELLED,2F,b978689a4fe7dcb8eb02a589c8c1a177ac5569c551c9fb13a76c8c7c147a3501,3625ca03be9d59c13500,Air India,BOM - CCU,189,False,Matched,9442.05,UPI,Recorded
B1165,AI129,2025-08-20 11:37:36,CANCELLED,2F,b978689a4fe7dcb8eb02a589c8c1a177ac5569c551c9fb13a76c8c7c147a3501,3625ca03be9d59c13500,Air India,BOM - CCU,189,False,Matched,13603.29,CARD,Recorded
B1165,AI129,2025-08-20 11:37:36,CANCELLED,2F,b978689a4fe7dcb8eb02a589c8c1a177ac5569c551c9fb13a76c8c7c147a3501,3625ca03be9d59c13500,Air India,BOM - CCU,189,False,Matched,9627.79,CARD,Recorded
B1166,SJ141,2026-01-23 11:37:36,CONFIRMED,34D,05be00214b3fa2c291644500d328a0c88d2af552aa5ac9627d8317f45086620f,d72bccf9776443434783,Spicejet,CCU - DEL,217,False,Matched,5530.81,NETBANKING,Recorded
B1167,SJ018,2026-02-02 11:37:36,CANCELLED,9F,f1d4133bb38ada0ff1e519112627d10fd079f269e66adb1698751b4d0ab2d112,739d77d162fc8e1e9de5,Spicejet,BOM - CCU,153,False,Matched,7043.11,CARD,Recorded
B1167,SJ018,2026-02-02 11:37:36,CANCELLED,9F,f1d4133bb38ada0ff1e519112627d10fd079f269e66adb1698751b4d0ab2d112,739d77d162fc8e1e9de5,Spicejet,BOM - CCU,153,False,Matched,12224.46,UPI,Recorded
B1167,SJ018,2026-02-02 11:37:36,CANCELLED,9F,f1d4133bb38ada0ff1e519112627d10fd079f269e66adb1698751b4d0ab2d112,739d77d162fc8e1e9de5,Spicejet,BOM - CCU,153,False,Matched,8032.22,NETBANKING,Recorded
B1168,UK120,2025-10-14 11:37:36,CANCELLED,11C,336da79e97acd2f6868b596f20c813a3e0e1425e2e2f35ffe9b888c3cb45205a,214b634442e5dcb66152,Vistara,HYD - DEL,251,False,Matched,5435.83,CARD,Recorded
B1169,AI078,2025-11-15 11:37:36,CONFIRMED,11E,b96d24c8136089bab8e0635b3917aaf881c20003e4272f17942fefdd033272d6,9895c3c0f3f5b5a33b01,Air India,DEL - BOM,270,False,Matched,3795.6,NETBANKING,Recorded
B1170,AI079,2025-09-14 11:37:36,PENDING,15E,743ad7c39f4b97a6b78b490a77aa71433340cf23cc08c166ac00932bf446175c,68ad639b551354a79991,Air India,CCU - BLR,135,False,Matched,,,
B1171,UK087,2025-09-19 11:37:36,CANCELLED,21A,32c8f5c588bca28375f5bb3e9b2457e3e07c761a2d4304804ebdc5f995559db6,2e813c1cdcff2f5b0f2c,Vistara,HYD - MAA,208,False,Matched,7227.28,UPI,Recorded
B1171,UK087,2025-09-19 11:37:36,CANCELLED,21A,32c8f5c588bca28375f5bb3e9b2457e3e07c761a2d4304804ebdc5f995559db6,2e813c1cdcff2f5b0f2c,Vistara,HYD - MAA,208,False,Matched,12677.76,UPI,Recorded
B1171,UK087,2025-09-19 11:37:36,CANCELLED,21A,32c8f5c588bca28375f5bb3e9b2457e3e07c761a2d4304804ebdc5f995559db6,2e813c1cdcff2f5b0f2c,Vistara,HYD - MAA,208,False,Matched,3406.0,UPI,Recorded
B1172,UK133,2026-01-17 11:37:36,CONFIRMED,8F,2ed050e1b75afb035e7c66e0892f4bf176ff4fd255e28b7bdaa216de1a95694c,313c22d7c11cd24131f0,Vistara,BOM - DEL,192,False,Matched,9220.51,NETBANKING,Recorded
B1172,UK133,2026-01-17 11:37:36,CONFIRMED,8F,2ed050e1b75afb035e7c66e0892f4bf176ff4fd255e28b7bdaa216de1a95694c,313c22d7c11cd24131f0,Vistara,BOM - DEL,192,False,Matched,10384.47,NETBANKING,Recorded
B1172,UK133,2026-01-17 11:37:36,CONFIRMED,8F,2ed050e1b75afb035e7c66e0892f4bf176ff4fd255e28b7bdaa216de1a95694c,313c22d7c11cd24131f0,Vistara,BOM - DEL,192,False,Matched,5872.42,UPI,Recorded
B1173,AI222,2025-06-01 11:37:36,CANCELLED,22E,2c4a7fa03ba5dc6e80f0cf0e3c3a74eb710072488d24609f4d642e7416955aa2,f9a91e705e6ce60f458e,Air India,BOM - DEL,64,False,Matched,,UPI,Missing amount
B1174,6F049,2026-04-12 11:37:36,CANCELLED,19D,7d7c0928f297a259aa3ac8f9d48e3d39d6f8c9d53f2d03d248b1e0a8873ad469,3aa84827845e8ce392bd,IndiGo,HYD - DEL,193,False,Matched,,NETBANKING,Missing amount
B1175,6F105,2026-01-29 11:37:36,PENDING,27D,e21266d0494566a73978983393c393c5c3645489df0a121d647c5d438adf308b,9ccc2dc7c6cfa80d2699,IndiGo,BLR - BOM,72,False,Matched,10654.9,UPI,Recorded
B1176,SJ226,2025-04-17 11:37:36,CANCELLED,7C,a5ec7881aa27e1589cb73cd10bd4b159e51170a8d01c8c51cb3486158c87e940,ad5d548b1e3418f86c49,Spicejet,HYD - BOM,247,False,Matched,,,
B1177,SJ227,2025-07-29 11:37:36,CANCELLED,34D,dc02ab2aff3664171436868d9f9421ec636a4f8d26bfa06a031e3f8980f0536f,876a939a3eecc7aa1622,Spicejet,BOM - CCU,261,False,Matched,12412.89,NETBANKING,Recorded
B1178,6F034,2026-02-05 11:37:36,CONFIRMED,34E,3eb71ba1795207ab8ede9457cddd74968145c84338da0b221107b2be56f30d8a,829b5b51805c492969ec,IndiGo,BOM - DEL,56,False,Matched,,NETBANKING,Missing amount
B1179,SJ078,2025-10-03 11:37:36,CONFIRMED,33D,261cc855c1aa673f8892985d511aba9d0ae53998f33a725754fc5fc01c6be08f,6eb759f1980352013c8e,Spicejet,DEL - HYD,188,False,Matched,3495.66,UPI,Recorded
B1179,SJ078,2025-10-03 11:37:36,CONFIRMED,33D,261cc855c1aa673f8892985d511aba9d0ae53998f33a725754fc5fc01c6be08f,6eb759f1980352013c8e,Spicejet,DEL - HYD,188,False,Matched,4786.25,NETBANKING,Recorded
B1179,SJ078,2025-10-03 11:37:36,CONFIRMED,33D,261cc855c1aa673f8892985d511aba9d0ae53998f33a725754fc5fc01c6be08f,6eb759f1980352013c8e,Spicejet,DEL - HYD,188,False,Matched,2337.61,UPI,Recorded
B1180,AI240,2026-04-10 11:37:36,PENDING,22F,4c0f5182cb8f64648186487deefa7d09ff098af5108f3daf21c1c2f6e181bdbe,af1fb85412b06169f849,Air India,MAA - DEL,147,False,Matched,,,
B1181,SJ002,2026-03-29 11:37:36,CANCELLED,12E,41f888d903059e7e91d1546b0ab6c75b7b0d1b58c434d4309bc31c4feb738d22,5b04a1640bd945767aab,Spicejet,DEL - BOM,286,False,Matched,,,
B1182,AI044,2025-08-11 11:37:36,CANCELLED,3A,f59377d6e3edda4beb0f11339f059d982430f6243a449acbe5c2116c002b9e90,5c90693fd87dadd6f4ca,Air India,MAA - BLR,213,False,Matched,9005.88,UPI,Recorded
B1183,UK076,2025-06-22 11:37:36,CANCELLED,8C,c5e54f4864f74c38a31edcef1679d88961624556da3274ef380a937de014692c,c5bdf0d59a706b7e73bd,Vistara,MAA - CCU,263,False,Matched,,,
B1184,6F232,2025-08-01 11:37:36,PENDING,28E,60048dd10dbca62a61bbac8b4fc1e8433f698ff1c0232e736a4ea613c5e58c3a,4651e777873f06686da3,IndiGo,MAA - BLR,103,False,Matched,,,
B1185,SJ228,2025-08-16 11:37:36,CANCELLED,25E,9fa970e3ca122922ecfbd33c235a19fd5c7052fb5ab8dd832b0c8b2ec6521a08,2f937ab1a5b220c01b96,Spicejet,BOM - CCU,227,False,Matched,13080.31,CARD,Recorded
B1186,SJ074,2026-04-04 11:37:36,CONFIRMED,1B,95a5864855b758c377f048d76e17c4729315de15cddb2ccdb6464655f915c6f7,6eb8efe227befefe825a,Spicejet,DEL - CCU,41,True,Matched,,,
B1187,UK229,2025-08-04 11:37:36,PENDING,7F,9d93be240efd47c7377532049030a2381dd9a6f3892ea9b44f96865f80340c83,6f36382ecae08a7d3bec,Vistara,HYD - DEL,257,False,Matched,6625.76,NETBANKING,Recorded
B1188,AI208,2026-04-04 11:37:36,CONFIRMED,6A,def79692bcff6655bbd2a2e05ea026e16fdd81de6d9675a525b6a962ee96b28f,08febcc15b91c397f062,Air India,BLR - BOM,194,False,Matched,,,
B1189,AI019,2025-11-23 11:37:36,CONFIRMED,14F,ad98b876dc874a43ef474bee467163fd9c08343c3e90fedb00c2189bca215c15,06e207646e56581aaaf4,Air India,BOM - CCU,62,False,Matched,,,
B1190,6F029,2025-05-23 11:37:36,PENDING,12B,7e91a06a64649c107953821abe689079876fb46dbf21446fd72911cb97d12b00,b9ca3e68c1483b2bea3f,IndiGo,BOM - BLR,254,False,Matched,,,
B1191,6F018,2025-04-27 11:37:36,CONFIRMED,25B,6aa796b9e712968b56df8d887edc723cda3fec0b046bec87543b3aa322508768,57537cc196e99e1ae996,IndiGo,DEL - BLR,46,False,Matched,,,
B1192,AI059,2025-06-23 11:37:36,CANCELLED,7D,9a92adc68834218051741a1a4e3cf10109b166f76de3b1f8ff487674fc542a58,66f4d45954228a75826b,Air India,CCU - DEL,147,False,Matched,,UPI,Missing amount
B1193,AI159,2025-05-22 11:37:36,PENDING,13D,9d93be240efd47c7377532049030a2381dd9a6f3892ea9b44f96865f80340c83,cec73f14f5d9ecaa3584,Air India,HYD - BLR,133,False,Matched,,,
B1194,6F091,2025-07-11 11:37:36,CONFIRMED,14F,d9088fa6d7e5027027ec6a314cd369e056ab8c230aaf5012e75730b2940f217d,a87735cfea70d6c64974,IndiGo,BLR - CCU,86,False,Matched,,,
B1195,6F084,2025-07-20 11:37:36,CANCELLED,10B,b6a51f74bcf2dc0275ca67c1c20935813a0d227f0a808e3bd268fe9647cd8f84,4a330bbdd7a6c555be9b,IndiGo,CCU - HYD,60,False,Matched,13205.17,UPI,Recorded
B1195,6F084,2025-07-20 11:37:36,CANCELLED,10B,b6a51f74bcf2dc0275ca67c1c20935813a0d227f0a808e3bd268fe9647cd8f84,4a330bbdd7a6c555be9b,IndiGo,CCU - HYD,60,False,Matched,6019.11,CARD,Recorded
B1196,UK170,2026-01-15 11:37:36,CANCELLED,20C,1e19a7dc7336f04c24490352da3c9575864f935831d41d687d7a0ce24372e51d,f733559b8d99367b6f40,Vistara,BOM - BLR,110,False,Matched,,,
B1197,UK212,2025-05-19 11:37:36,CONFIRMED,2E,5e6aeb6037486fe8ec4fe1fcfb9c92593fe2fe1b0ce2cb65f34aa762f8b6ddd5,495d5d9e110a24ac9648,Vistara,HYD - MAA,45,False,Matched,8876.86,CARD,Recorded
B1198,SJ022,2025-06-16 11:37:36,INVALID,29A,cf145d5480b8f78edba6e46575d8a2701a82496d3dc2d0277825d9f65cbd6816,949249f272510a26742e,Spicejet,DEL - BLR,191,False,Matched,1830.32,CARD,Recorded
B1199,SJ075,2025-12-13 11:37:36,PENDING,30E,41f888d903059e7e91d1546b0ab6c75b7b0d1b58c434d4309bc31c4feb738d22,5ca52799c0d3f91c9b34,Spicejet,MAA - BLR,97,False,Matched,12300.69,NETBANKING,Recorded
B1199,SJ075,2025-12-13 11:37:36,PENDING,30E,41f888d903059e7e91d1546b0ab6c75b7b0d1b58c434d4309bc31c4feb738d22,5ca52799c0d3f91c9b34,Spicejet,MAA - BLR,97,False,Matched,1198.83,CARD,Recorded
B1200,UK177,2025-09-17 11:37:36,CONFIRMED,16B,fbe7cdce66f0435c42c01799fd038f771eaf5e4f9865a7da6204af7ae3397d48,fab68d82bc5167e7f27d,Vistara,DEL - HYD,269,False,Matched,10067.38,NETBANKING,Recorded
B1200,UK177,2025-09-17 11:37:36,CONFIRMED,16B,fbe7cdce66f0435c42c01799fd038f771eaf5e4f9865a7da6204af7ae3397d48,fab68d82bc5167e7f27d,Vistara,DEL - HYD,269,False,Matched,14034.27,CARD,Recorded
B1200,UK177,2025-09-17 11:37:36,CONFIRMED,16B,fbe7cdce66f0435c42c01799fd038f771eaf5e4f9865a7da6204af7ae3397d48,fab68d82bc5167e7f27d,Vistara,DEL - HYD,269,False,Matched,6711.92,NETBANKING,Recorded
B1201,UK206,2026-02-01 11:37:36,CANCELLED,3A,0b1a54adf9faf638bd96fa05d400b426d80b31ea238fa48efe16835f6062c6eb,fbdb23a0238539bf5df0,Vistara,MAA - BLR,273,False,Matched,7338.75,CARD,Recorded
B1202,UK079,2025-04-29 11:37:36,CANCELLED,29C,d9c35eba0e8e5319ee72bafe2c37c8a0d99c25cfcb9ab91aaf468549f22d2026,f2f0fb84632620d51b87,Vistara,DEL - BLR,231,False,Matched,1973.12,UPI,Recorded
B1203,UK040,2025-06-21 11:37:36,CONFIRMED,3B,04ef46cd73cc898838317c07f5afd736fb3581dadb5067796bb7b40770d87f5e,03cd514086f9be83aeb5,Vistara,HYD - CCU,77,False,Matched,12774.63,NETBANKING,Recorded
B1204,AI034,2025-07-25 11:37:36,CONFIRMED,30A,6293698b5817301b41dfadf742f3d2c287c8c0c13bff11680eca71699b660c4a,17d069014992e857d5c6,Air India,DEL - BOM,283,False,Matched,14106.07,CARD,Recorded
B1205,UK034,2025-10-18 11:37:36,CONFIRMED,23F,ee5de2641a155e56ffe327f86b56c590dc64eee22052605c0c24442fc597af22,3ab44cb452a6cf535396,Vistara,DEL - BLR,204,False,Matched,10452.65,UPI,Recorded
B1206,AI088,2025-07-02 11:37:36,CONFIRMED,13A,4fc115433c7ba1e8c736f1201f01c4be4bf3aa079b81058fd93d4982ae995d61,62ecbcda78e76a4cbe97,Air India,MAA - DEL,216,False,Matched,,,
B1207,AI128,2025-06-11 11:37:36,PENDING,26A,0db55b9a17c59c7c6ee099d4d32461b63ed1494fe674f508ae55f1029264e4d2,a94a783161ef55c20b11,Air India,BOM - CCU,236,False,Matched,10823.99,CARD,Recorded
B1208,SJ052,2025-07-22 11:37:36,INVALID,9A,b21b613b8ce3ec8c36ca8e194cf1c9b52db6be332387be9bf092783f38254881,0c4a12ff547fbae9f13a,Spicejet,MAA - BLR,97,False,Matched,9105.12,NETBANKING,Recorded
B1208,SJ052,2025-07-22 11:37:36,INVALID,9A,b21b613b8ce3ec8c36ca8e194cf1c9b52db6be332387be9bf092783f38254881,0c4a12ff547fbae9f13a,Spicejet,MAA - BLR,97,False,Matched,12966.45,CARD,Recorded
B1209,AI233,2025-12-15 11:37:36,PENDING,3A,af3c9e0f9657ce30eeb7cf5fb5c506f112937221243ec3546f513605f5286d59,6d3a776e3551874a97df,Air India,BLR - BOM,108,False,Matched,10307.2,NETBANKING,Recorded
B1210,AI012,2026-01-20 11:37:36,PENDING,3C,ecf9d2d3de6fb30e29d22431aa1e5442ae7f463b85e5590fcc070e217e67ee23,aea32656e0af035f8d70,Air India,BOM - CCU,243,False,Matched,,,
B1211,AI084,2025-07-07 11:37:36,CONFIRMED,34A,f8c9ebf07594685875b8266729f83896462f8c47422666dd749735d7eae6dc17,f1f221b2e600c7e73fb7,Air India,BOM - HYD,75,False,Matched,,,
B1212,6F126,2025-07-08 11:37:36,PENDING,34B,7a2394fbae145e495633ebc8c79d1be2177905b10a3cae148b3bd37516596a02,0c1590b5320098981a52,IndiGo,CCU - MAA,78,False,Matched,8421.62,NETBANKING,Recorded
B1213,SJ061,2025-06-16 11:37:36,CONFIRMED,2E,e993193a7c6dd64bba2c0f51864672c5b0de8cf49de786f93c398cb706d02c22,ab0b79c810434ab0a9a1,Spicejet,MAA - BLR,177,False,Matched,,,
B1214,UK194,2025-08-14 11:37:36,UNKNOWN,23B,b978689a4fe7dcb8eb02a589c8c1a177ac5569c551c9fb13a76c8c7c147a3501,88d4e0d931c9dcc01794,Vistara,CCU - BOM,60,False,Matched,,,
B1215,AI135,2025-08-08 11:37:36,CANCELLED,28C,3d82094321dc9c4003904ec55041e41cd5f835d63dfe121ebc9130dcbd579f4d,4a416d5f55fc5821e52c,Air India,BLR - BOM,161,False,Matched,9065.13,NETBANKING,Recorded
B1215,AI135,2025-08-08 11:37:36,CANCELLED,28C,3d82094321dc9c4003904ec55041e41cd5f835d63dfe121ebc9130dcbd579f4d,4a416d5f55fc5821e52c,Air India,BLR - BOM,161,False,Matched,2886.02,NETBANKING,Recorded
B1216,6F238,2025-12-09 11:37:36,CONFIRMED,10A,6cac0df045529ab3cdca88a3262b1fd869163449c46921bfc2892fc2be7b9acd,1566f4182944996c3500,IndiGo,BOM - DEL,48,False,Matched,1149.69,CARD,Recorded
B1216,6F238,2025-12-09 11:37:36,CONFIRMED,10A,6cac0df045529ab3cdca88a3262b1fd869163449c46921bfc2892fc2be7b9acd,1566f4182944996c3500,IndiGo,BOM - DEL,48,False,Matched,12779.83,UPI,Recorded
B1216,6F238,2025-12-09 11:37:36,CONFIRMED,10A,6cac0df045529ab3cdca88a3262b1fd869163449c46921bfc2892fc2be7b9acd,1566f4182944996c3500,IndiGo,BOM - DEL,48,False,Matched,5236.29,NETBANKING,Recorded
B1217,6F092,2026-03-19 11:37:36,CANCELLED,32C,2b0957de50bffd55fa7b9afaf16d7654a7716b55fa4a5d3539a317af3716150a,bc7c3cfaeee4d17392ab,IndiGo,MAA - BLR,36,True,Matched,,,
B1218,AI213,2025-11-13 11:37:36,PENDING,2D,20f4f37bd0aaa5621d686593dc2cc1fbcb41b6f33da3dbfbc71f4a9ac3b20e39,894f22ce08602c940224,Air India,HYD - CCU,71,False,Matched,,,
B1219,UK193,2026-02-15 11:37:36,CANCELLED,1B,b98792445844661645e8413607cb1b125c414b4e8217cce47464e40e277db8f1,9c8daf7f28d5aadbc4a0,Vistara,HYD - DEL,35,True,Matched,,,
B1220,6F178,2026-04-04 11:37:36,PENDING,29C,82863ed5470c123100a13ac584015c794c84b0ecbe296a41941db92d74ddfeca,78915513ce2c045d0602,IndiGo,BOM - CCU,263,False,Matched,11075.72,UPI,Recorded
B1221,AI158,2026-03-06 11:37:36,CONFIRMED,19D,2177a76c0ebe472576b69c4096ffcbbf21d6838819b61abee6e047da635ae347,7a30e2718893f03f6178,Air India,CCU - DEL,177,False,Matched,13658.68,UPI,Recorded
B1221,AI158,2026-03-06 11:37:36,CONFIRMED,19D,2177a76c0ebe472576b69c4096ffcbbf21d6838819b61abee6e047da635ae347,7a30e2718893f03f6178,Air India,CCU - DEL,177,False,Matched,5138.43,UPI,Recorded
B1222,UK208,2026-03-30 11:37:36,PENDING,8A,815064204fe1a73380bc1de18079c8a77b7c55489b9f0c52a74b4f714054a324,74f302b6ae84d5daf71b,Vistara,DEL - CCU,297,False,Matched,,,
B1223,6F056,2026-04-09 11:37:36,UNKNOWN,15A,8b8c3c84f27770980d2975e74a94d043fa2782b6573e06759a02db64913d9a88,2bbd0316a8d7de50f13c,IndiGo,BOM - MAA,109,False,Matched,1794.08,UPI,Recorded
B1224,UK185,2025-10-26 11:37:36,CONFIRMED,1E,a933c71706528785cce70fb77f5b96997b687ab0701634462fbf99a419d65712,9e6d81a461ee86e140d9,Vistara,DEL - MAA,77,False,Matched,,,
B1225,AI163,2026-01-13 11:37:36,PENDING,4D,d9c00a9bf61c46868a1c151fa152df390366013420c3ac67c13d7081307129be,056e1d006ba03495e736,Air India,HYD - MAA,61,False,Matched,,CARD,Missing amount
B1225,AI163,2026-01-13 11:37:36,PENDING,4D,d9c00a9bf61c46868a1c151fa152df390366013420c3ac67c13d7081307129be,056e1d006ba03495e736,Air India,HYD - MAA,61,False,Matched,3894.65,CARD,Recorded
B1226,AI112,2025-08-23 11:37:36,CONFIRMED,15C,2e80357b2bbb93e61115a45131689ee29adb5b7dd4064a713b02d0046186f43b,2ee36aedbe95c7343398,Air India,DEL - BLR,223,False,Matched,8968.11,NETBANKING,Recorded
B1227,AI227,2025-10-23 11:37:36,CANCELLED,12A,f9c84b97457a769957a26208b1ac7f1b5115df0a761b3901b199e88eff7ae862,31ab91224e586bdeebf5,Air India,BLR - MAA,226,False,Matched,,CARD,Missing amount
B1228,SJ083,2026-04-17 11:37:36,CONFIRMED,29D,ade5f587408a13deabf5a613bd2a06781a75c29e0394ac8bb72674250cacd237,d8514e568d566e10f7a7,Spicejet,MAA - BLR,184,False,Matched,4629.36,CARD,Recorded
B1228,SJ083,2026-04-17 11:37:36,CONFIRMED,29D,ade5f587408a13deabf5a613bd2a06781a75c29e0394ac8bb72674250cacd237,d8514e568d566e10f7a7,Spicejet,MAA - BLR,184,False,Matched,7087.22,UPI,Recorded
B1229,UK073,2026-02-07 11:37:36,CONFIRMED,13F,37ffd5fe9f50c92481755fd3610639b4c59f05a893aa69b66fcd10d67ccbd30f,532fa9b603d75d948459,Vistara,BLR - CCU,250,False,Matched,,,
B1230,6F169,2025-04-29 11:37:36,PENDING,6C,8f8482a7a4d49e1cadc6c35a9fe16b57bca9e2cd77e011ee5a91b3eb225307e4,db998dd5713565106414,IndiGo,BOM - DEL,279,False,Matched,4531.77,CARD,Recorded
B1231,UK154,2026-04-06 11:37:36,CANCELLED,27D,f501f0ef0240d343f3205c5e737ad77db9090afb504e062a73ec8c1c7334b00b,00c5bc6e504c9c17ee8d,Vistara,MAA - HYD,237,False,Matched,6547.3,UPI,Recorded
B1231,UK154,2026-04-06 11:37:36,CANCELLED,27D,f501f0ef0240d343f3205c5e737ad77db9090afb504e062a73ec8c1c7334b00b,00c5bc6e504c9c17ee8d,Vistara,MAA - HYD,237,False,Matched,5009.12,UPI,Recorded
B1232,SJ169,2025-10-06 11:37:36,CONFIRMED,32F,8f8482a7a4d49e1cadc6c35a9fe16b57bca9e2cd77e011ee5a91b3eb225307e4,9679c123e8bd320e74e3,Spicejet,BOM - MAA,286,False,Matched,,,
B1233,6F187,2025-05-13 11:37:36,CANCELLED,5F,87066471d838743a294710b1ade92d7ece070dfb480439f667283d1bdcf059f0,591a25e36b87f093c83d,IndiGo,BOM - MAA,258,False,Matched,1617.29,NETBANKING,Recorded
B1234,UK210,2025-11-21 11:37:36,CANCELLED,33A,9d4cb2efaac58db267a074cea2e4f1ae2b659800812be9857dbb7efca875f4e7,3f035cd19f624ba22da2,Vistara,DEL - CCU,55,False,Matched,7984.22,CARD,Recorded
B1235,6F250,2025-12-23 11:37:36,PENDING,13D,6e3f55baacac97f9feae30053fda09ae51ecb9c8c2d8413323c0735d731b4196,,,,,,Ambiguous flight ID,,NETBANKING,Missing amount
B1235,6F250,2025-12-23 11:37:36,PENDING,13D,6e3f55baacac97f9feae30053fda09ae51ecb9c8c2d8413323c0735d731b4196,,,,,,Ambiguous flight ID,1236.74,CARD,Recorded
B1236,AI062,2025-07-05 11:37:36,CONFIRMED,25A,815064204fe1a73380bc1de18079c8a77b7c55489b9f0c52a74b4f714054a324,8381a241faf4550af73a,Air India,MAA - DEL,36,True,Matched,,,
B1237,AI047,2025-11-16 11:37:36,UNKNOWN,15B,aa80ec2f3afed5cbf5f1a63efa66789075f11e35e74bbfbc2fac79f351f71016,34b766a41c0cea6c95f8,Air India,CCU - MAA,47,False,Matched,,,
B1238,SJ186,2025-10-20 11:37:36,UNKNOWN,8E,ba79c2e6775e981ce5c8d12a0e9608bf1ccc2f5848e24a503359a075674b594b,5cbb077e905fb595f1ba,Spicejet,CCU - DEL,131,False,Matched,3231.46,UPI,Recorded
B1239,AI217,2025-11-17 11:37:36,CANCELLED,30A,7492db9ae222a9b7ad5dfd8fad57aa650f714cc9cba3207c38e19760c9504b27,01df92b8edea27e9e8af,Air India,CCU - BLR,137,False,Matched,8821.9,UPI,Recorded
B1240,UK100,2025-12-31 11:37:36,CONFIRMED,17A,b0adf0c740827395dfc2868444218a11ab3ea94bb9bbe1782aa8f1b2d63bb6f5,f4f9bcceed1ce5b19811,Vistara,CCU - BLR,152,False,Matched,12241.53,UPI,Recorded
B1241,UK116,2025-12-16 11:37:36,CONFIRMED,10A,9c23cd206300e319f17193b07d22c9d371210f794ed8ed4b17469c63b341d05e,f6bf3d36a1c227580326,Vistara,CCU - BOM,228,False,Matched,,NETBANKING,Missing amount
B1242,6F036,2025-12-01 11:37:36,CANCELLED,26C,8a20c643abea5ab690bfe6cb7a61b69cbf666d6b02e996ce4ea7220c21dcb712,903fd5724ec72fe118cc,IndiGo,CCU - BLR,283,False,Matched,,,
B1243,AI175,2026-01-22 11:37:36,CANCELLED,29E,061d3c41df5d022affa8bf244c3f13215f8c3bc9cec6c646ffe53e0d091cf58a,f5aea88b978e28dc3a6c,Air India,BOM - HYD,227,False,Matched,,,
B1244,UK051,2025-08-18 11:37:36,CONFIRMED,27D,9accddea95b7ac8946c70a606410d203c5f16ebe8dcf499ad69ba7e65f6790f9,08f973dbff2b3063633f,Vistara,HYD - DEL,180,False,Matched,4953.56,CARD,Recorded
B1245,6F201,2026-04-17 11:37:36,UNKNOWN,26A,aedc31dc5220e99857e8b4f6df0d6060b390c999d4c9b729f956fd7a0ff86c42,c22961c19b1679d3a365,IndiGo,CCU - BOM,280,False,Matched,3162.91,CARD,Recorded
B1246,6F230,2026-04-09 11:37:36,CONFIRMED,33B,3bced03ef044a097990ed781f6dbf324ae1b43b52032eed8f9c8b42392a2de9b,39888adf22ceaa5c2187,IndiGo,CCU - BLR,193,False,Matched,11516.06,CARD,Recorded
B1247,SJ138,2025-08-13 11:37:36,CANCELLED,15F,daa131c51da52898542d44d14907a31f1d0504ebf77fb33d5405393caebb4bca,f62f9e174063efb3535c,Spicejet,BLR - BOM,48,False,Matched,7658.69,CARD,Recorded
B1248,AI246,2026-03-04 11:37:36,PENDING,16B,b515d0e4b028fed65778726e65e057c958d91b0d13c1326871d8776bf285574a,6a2de390085bdb620b9a,Air India,BOM - BLR,199,False,Matched,,,
B1249,6F179,2025-06-06 11:37:36,CANCELLED,26B,356255e226072ec7834e6b0e31dc88e0dfb38f5bbee67f8252028eb77d2f415f,2ba2275bd7fafe244448,IndiGo,HYD - MAA,255,False,Matched,1969.22,UPI,Recorded
B1249,6F179,2025-06-06 11:37:36,CANCELLED,26B,356255e226072ec7834e6b0e31dc88e0dfb38f5bbee67f8252028eb77d2f415f,2ba2275bd7fafe244448,IndiGo,HYD - MAA,255,False,Matched,3055.22,NETBANKING,Recorded
B1250,6F031,2026-01-28 11:37:36,CANCELLED,16F,734e0e1d7b1f7a6a60a5828379bff7dd77294abcc0c84127e75b082fc747c1c6,90ae4928ac33143bdb80,IndiGo,BOM - BLR,277,False,Matched,6497.92,NETBANKING,Recorded
B1251,UK015,2025-08-30 11:37:36,PENDING,29A,cd70987ed8c49c35168fdfaa4ee5934f34a0c7b031ea576fdc658990545eb994,705c26fc328296e79fd9,Vistara,BLR - BOM,107,False,Matched,6952.65,UPI,Recorded
B1252,UK001,2025-04-21 11:37:36,CANCELLED,27C,b3134da38cb85d52b8aeeda2b5c763438f8bba1370a90e1473e30cc1fc887863,af81c26cef95e7a7eed2,Vistara,CCU - DEL,85,False,Matched,1480.08,CARD,Recorded
B1253,6F133,2026-02-27 11:37:36,CANCELLED,15E,fbfc4728cd49dc368e16272c55a324c88e4ff11b26b42e9221066f6ffeb28967,300dec1a6af23265ffc5,IndiGo,MAA - BLR,107,False,Matched,2152.89,NETBANKING,Recorded
B1253,6F133,2026-02-27 11:37:36,CANCELLED,15E,fbfc4728cd49dc368e16272c55a324c88e4ff11b26b42e9221066f6ffeb28967,300dec1a6af23265ffc5,IndiGo,MAA - BLR,107,False,Matched,14029.28,NETBANKING,Recorded
B1254,6F143,2025-07-22 11:37:36,CANCELLED,5D,72f8c1597b65a04d282fdc8a47a661ff43bf9037acfcf4abb517fbf8dd7a2196,47a872bab53932ae113b,IndiGo,CCU - DEL,239,False,Matched,,UPI,Missing amount
B1255,UK165,2025-09-22 11:37:36,CANCELLED,23F,10d28fcc63d62179091a07eb7bbab2100d61cb602e08b0544f2ff4c5c1db0fc0,0b1658e0f40524310e50,Vistara,DEL - BLR,253,False,Matched,1412.67,CARD,Recorded
B1256,6F083,2025-08-10 11:37:36,CANCELLED,22B,9f05f7e553b56529746eecc193d0d5d27f3eb6cf9c089c8a4ab05ab89d5f1d82,9b5ce6e3a4de8a296d52,IndiGo,BLR - DEL,39,True,Matched,2040.64,NETBANKING,Recorded
B1257,AI082,2025-08-19 11:37:36,CANCELLED,11C,3209870def018773b220001073bd18cfe0c971768f6baee15695538fa362861d,38556332ac1c55f92f71,Air India,DEL - CCU,162,False,Matched,13028.65,NETBANKING,Recorded
B1258,AI164,2025-10-28 11:37:36,CANCELLED,21F,6f65a160b8fbe18b1df6f9c3e20dc3b16111c9d4c8d42d82a54ad6699217437b,1134a2cb7e6535e87786,Air India,DEL - BLR,108,False,Matched,,,
B1259,SJ155,2026-01-19 11:37:36,CANCELLED,31F,c3bd13717ab8da17a0831ab328644d1bae3ddf8f1d5da136cb0affe362f5eb59,b27e21cba9e7e9e77f3f,Spicejet,DEL - CCU,300,False,Matched,12805.67,CARD,Recorded
B1260,AI189,2026-01-04 11:37:36,CANCELLED,1D,1d9e01e87c17ec7a9511ecc0262b3f9011df395b47100c5fa3043c484f45acce,d79133b65395a9d87268,Air India,CCU - DEL,108,False,Matched,9458.88,NETBANKING,Recorded
B1260,AI189,2026-01-04 11:37:36,CANCELLED,1D,1d9e01e87c17ec7a9511ecc0262b3f9011df395b47100c5fa3043c484f45acce,d79133b65395a9d87268,Air India,CCU - DEL,108,False,Matched,2117.99,NETBANKING,Recorded
B1260,AI189,2026-01-04 11:37:36,CANCELLED,1D,1d9e01e87c17ec7a9511ecc0262b3f9011df395b47100c5fa3043c484f45acce,d79133b65395a9d87268,Air India,CCU - DEL,108,False,Matched,4716.99,NETBANKING,Recorded
B1261,SJ057,2025-12-21 11:37:36,CONFIRMED,34A,35bea6d3a15e68706d970fde04ec2bf87d71c7499c6d9fb35acb1e6f8752f545,3e00804979e75304d832,Spicejet,BOM - CCU,192,False,Matched,,,
B1262,SJ198,2025-05-07 11:37:36,CONFIRMED,16F,bf02c795fb47af588c357429a3690765b35ee2d6f42cf863de1cef46a1511aff,3a3e99eb93f235dbad01,Spicejet,CCU - BOM,281,False,Matched,3896.83,UPI,Recorded
B1262,SJ198,2025-05-07 11:37:36,CONFIRMED,16F,bf02c795fb47af588c357429a3690765b35ee2d6f42cf863de1cef46a1511aff,3a3e99eb93f235dbad01,Spicejet,CCU - BOM,281,False,Matched,6722.37,UPI,Recorded
B1263,6F122,2026-01-03 11:37:36,CANCELLED,6C,54549fdb7358c49cb56879b15ccb03e1eddb48aa87b23f13a2b6e81cef7f182f,99306e3c50f4f80cd997,IndiGo,DEL - BLR,224,False,Matched,1483.05,NETBANKING,Recorded
B1263,6F122,2026-01-03 11:37:36,CANCELLED,6C,54549fdb7358c49cb56879b15ccb03e1eddb48aa87b23f13a2b6e81cef7f182f,99306e3c50f4f80cd997,IndiGo,DEL - BLR,224,False,Matched,10997.85,UPI,Recorded
B1264,SJ097,2026-04-15 11:37:36,CONFIRMED,12A,81dfb93d2126b967f17bf763ed2b219a0ace5d88fac6e46ca8cf2ac13aa72d0c,8423013ff6b65d2a5543,Spicejet,BOM - CCU,170,False,Matched,3936.86,NETBANKING,Recorded
B1264,SJ097,2026-04-15 11:37:36,CONFIRMED,12A,81dfb93d2126b967f17bf763ed2b219a0ace5d88fac6e46ca8cf2ac13aa72d0c,8423013ff6b65d2a5543,Spicejet,BOM - CCU,170,False,Matched,4662.75,UPI,Recorded
B1265,UK203,2025-08-06 11:37:36,PENDING,28F,a8e8af1e4b0716cc1f4c1575bc3944ce297572dfe8d276e99e0055ebb8ccbe6a,7bd265f5c468d226f0f3,Vistara,BLR - HYD,72,False,Matched,,,
B1266,UK093,2026-01-16 11:37:36,CONFIRMED,27F,c9b74b493b04670a933e2a2b0841195f01de75807116a7c401394edff996382a,63f5e36e07fb544c4a94,Vistara,HYD - CCU,50,False,Matched,14431.32,UPI,Recorded
B1267,AI205,2025-05-21 11:37:36,CANCELLED,32A,66486257fe345d4699c9f4f7667eb886511a682073a05004d602473493704ad1,5c7e0fbecadeb0e0ab89,Air India,BLR - BOM,108,False,Matched,2158.29,CARD,Recorded
B1267,AI205,2025-05-21 11:37:36,CANCELLED,32A,66486257fe345d4699c9f4f7667eb886511a682073a05004d602473493704ad1,5c7e0fbecadeb0e0ab89,Air India,BLR - BOM,108,False,Matched,14150.69,UPI,Recorded
B1268,AI102,2026-01-16 11:37:36,INVALID,12A,f07fa37185d2da777ad0f88b7a7576b6c055111296f8ee2a7bdef0b4de0e6402,889baaa90a3ad532c87f,Air India,CCU - BLR,291,False,Matched,13289.27,CARD,Recorded
B1269,6F046,2025-09-06 11:37:36,CONFIRMED,4C,6de50b3d57b0684719c0ec51b64f74dbdae00bcd1f588c758ca9ce0bfaaad23d,749233d60f913d079727,IndiGo,DEL - BLR,221,False,Matched,6692.76,UPI,Recorded
B1269,6F046,2025-09-06 11:37:36,CONFIRMED,4C,6de50b3d57b0684719c0ec51b64f74dbdae00bcd1f588c758ca9ce0bfaaad23d,749233d60f913d079727,IndiGo,DEL - BLR,221,False,Matched,14606.94,CARD,Recorded
B1270,SJ017,2025-06-02 11:37:36,UNKNOWN,22E,eae5f6e6a6e560724deeb8b14939311e2959e9adf748cf241faef7112e2b5fc3,6aee1fc7e2306d7cacf3,Spicejet,DEL - MAA,123,False,Matched,,,
B1271,6F156,2025-10-20 11:37:36,PENDING,28B,388d5387493c5de4bfa5e3c7c5a5eb868e74149349982e0328875afde58c62e8,687ccab0d3e45f721d9f,IndiGo,MAA - BOM,154,False,Matched,12211.33,NETBANKING,Recorded
B1272,AI068,2025-07-18 11:37:36,PENDING,19A,898ae1bb981bfb9841cda6a958dfeec343bc580477b1bbab47bd1afb0eae5169,1192d44533ef3aa55b25,Air India,BOM - BLR,120,False,Matched,7902.41,UPI,Recorded
B1272,AI068,2025-07-18 11:37:36,PENDING,19A,898ae1bb981bfb9841cda6a958dfeec343bc580477b1bbab47bd1afb0eae5169,1192d44533ef3aa55b25,Air India,BOM - BLR,120,False,Matched,12486.95,UPI,Recorded
B1272,AI068,2025-07-18 11:37:36,PENDING,19A,898ae1bb981bfb9841cda6a958dfeec343bc580477b1bbab47bd1afb0eae5169,1192d44533ef3aa55b25,Air India,BOM - BLR,120,False,Matched,,UPI,Missing amount
B1272,AI068,2025-07-18 11:37:36,PENDING,19A,898ae1bb981bfb9841cda6a958dfeec343bc580477b1bbab47bd1afb0eae5169,1192d44533ef3aa55b25,Air India,BOM - BLR,120,False,Matched,10043.5,CARD,Recorded
B1273,AI150,2025-06-05 11:37:36,UNKNOWN,28B,78c44bd196c3adee90a10e4c453c9de197a4f2dfba17ec16b4c14c1a3c584e46,44cadbe2998dd79d30de,Air India,BOM - DEL,47,False,Matched,5268.31,UPI,Recorded
B1273,AI150,2025-06-05 11:37:36,UNKNOWN,28B,78c44bd196c3adee90a10e4c453c9de197a4f2dfba17ec16b4c14c1a3c584e46,44cadbe2998dd79d30de,Air India,BOM - DEL,47,False,Matched,3873.81,CARD,Recorded
B1274,UK008,2025-10-15 11:37:36,PENDING,20D,96f54f142ccb6ee684e7ee0fefcc0876c44305936870aff10e5df08093e0a6fe,356ed09808a20efa9f6b,Vistara,CCU - BLR,37,True,Matched,8582.34,NETBANKING,Recorded
B1275,6F166,2025-07-11 11:37:36,PENDING,18F,b29afdebb35089a9838ce2d4b36b77b09f9053615f9f145fdb5f03dde1944c16,a6dcd615d2e04a34644b,IndiGo,BOM - CCU,270,False,Matched,,,
B1276,6F177,2025-07-15 11:37:36,CONFIRMED,1A,2cebdafea91f1cdf5a0f46ac3b7f94c5378df86c6359f90e6b8465583f68ad8d,b8334618fcfb0d514266,IndiGo,HYD - MAA,142,False,Matched,9396.07,UPI,Recorded
B1277,AI196,2026-01-19 11:37:36,PENDING,12E,cae4953f4993434debb61a33fbc79d7d66313b8219c265dec16361a829064a87,6e14a8a9ade298d3bb71,Air India,MAA - HYD,93,False,Matched,,,
B1278,SJ191,2025-08-09 11:37:36,CONFIRMED,5B,944cc4030f4bb9e4160af6d30d97791b1a0ccb9d25aafca1b11c92f6d96f62d0,859316e03241904645df,Spicejet,BLR - BOM,82,False,Matched,,,
B1279,6F019,2025-05-10 11:37:36,UNKNOWN,28C,598e1e9e9fabd3c5d888e1ecf2f784a123c2ab4e9d2b6ee644e23698040ff589,db5f9d2434bdcee17176,IndiGo,BLR - BOM,235,False,Matched,5467.05,UPI,Recorded
B1280,AI226,2026-04-12 11:37:36,CONFIRMED,33B,4d827731f43ed365bfa8a6c50406d91f2bf91b80a99b26f5e4ab6c6731faccd3,b9d3e30e7b62e7fc57a1,Air India,BLR - HYD,169,False,Matched,,,
B1281,SJ207,2026-01-21 11:37:36,CANCELLED,4A,8598944ff78c27c0d45639c1f484d69fe3894ddec9065da2ca7ae14cb2d784ee,1d2f20ccb8a407048d28,Spicejet,DEL - CCU,193,False,Matched,4413.8,CARD,Recorded
B1282,AI009,2025-12-30 11:37:36,CANCELLED,8B,b92ef4aea665aadae5303e654ccb2979546521dfaa5c7bc9dcaaab91417fcf63,4aa3c5f55c5dad6031bb,Air India,DEL - CCU,154,False,Matched,,,
B1283,AI103,2025-05-08 11:37:36,INVALID,29D,30e0245f71de2c5829ccbc0bb7005a913b4f2c0d911ba99cd51f84cbe66ec55f,09a4f7dc1048667c9b3c,Air India,BLR - BOM,38,True,Matched,1369.37,NETBANKING,Recorded
B1283,AI103,2025-05-08 11:37:36,INVALID,29D,30e0245f71de2c5829ccbc0bb7005a913b4f2c0d911ba99cd51f84cbe66ec55f,09a4f7dc1048667c9b3c,Air India,BLR - BOM,38,True,Matched,7236.69,CARD,Recorded
B1284,SJ127,2026-02-22 11:37:36,CANCELLED,25F,345dbfc649b865c0da7494931dbcfe997a650c49fc52d02fb76808e1ab4d3bc6,2c93d1e1746481043929,Spicejet,BOM - DEL,157,False,Matched,4189.8,UPI,Recorded
B1284,SJ127,2026-02-22 11:37:36,CANCELLED,25F,345dbfc649b865c0da7494931dbcfe997a650c49fc52d02fb76808e1ab4d3bc6,2c93d1e1746481043929,Spicejet,BOM - DEL,157,False,Matched,8516.93,CARD,Recorded
B1285,UK188,2026-03-26 11:37:36,CANCELLED,25B,25c73c17e83d04dddbbf4e87342071ad13407dca5b538655532a9eefb161ab36,4a3627ef34296fb1ae29,Vistara,MAA - BLR,49,False,Matched,1207.32,NETBANKING,Recorded
B1286,6F010,2025-09-25 11:37:36,INVALID,33B,26e10073361fa11ae8bf158fe85c1e85fe625f07c4029c88f077a487dafbb6e8,aa60e02970bcf5f9f6dd,IndiGo,DEL - BLR,231,False,Matched,,,
B1287,SJ098,2025-12-13 11:37:36,CANCELLED,5F,c180bc7457a2158c644b703c650792047129f4ffd1a09544b47260e0b2416ab0,f2cfb7a31803aa5eb183,Spicejet,HYD - MAA,35,True,Matched,14610.33,CARD,Recorded
B1287,SJ098,2025-12-13 11:37:36,CANCELLED,5F,c180bc7457a2158c644b703c650792047129f4ffd1a09544b47260e0b2416ab0,f2cfb7a31803aa5eb183,Spicejet,HYD - MAA,35,True,Matched,7693.36,CARD,Recorded
B1288,6F058,2025-12-11 11:37:36,PENDING,18C,f219d3dacb9b5de3bbf7fd45d6ace7dc3dafff853f880b84c2d8fb743aa5cce0,65ccbed2981016ec8e13,IndiGo,BOM - CCU,149,False,Matched,1114.05,CARD,Recorded
B1288,6F058,2025-12-11 11:37:36,PENDING,18C,f219d3dacb9b5de3bbf7fd45d6ace7dc3dafff853f880b84c2d8fb743aa5cce0,65ccbed2981016ec8e13,IndiGo,BOM - CCU,149,False,Matched,8140.84,NETBANKING,Recorded
B1289,SJ030,2026-03-23 11:37:36,PENDING,24F,df412a1c471a8489a56547c1fefaf314efdb844f852ece6ab8dc65a48c45695b,80133d271f64aed6c6f2,Spicejet,DEL - HYD,43,True,Matched,,UPI,Missing amount
B1289,SJ030,2026-03-23 11:37:36,PENDING,24F,df412a1c471a8489a56547c1fefaf314efdb844f852ece6ab8dc65a48c45695b,80133d271f64aed6c6f2,Spicejet,DEL - HYD,43,True,Matched,12016.99,NETBANKING,Recorded
B1290,UK175,2025-07-26 11:37:36,CANCELLED,16F,bc61ac7d7a4e848679e95e724a9575a6a43f1f70e1c2b109fd13496e1dcff955,f8c6c99abcaec902efdb,Vistara,BLR - BOM,202,False,Matched,13471.57,UPI,Recorded
B1291,SJ108,2026-04-01 11:37:36,PENDING,28E,e58051bc8245f457a982595859c340310f19736a90d9d7426f69a61a5269c934,2426df12f1892eba0203,Spicejet,BLR - HYD,156,False,Matched,4129.39,NETBANKING,Recorded
B1292,6F075,2025-08-03 11:37:36,CONFIRMED,7C,f7fd98650169cf1fda158909236b43329f081ff1e0f14b90506ba4a7edc08b67,5715e2c2cdb5efb52a9c,IndiGo,BOM - CCU,282,False,Matched,13787.78,NETBANKING,Recorded
B1292,6F075,2025-08-03 11:37:36,CONFIRMED,7C,f7fd98650169cf1fda158909236b43329f081ff1e0f14b90506ba4a7edc08b67,5715e2c2cdb5efb52a9c,IndiGo,BOM - CCU,282,False,Matched,8321.74,UPI,Recorded
B1293,UK222,2025-08-31 11:37:36,CONFIRMED,25F,b515d0e4b028fed65778726e65e057c958d91b0d13c1326871d8776bf285574a,59508ca5eac16b3ecfae,Vistara,BOM - CCU,95,False,Matched,6227.3,NETBANKING,Recorded
B1294,6F250,2025-07-13 11:37:36,CANCELLED,34B,c4e9f2c0500ba90b978de3fc85902b310c5114a87a09f44aec5e3195a9d4de17,,,,,,Ambiguous flight ID,,,
B1295,AI096,2025-12-29 11:37:36,CANCELLED,14B,eed739a56eda4be61b5502eaf8c5f4f59726c3a42d9cb87787b745434c156957,79f85bba1c7458818d5f,Air India,CCU - DEL,298,False,Matched,,,
B1296,AI216,2025-12-23 11:37:36,CANCELLED,1B,fb204de95c0f31fb577397b89fa104d89b544aeee0af3e72ff02644dc85caa8f,087ea4a2b4d91f4558c8,Air India,BOM - CCU,84,False,Matched,,,
B1297,6F193,2026-01-23 11:37:36,PENDING,8A,a5bbe0ed074427214068efa7cc7249a07093ea7ba3911b99f9eb06ef5aaf72ea,4605fa3b63ee7ad6f2e2,IndiGo,BOM - MAA,118,False,Matched,,,
B1298,SJ194,2026-01-02 11:37:36,PENDING,6C,1792367ab68fa403011b1bdd0a55bceb9c62014ba5bab87b8a5180b547d39d0c,ef54036479c8bd00452d,Spicejet,CCU - DEL,225,False,Matched,,,
B1299,SJ020,2025-09-11 11:37:36,CONFIRMED,16F,2b9856c49912ce85d3c6ba75ead279bd1c601b30f21f803f8aa240652c41226a,e21f2ba013bf1e2ff8d1,Spicejet,BLR - BOM,249,False,Matched,8842.93,CARD,Recorded
B1300,6F070,2025-06-14 11:37:36,PENDING,21C,2669af8254d4452f0a1ef0967fea5122f31e7239cf0ed69b3b0996cf90b10375,63678e2c897996a5643d,IndiGo,HYD - DEL,181,False,Matched,,,
B1301,AI051,2025-09-03 11:37:36,CONFIRMED,12A,a5bbe0ed074427214068efa7cc7249a07093ea7ba3911b99f9eb06ef5aaf72ea,3a5f9a5961fde6e66618,Air India,MAA - BLR,55,False,Matched,14671.03,UPI,Recorded
B1302,UK219,2025-12-27 11:37:36,PENDING,3D,7b2ee690d5555d1080ee9f123e800ae6681fd66c73b8398e14073d70b9d85957,33f2161df1c72324eef7,Vistara,BOM - HYD,258,False,Matched,6515.83,NETBANKING,Recorded
B1302,UK219,2025-12-27 11:37:36,PENDING,3D,7b2ee690d5555d1080ee9f123e800ae6681fd66c73b8398e14073d70b9d85957,33f2161df1c72324eef7,Vistara,BOM - HYD,258,False,Matched,8423.69,NETBANKING,Recorded
B1302,UK219,2025-12-27 11:37:36,PENDING,3D,7b2ee690d5555d1080ee9f123e800ae6681fd66c73b8398e14073d70b9d85957,33f2161df1c72324eef7,Vistara,BOM - HYD,258,False,Matched,9282.39,UPI,Recorded
B1303,AI235,2025-12-13 11:37:36,CONFIRMED,20A,8f8482a7a4d49e1cadc6c35a9fe16b57bca9e2cd77e011ee5a91b3eb225307e4,4a1ac381040be1f03ef5,Air India,BLR - HYD,207,False,Matched,5866.4,CARD,Recorded
B1303,AI235,2025-12-13 11:37:36,CONFIRMED,20A,8f8482a7a4d49e1cadc6c35a9fe16b57bca9e2cd77e011ee5a91b3eb225307e4,4a1ac381040be1f03ef5,Air India,BLR - HYD,207,False,Matched,13806.55,NETBANKING,Recorded
B1304,6F022,2025-12-13 11:37:36,INVALID,18E,d5e367b95eafe8bf5c34ba2816d82170752b2346711260c2c9bca32ff1a11788,5fe429f25c7738906619,IndiGo,MAA - BLR,259,False,Matched,,,
B1305,SJ114,2025-09-28 11:37:36,PENDING,13C,5ed35462d7f7a2cce5f91c5d553e1633d10073a57273604646fcfa91367ae220,d653ecddb0bbe059068b,Spicejet,HYD - DEL,200,False,Matched,13844.39,NETBANKING,Recorded
B1306,SJ076,2025-12-01 11:37:36,CONFIRMED,30A,cd2edf2b0caca48df3194002b4b5aa995900cf7bd757dbd59bcf205aea32ad36,f22d231b2a3ef8b4fac1,Spicejet,DEL - MAA,181,False,Matched,9753.04,NETBANKING,Recorded
B1307,UK227,2026-01-26 11:37:36,PENDING,32E,336da79e97acd2f6868b596f20c813a3e0e1425e2e2f35ffe9b888c3cb45205a,9360f14d197835fae618,Vistara,BOM - HYD,230,False,Matched,12772.93,CARD,Recorded
B1307,UK227,2026-01-26 11:37:36,PENDING,32E,336da79e97acd2f6868b596f20c813a3e0e1425e2e2f35ffe9b888c3cb45205a,9360f14d197835fae618,Vistara,BOM - HYD,230,False,Matched,13498.4,CARD,Recorded
B1308,UK135,2025-07-22 11:37:36,CANCELLED,30D,e914d03ed66944ff4f47cf58a488cc33a6f163935ca5cb212bdd534e0a341974,c1cd00116afce247e2d7,Vistara,HYD - DEL,113,False,Matched,9613.19,UPI,Recorded
B1308,UK135,2025-07-22 11:37:36,CANCELLED,30D,e914d03ed66944ff4f47cf58a488cc33a6f163935ca5cb212bdd534e0a341974,c1cd00116afce247e2d7,Vistara,HYD - DEL,113,False,Matched,12097.48,UPI,Recorded
B1309,AI234,2025-05-06 11:37:36,CONFIRMED,30F,a030056418a2a267ab7749b38dffa755cfec1d5f5971467b65928710e23a8e5b,27292dfe7936862afffb,Air India,BOM - MAA,104,False,Matched,,,
B1310,6F113,2025-08-20 11:37:36,PENDING,5D,25ff51551028e7c3bda3d7112b1f59ef86ee01dd17fcfe84b0005ea4fe21bdb7,76f89741f8148377eb45,IndiGo,BOM - CCU,266,False,Matched,7370.22,UPI,Recorded
B1311,SJ206,2025-11-16 11:37:36,PENDING,9D,93adf340c14251722908d05824d03e2d71b33983bc27f6041aadd3574e7da0db,5f8d962c5d952a48c4eb,Spicejet,DEL - CCU,278,False,Matched,,,
B1312,AI015,2026-03-29 11:37:36,UNKNOWN,6E,60da0a8471b67a9af0073b592c1c4d1374ff146f0289bec393dbdd14d0b0af9f,28c2d24fab7a01352ddc,Air India,BLR - CCU,114,False,Matched,,,
B1313,6F260,2025-05-16 11:37:36,CANCELLED,33E,e5c160343bfd20cdc6cf73563171f59175188230a954c03ff1f17f8d7da36cec,3de801bc7d353c6fd421,IndiGo,CCU - DEL,203,False,Matched,,,
B1314,AI061,2025-04-28 11:37:36,CONFIRMED,19C,b29afdebb35089a9838ce2d4b36b77b09f9053615f9f145fdb5f03dde1944c16,9661644091076ee2a2d1,Air India,BOM - CCU,91,False,Matched,,NETBANKING,Missing amount
B1314,AI061,2025-04-28 11:37:36,CONFIRMED,19C,b29afdebb35089a9838ce2d4b36b77b09f9053615f9f145fdb5f03dde1944c16,9661644091076ee2a2d1,Air India,BOM - CCU,91,False,Matched,7529.51,CARD,Recorded
B1315,6F237,2026-03-26 11:37:36,PENDING,9C,ade5f587408a13deabf5a613bd2a06781a75c29e0394ac8bb72674250cacd237,eba7421a9f55d2c4e345,IndiGo,HYD - MAA,183,False,Matched,,,
B1316,SJ099,2026-01-06 11:37:36,PENDING,27C,cc1d58072f487e3595513163c439199edf70fd8c5df44173e5a9c26f2de69543,b997a8feae3c8544c1c3,Spicejet,MAA - BLR,140,False,Matched,11302.63,UPI,Recorded
B1317,SJ146,2026-02-24 11:37:36,CANCELLED,21F,1c1980ba91fc8b71e9ee5913847b36b38660002505b8e2a46f43a03df6ee69ad,be509c634964c5433735,Spicejet,HYD - BLR,116,False,Matched,12552.7,NETBANKING,Recorded
B1317,SJ146,2026-02-24 11:37:36,CANCELLED,21F,1c1980ba91fc8b71e9ee5913847b36b38660002505b8e2a46f43a03df6ee69ad,be509c634964c5433735,Spicejet,HYD - BLR,116,False,Matched,7684.83,UPI,Recorded
B1317,SJ146,2026-02-24 11:37:36,CANCELLED,21F,1c1980ba91fc8b71e9ee5913847b36b38660002505b8e2a46f43a03df6ee69ad,be509c634964c5433735,Spicejet,HYD - BLR,116,False,Matched,13045.18,CARD,Recorded
B1318,SJ146,2025-05-23 11:37:36,CANCELLED,29B,8e4734a92d4800f860ba15d962b4b3d7b25c6ac4d5a3894d09e2d44050bf0845,be509c634964c5433735,Spicejet,HYD - BLR,116,False,Matched,4594.77,UPI,Recorded
B1319,6F071,2025-05-04 11:37:36,CONFIRMED,4C,d9c864616c16416156ac7ee8c7b5027d875b886dc8d225680da961417c7a94ef,c2cac973d4a14dc95f0a,IndiGo,DEL - CCU,253,False,Matched,5359.26,UPI,Recorded
B1320,6F272,2025-08-13 11:37:36,PENDING,6C,6293698b5817301b41dfadf742f3d2c287c8c0c13bff11680eca71699b660c4a,d84337c1b11c4c57e801,IndiGo,HYD - MAA,47,False,Matched,12788.34,UPI,Recorded
B1320,6F272,2025-08-13 11:37:36,PENDING,6C,6293698b5817301b41dfadf742f3d2c287c8c0c13bff11680eca71699b660c4a,d84337c1b11c4c57e801,IndiGo,HYD - MAA,47,False,Matched,9370.75,CARD,Recorded
B1321,SJ029,2026-02-12 11:37:36,PENDING,13A,c44aa12a46db88bda03cc42e4bcb2fae88f865106266c6ae519b4cdc9d0c3e5b,c43ade1a43518d98afb9,Spicejet,HYD - DEL,87,False,Matched,,,
B1322,UK084,2025-07-27 11:37:36,CONFIRMED,6E,02f9e8f39213b9207071a52c5e6e4f38a5986215c4e45fa1834cd2675608e168,6931044f57957af80789,Vistara,MAA - DEL,216,False,Matched,,,
B1323,SJ048,2026-02-06 11:37:36,CONFIRMED,14D,7e098a8aeb8ab4be18e916836f2f7f78d821670b3e32821c633a3a26345e7a6d,136ab0e08e53b77d0dd7,Spicejet,MAA - BLR,96,False,Matched,,,
B1324,AI108,2026-02-04 11:37:36,CANCELLED,33B,08ed9f4a01f48714dd32cd8aa814fb146fee140ece553a31fdad0d4282e14b08,66e0f3e83942fef404dd,Air India,BLR - CCU,165,False,Matched,7543.0,NETBANKING,Recorded
B1324,AI108,2026-02-04 11:37:36,CANCELLED,33B,08ed9f4a01f48714dd32cd8aa814fb146fee140ece553a31fdad0d4282e14b08,66e0f3e83942fef404dd,Air India,BLR - CCU,165,False,Matched,,CARD,Missing amount
B1325,SJ134,2025-08-11 11:37:36,CANCELLED,3B,dab9ac1c9765aa305f7110a2b85c563986d3c22574b557812440391b4588dc1d,56395b5806721f433c3b,Spicejet,BOM - CCU,257,False,Matched,4503.45,UPI,Recorded
B1326,UK146,2025-10-31 11:37:36,CONFIRMED,14F,64e5623b1b258f51a8bc1820f57f036ccbafb82054e91bc281fb3d87404ce787,57bdae0552c3f7ec6822,Vistara,BOM - MAA,148,False,Matched,,,
B1327,SJ036,2025-09-24 11:37:36,CONFIRMED,26C,5ab52867fc38b2404b243c485ec60c1619f2aff421a3f6f5e7073fc9f5902a63,6b5062f87a63e7715049,Spicejet,DEL - HYD,210,False,Matched,13822.99,UPI,Recorded
B1328,6F202,2025-11-01 11:37:36,PENDING,33B,54549fdb7358c49cb56879b15ccb03e1eddb48aa87b23f13a2b6e81cef7f182f,3436b4c184e8d374282f,IndiGo,HYD - BLR,210,False,Matched,,,
B1329,UK041,2026-02-13 11:37:36,CONFIRMED,22C,d63bec70b746c02cefcd4136d10a29e975e116114758f5b0b98fb1ce4ba0bc42,287cad39e3fcc2518d94,Vistara,HYD - MAA,67,False,Matched,6401.38,UPI,Recorded
B1330,6F078,2025-12-06 11:37:36,CONFIRMED,23A,9f05f7e553b56529746eecc193d0d5d27f3eb6cf9c089c8a4ab05ab89d5f1d82,1eeb4d15dded03bbd5b8,IndiGo,BOM - CCU,93,False,Matched,,,
B1331,AI097,2025-07-03 11:37:36,PENDING,22C,51802f423552274c7d0557cae7ff1f34efe2d881c53b40835ca5bb159f77e98b,40767374507cc170e856,Air India,HYD - MAA,292,False,Matched,7131.5,NETBANKING,Recorded
B1332,UK159,2026-01-15 11:37:36,CONFIRMED,7D,d4ef0a84f22aa636c97f4e925bddf741264d0db4ba7fa953cdf9d6e058129b83,e10c50b30f77c4e85750,Vistara,CCU - BLR,167,False,Matched,4183.32,NETBANKING,Recorded
B1333,UK044,2025-09-06 11:37:36,CANCELLED,12B,0b89e5efc95c60187571fd71305e84d07ee697e852e2f2cebc2e7a6df40aa8e5,1316fa8bfd5ed79c82df,Vistara,BLR - BOM,178,False,Matched,2238.82,UPI,Recorded
B1333,UK044,2025-09-06 11:37:36,CANCELLED,12B,0b89e5efc95c60187571fd71305e84d07ee697e852e2f2cebc2e7a6df40aa8e5,1316fa8bfd5ed79c82df,Vistara,BLR - BOM,178,False,Matched,2372.08,NETBANKING,Recorded
B1334,6F176,2025-09-27 11:37:36,CANCELLED,6F,8c409bc580ac0c72e233637597b147d5fac861a9b0822a60560295d40e515158,def76b276104d0f43d63,IndiGo,CCU - DEL,180,False,Matched,,,
B1335,SJ221,2026-02-11 11:37:36,PENDING,4A,96f54f142ccb6ee684e7ee0fefcc0876c44305936870aff10e5df08093e0a6fe,aaa591e130159e9b812b,Spicejet,MAA - HYD,286,False,Matched,,,
B1336,6F112,2025-07-03 11:37:36,CONFIRMED,22A,8dfd45b5cc3e58d3a543a4ab9c3bd3876d3c28c8e136a4f9a3634571b28bb251,fc4632cc5090028ea8b2,IndiGo,HYD - DEL,136,False,Matched,,,
B1337,6F246,2025-10-20 11:37:36,INVALID,4C,898ae1bb981bfb9841cda6a958dfeec343bc580477b1bbab47bd1afb0eae5169,6fd845778cb88ca9d149,IndiGo,HYD - DEL,136,False,Matched,,,
B1338,6F014,2026-02-21 11:37:36,CANCELLED,14C,9305bf7880ace09a46f44f03a1b4d8a1180983a52b50629d5d43b2cda66ba211,24661c7c62164e280073,IndiGo,DEL - MAA,213,False,Matched,,,
B1339,AI237,2025-09-17 11:37:36,CANCELLED,28A,0992cea837cbbe9a41ac8e5965f02de65282b388fa1390b7625a6c91f5babc4e,b2ef9f3e84598144c1f6,Air India,BOM - CCU,195,False,Matched,,,
B1340,6F003,2025-12-14 11:37:36,CANCELLED,12E,388d5387493c5de4bfa5e3c7c5a5eb868e74149349982e0328875afde58c62e8,28b5cd22d84a00ff7227,IndiGo,HYD - BOM,187,False,Matched,,,
B1341,6F249,2025-07-04 11:37:36,CONFIRMED,5A,ec7f6278b3bc60e67c0cbc30c4923f7bdc87cf9844fc448802a949d4d044507d,f4a0701bec58f467d4f2,IndiGo,HYD - BOM,187,False,Matched,9263.24,CARD,Recorded
B1341,6F249,2025-07-04 11:37:36,CONFIRMED,5A,ec7f6278b3bc60e67c0cbc30c4923f7bdc87cf9844fc448802a949d4d044507d,f4a0701bec58f467d4f2,IndiGo,HYD - BOM,187,False,Matched,,NETBANKING,Missing amount
B1342,UK149,2025-04-29 11:37:36,CONFIRMED,4A,b96d24c8136089bab8e0635b3917aaf881c20003e4272f17942fefdd033272d6,aa3d716efe94d18b61ee,Vistara,MAA - DEL,286,False,Matched,,NETBANKING,Missing amount
B1342,UK149,2025-04-29 11:37:36,CONFIRMED,4A,b96d24c8136089bab8e0635b3917aaf881c20003e4272f17942fefdd033272d6,aa3d716efe94d18b61ee,Vistara,MAA - DEL,286,False,Matched,10237.49,CARD,Recorded
B1342,UK149,2025-04-29 11:37:36,CONFIRMED,4A,b96d24c8136089bab8e0635b3917aaf881c20003e4272f17942fefdd033272d6,aa3d716efe94d18b61ee,Vistara,MAA - DEL,286,False,Matched,8765.79,NETBANKING,Recorded
B1343,SJ163,2026-03-08 11:37:36,CONFIRMED,9F,6fcaec68d1d817f86aef9c0de10e6e156e0429143b02dfb91b2ecd40013b59ea,c99c72fb568fc675b59d,Spicejet,DEL - HYD,276,False,Matched,,,
B1344,SJ243,2026-03-28 11:37:36,CONFIRMED,1D,63b04369f3a993d7c6aab669a1ee5eb5635eaea31b3c769585c18e6263f4a68b,e68323376c90859210cc,Spicejet,BLR - DEL,286,False,Matched,,,
B1345,UK113,2025-06-06 11:37:36,CANCELLED,1A,dacaa7dc266510eb73c4a78e34b662871fc23594351fcd531afb8904f04cd554,9a510063acf03334d6d8,Vistara,CCU - DEL,264,False,Matched,,,
B1346,AI071,2025-06-07 11:37:36,PENDING,30E,fb204de95c0f31fb577397b89fa104d89b544aeee0af3e72ff02644dc85caa8f,2f836e849a93a91f2330,Air India,BOM - MAA,183,False,Matched,,,
B1347,6F271,2026-02-07 11:37:36,PENDING,22A,2571d228f84f61218cd5cdac5d55d609e25adbca3ebe7131cff25d010e495943,ed59a97bc77c7fa63abe,IndiGo,HYD - MAA,199,False,Matched,12000.54,CARD,Recorded
B1348,SJ015,2025-06-05 11:37:36,CANCELLED,27E,204da37e999fbf5a5ad124e7b339c5b4dd0a13958254fcf32562e6b98e1ec457,b403614d2470629d64b1,Spicejet,BOM - CCU,72,False,Matched,,,
B1349,UK047,2025-11-19 11:37:36,CANCELLED,9E,08592ec42984d459042fc02f30d68bd5a346be19192e3198ec05b181c2d13f81,eb818415ab72ec132f02,Vistara,BLR - HYD,245,False,Matched,11101.75,CARD,Recorded
B1350,UK020,2026-02-04 11:37:36,PENDING,12A,c8f890518dd947b1d1ea0b5ee53830fd93d48380c9493e607f8b360c566b2a42,427068db6f5e71313281,Vistara,MAA - BLR,75,False,Matched,13802.17,UPI,Recorded
B1350,UK020,2026-02-04 11:37:36,PENDING,12A,c8f890518dd947b1d1ea0b5ee53830fd93d48380c9493e607f8b360c566b2a42,427068db6f5e71313281,Vistara,MAA - BLR,75,False,Matched,7709.03,CARD,Recorded
B1350,UK020,2026-02-04 11:37:36,PENDING,12A,c8f890518dd947b1d1ea0b5ee53830fd93d48380c9493e607f8b360c566b2a42,427068db6f5e71313281,Vistara,MAA - BLR,75,False,Matched,8540.17,CARD,Recorded
B1351,AI122,2025-09-03 11:37:36,PENDING,27F,7729238ab4ab5565d233511361fc0bfd7dd6986184c717d02c2a55e60da98382,32c113c194d305c20cfd,Air India,BOM - CCU,251,False,Matched,14687.44,UPI,Recorded
B1352,UK223,2025-10-20 11:37:36,CANCELLED,17D,fe8a151a504de11b5c5af3dc7fb80e5b0287330fa58959e9d1e9c226854c0155,fc43e1def08e4841cb49,Vistara,CCU - DEL,32,True,Matched,2116.34,CARD,Recorded
B1352,UK223,2025-10-20 11:37:36,CANCELLED,17D,fe8a151a504de11b5c5af3dc7fb80e5b0287330fa58959e9d1e9c226854c0155,fc43e1def08e4841cb49,Vistara,CCU - DEL,32,True,Matched,10103.51,UPI,Recorded
B1353,6F148,2025-09-19 11:37:36,CANCELLED,15F,e53fb125dfc5fa557a7efbcf90e5d5b7c8fab9016b1dfb5d5fc6e6008316722f,ea65d6ccdc51ea3c7191,IndiGo,CCU - BOM,127,False,Matched,,,
B1354,SJ162,2025-12-14 11:37:36,CONFIRMED,34A,12aaaf30dac8abb1306d401b2cfcdbbd4816c9d8a20d62dd27d662291f0608ee,0f46c9f5910632a124b8,Spicejet,DEL - HYD,139,False,Matched,10023.88,UPI,Recorded
B1355,6F127,2026-03-30 11:37:36,CONFIRMED,28B,b43d1b230ed1c57e01250810755c213aeadcc712d1fef58c5ccbad1448d1d811,4e8ff55dd8b0f2785046,IndiGo,HYD - BOM,241,False,Matched,5421.14,CARD,Recorded
B1355,6F127,2026-03-30 11:37:36,CONFIRMED,28B,b43d1b230ed1c57e01250810755c213aeadcc712d1fef58c5ccbad1448d1d811,4e8ff55dd8b0f2785046,IndiGo,HYD - BOM,241,False,Matched,8877.37,CARD,Recorded
B1356,AI173,2025-11-10 11:37:36,PENDING,11F,9a08e1408865f04149e75f45119958dab91d308aeb2a1086e684311f9283e214,aa80b51a4a74913cb38a,Air India,HYD - DEL,291,False,Matched,,,
B1357,6F065,2026-02-05 11:37:36,UNKNOWN,14A,09fe07874b6d7c6874e5ba747ef7227d23495b2a647df8df98bc9024755ad8b0,42d4a752347be98b4b0f,IndiGo,MAA - BLR,163,False,Matched,6983.72,UPI,Recorded
B1358,AI053,2025-06-22 11:37:36,PENDING,20A,e57da2cb8c43541f770c4299b59a537daa0f4ddcb0cc9f9a7995520fd6e3e634,57ca6df61e9f22148c2e,Air India,CCU - DEL,255,False,Matched,,,
B1359,AI241,2025-10-22 11:37:36,CONFIRMED,14E,638a17c9f0105111304dfa0855525d33a3dfc39f455f2976454833ede527fe1d,796aa2f4a0c821f77766,Air India,HYD - BLR,127,False,Matched,,CARD,Missing amount
B1359,AI241,2025-10-22 11:37:36,CONFIRMED,14E,638a17c9f0105111304dfa0855525d33a3dfc39f455f2976454833ede527fe1d,796aa2f4a0c821f77766,Air India,HYD - BLR,127,False,Matched,3097.73,CARD,Recorded
B1359,AI241,2025-10-22 11:37:36,CONFIRMED,14E,638a17c9f0105111304dfa0855525d33a3dfc39f455f2976454833ede527fe1d,796aa2f4a0c821f77766,Air India,HYD - BLR,127,False,Matched,8949.59,UPI,Recorded
B1359,AI241,2025-10-22 11:37:36,CONFIRMED,14E,638a17c9f0105111304dfa0855525d33a3dfc39f455f2976454833ede527fe1d,796aa2f4a0c821f77766,Air India,HYD - BLR,127,False,Matched,9519.49,UPI,Recorded
B1360,AI105,2025-06-15 11:37:36,UNKNOWN,18D,5ebab4a3009c394a9cb20b491c1bd555eabc4f7d663cc7737c532f95390056d4,2434c5e2a6d114434e17,Air India,CCU - DEL,107,False,Matched,,,
B1361,AI110,2025-08-24 11:37:36,PENDING,13F,565aa8afab155d3ad24a0ca2b302f08f2878eaf7ad04699e856a0d99aec9132d,95913f4f8d53cd165722,Air India,BOM - CCU,293,False,Matched,5339.72,UPI,Recorded
B1362,AI252,2025-10-22 11:37:36,CONFIRMED,15B,bc26a45b88fc95f9c22a0e871432f19530faf013b214a2a164013006c54b0fc9,460d77cea008515e4d72,Air India,HYD - DEL,264,False,Matched,,,
B1363,AI149,2025-12-14 11:37:36,CANCELLED,3B,df412a1c471a8489a56547c1fefaf314efdb844f852ece6ab8dc65a48c45695b,c7177ab67e2aeee854c0,Air India,BOM - HYD,197,False,Matched,8554.62,NETBANKING,Recorded
B1364,AI224,2025-09-09 11:37:36,PENDING,23F,1cc433cd6d86c14a5c8c00e4afa19da3a7fa30337bc7dc2cd2498bf24b2835e7,b0a322a36530f4beba55,Air India,DEL - HYD,285,False,Matched,2061.92,CARD,Recorded
B1364,AI224,2025-09-09 11:37:36,PENDING,23F,1cc433cd6d86c14a5c8c00e4afa19da3a7fa30337bc7dc2cd2498bf24b2835e7,b0a322a36530f4beba55,Air India,DEL - HYD,285,False,Matched,10914.38,NETBANKING,Recorded
B1364,AI224,2025-09-09 11:37:36,PENDING,23F,1cc433cd6d86c14a5c8c00e4afa19da3a7fa30337bc7dc2cd2498bf24b2835e7,b0a322a36530f4beba55,Air India,DEL - HYD,285,False,Matched,1147.36,NETBANKING,Recorded
B1365,UK158,2025-07-03 11:37:36,CANCELLED,15B,35a946630dd15221a8459f1864949863e6bd48ad60371ca98c75701bff496fdf,1cc1438d4ea57c22ff39,Vistara,BOM - MAA,33,True,Matched,,,
B1366,6F125,2025-05-05 11:37:36,CANCELLED,25E,c90915b5d57746ace916c67b66a3d0ea37d6505ffecab99233d0a1a17e553b22,96651cd970cb0be29a5e,IndiGo,BOM - CCU,244,False,Matched,,,
B1367,UK164,2025-12-14 11:37:36,CONFIRMED,18A,c69ccdd28d49f45a7fc731ed0e94f53c2e3c554d308e2851f958d4d5f19187c3,68343ec61fddb77961f1,Vistara,BOM - HYD,264,False,Matched,2379.52,CARD,Recorded
B1367,UK164,2025-12-14 11:37:36,CONFIRMED,18A,c69ccdd28d49f45a7fc731ed0e94f53c2e3c554d308e2851f958d4d5f19187c3,68343ec61fddb77961f1,Vistara,BOM - HYD,264,False,Matched,,UPI,Missing amount
B1368,UK007,2025-12-26 11:37:36,CANCELLED,1E,69095963d8c5a97bfa21e337878193537d6d398cc6dbeb6429508e90a6b3ea58,eb2cd2a04299ac3deb40,Vistara,DEL - HYD,134,False,Matched,9184.07,CARD,Recorded
B1368,UK007,2025-12-26 11:37:36,CANCELLED,1E,69095963d8c5a97bfa21e337878193537d6d398cc6dbeb6429508e90a6b3ea58,eb2cd2a04299ac3deb40,Vistara,DEL - HYD,134,False,Matched,9111.32,CARD,Recorded
B1368,UK007,2025-12-26 11:37:36,CANCELLED,1E,69095963d8c5a97bfa21e337878193537d6d398cc6dbeb6429508e90a6b3ea58,eb2cd2a04299ac3deb40,Vistara,DEL - HYD,134,False,Matched,3626.55,UPI,Recorded
B1369,6F118,2026-03-18 11:37:36,PENDING,15F,e120bf9fb1f451cbd241da15bbd54b9963f97da539069526b2f3eb81583f8f6c,140999e4755f63e0806b,IndiGo,CCU - HYD,69,False,Matched,7583.98,UPI,Recorded
B1369,6F118,2026-03-18 11:37:36,PENDING,15F,e120bf9fb1f451cbd241da15bbd54b9963f97da539069526b2f3eb81583f8f6c,140999e4755f63e0806b,IndiGo,CCU - HYD,69,False,Matched,,CARD,Missing amount
B1369,6F118,2026-03-18 11:37:36,PENDING,15F,e120bf9fb1f451cbd241da15bbd54b9963f97da539069526b2f3eb81583f8f6c,140999e4755f63e0806b,IndiGo,CCU - HYD,69,False,Matched,10519.7,UPI,Recorded
B1370,SJ004,2026-01-01 11:37:36,CANCELLED,19C,4f14aff2943fcade54d2454654c8bce2d606818d0d172c5aedcf2bf73d0cbd44,8320093437db984dc4a1,Spicejet,MAA - DEL,189,False,Matched,1770.53,UPI,Recorded
B1370,SJ004,2026-01-01 11:37:36,CANCELLED,19C,4f14aff2943fcade54d2454654c8bce2d606818d0d172c5aedcf2bf73d0cbd44,8320093437db984dc4a1,Spicejet,MAA - DEL,189,False,Matched,14742.11,UPI,Recorded
B1371,6F206,2025-09-25 11:37:36,CANCELLED,15E,16ea3a99d45e1277bd8cef705641da40e5071c7c0b3b80095eb4228069f35da1,677b48bfb34f7001c3a9,IndiGo,DEL - BOM,260,False,Matched,,,
B1372,SJ130,2025-05-11 11:37:36,CANCELLED,11D,dab9ac1c9765aa305f7110a2b85c563986d3c22574b557812440391b4588dc1d,91c80cc03d37b1b17bac,Spicejet,BOM - DEL,240,False,Matched,4621.54,NETBANKING,Recorded
B1372,SJ130,2025-05-11 11:37:36,CANCELLED,11D,dab9ac1c9765aa305f7110a2b85c563986d3c22574b557812440391b4588dc1d,91c80cc03d37b1b17bac,Spicejet,BOM - DEL,240,False,Matched,5975.68,CARD,Recorded
B1373,SJ070,2026-02-14 11:37:36,CANCELLED,22F,d5994519f9e38cf3247483058c4bcf47dcc8c07e5d77a5b496c77e9afa86094b,c465ca06dd2ed98d9d29,Spicejet,MAA - CCU,113,False,Matched,6540.32,UPI,Recorded
B1374,AI085,2025-04-24 11:37:36,CANCELLED,7F,10d28fcc63d62179091a07eb7bbab2100d61cb602e08b0544f2ff4c5c1db0fc0,d974a874598c9df2d5b3,Air India,DEL - HYD,288,False,Matched,,,
B1375,SJ109,2025-09-02 11:37:36,CONFIRMED,15B,6293698b5817301b41dfadf742f3d2c287c8c0c13bff11680eca71699b660c4a,40ba160bfbe594f68211,Spicejet,BOM - DEL,184,False,Matched,9150.53,UPI,Recorded
B1375,SJ109,2025-09-02 11:37:36,CONFIRMED,15B,6293698b5817301b41dfadf742f3d2c287c8c0c13bff11680eca71699b660c4a,40ba160bfbe594f68211,Spicejet,BOM - DEL,184,False,Matched,10064.26,UPI,Recorded
B1376,AI168,2025-08-24 11:37:36,PENDING,16B,eecd3fe47ac74462156da47eef95cbc0b45eb5742d6d7d60de66b5b10f63760a,0d8a1d556c35f9834372,Air India,DEL - CCU,270,False,Matched,12718.31,NETBANKING,Recorded
B1376,AI168,2025-08-24 11:37:36,PENDING,16B,eecd3fe47ac74462156da47eef95cbc0b45eb5742d6d7d60de66b5b10f63760a,0d8a1d556c35f9834372,Air India,DEL - CCU,270,False,Matched,7199.9,UPI,Recorded
B1376,AI168,2025-08-24 11:37:36,PENDING,16B,eecd3fe47ac74462156da47eef95cbc0b45eb5742d6d7d60de66b5b10f63760a,0d8a1d556c35f9834372,Air India,DEL - CCU,270,False,Matched,,UPI,Missing amount
B1377,UK123,2025-10-24 11:37:36,CONFIRMED,26A,6bc28064c80a2b140c59f52282359122731bb7eeaa88fce493207ec6674b5f89,57ac6edd2c9120a1266b,Vistara,BOM - DEL,174,False,Matched,,,
B1378,UK110,2026-01-16 11:37:36,PENDING,30D,6ba0c7d7fce91380dce1cbcb6a07daff957567575b38e8b06822044a0613756c,2381d4d865f7d49801e0,Vistara,HYD - DEL,287,False,Matched,4050.66,UPI,Recorded
B1378,UK110,2026-01-16 11:37:36,PENDING,30D,6ba0c7d7fce91380dce1cbcb6a07daff957567575b38e8b06822044a0613756c,2381d4d865f7d49801e0,Vistara,HYD - DEL,287,False,Matched,10365.35,CARD,Recorded
B1379,AI206,2025-11-02 11:37:36,PENDING,31C,7890ee162550732717a82a5a6fb9f9605c9109ca510528464e75bd76e766e203,91bbf1b6abee0094ff2f,Air India,CCU - MAA,211,False,Matched,,,
B1380,6F007,2026-04-16 11:37:36,PENDING,6B,c892538953f3a0d599ec8cc31974c6ecae45440139a8b31d4619246c3c00b2a3,570291d730690bf38f2c,IndiGo,HYD - MAA,59,False,Matched,14705.02,CARD,Recorded
B1381,SJ013,2025-11-11 11:37:36,PENDING,33A,e914d03ed66944ff4f47cf58a488cc33a6f163935ca5cb212bdd534e0a341974,863f49f4d552456ffb94,Spicejet,DEL - MAA,269,False,Matched,7452.89,UPI,Recorded
B1382,UK061,2025-09-19 11:37:36,PENDING,20D,3b31d98b2752c8c20015f46f03c2cb7c2b25078c09f902dc1727ba6c69a45756,0f8d294ff01731a1abd3,Vistara,BLR - BOM,110,False,Matched,14862.46,UPI,Recorded
B1383,AI010,2025-09-24 11:37:36,CANCELLED,8C,be85350ebd11d273d876b6b1be15282a4c70001f7bbe6a5273323ba38dbee71c,59426f7c9b701d01e4f9,Air India,BOM - HYD,288,False,Matched,,,
B1384,AI024,2025-05-16 11:37:36,CONFIRMED,11D,a96c1e6dfba188e5275d884d5f6d347d07111ea81a0dbce900d3e482ac1ac19b,6b89218cf3e9faca933e,Air India,MAA - BOM,67,False,Matched,5107.55,NETBANKING,Recorded
B1385,UK130,2025-06-08 11:37:36,CONFIRMED,30B,a1305d5b1713882e84b2b22049cff3117c465fbc31e9cfccab80c0d020670cde,671b0cae60c50e0ca5b9,Vistara,MAA - BLR,247,False,Matched,,,
B1386,AI161,2026-03-12 11:37:36,CANCELLED,10A,a493b5978072f36d5b866bd700a0e7227db117fc260c6120802a015c5bd5898f,c47f4199715209dd3b10,Air India,CCU - BOM,180,False,Matched,,,
B1387,SJ208,2025-07-23 11:37:36,PENDING,24F,5b57587b5721b79823321222a187b13a6d073c6fed1ead6650310e727c074d9e,0f870eede7015b804c10,Spicejet,DEL - HYD,61,False,Matched,,,
B1388,6F038,2025-09-23 11:37:36,INVALID,8D,1f1c1f070377d668f836b2d64bfd9924d560f405b35fa4fd1e05f2e46b1eb03f,d1d8d23155c78043b541,IndiGo,HYD - MAA,237,False,Matched,10389.84,NETBANKING,Recorded
B1388,6F038,2025-09-23 11:37:36,INVALID,8D,1f1c1f070377d668f836b2d64bfd9924d560f405b35fa4fd1e05f2e46b1eb03f,d1d8d23155c78043b541,IndiGo,HYD - MAA,237,False,Matched,12160.17,UPI,Recorded
B1389,6F085,2026-02-22 11:37:36,UNKNOWN,30D,4a36cc15d5c2261e43577167e05c6c6af76d841b39258214ad2630cee8af2298,602d6e9a05ef03d4cab2,IndiGo,HYD - MAA,120,False,Matched,,NETBANKING,Missing amount
B1390,SJ028,2026-03-09 11:37:36,CANCELLED,8C,ab45de21887587a2f466e4beb42ae57d9c7e6219a6e1e4f39d1e03f7c5a1c765,de2f2e44de1ebf3a5baa,Spicejet,CCU - BOM,268,False,Matched,,,
B1391,SJ084,2025-11-26 11:37:36,CONFIRMED,21F,807b0d7a517dbfd4556c49de8008b7a5fe7ec56ceacf9639f5096e731db2c3f3,e08d21ba3a8a0289fb1d,Spicejet,HYD - MAA,59,False,Matched,10930.16,CARD,Recorded
B1391,SJ084,2025-11-26 11:37:36,CONFIRMED,21F,807b0d7a517dbfd4556c49de8008b7a5fe7ec56ceacf9639f5096e731db2c3f3,e08d21ba3a8a0289fb1d,Spicejet,HYD - MAA,59,False,Matched,14307.48,UPI,Recorded
B1391,SJ084,2025-11-26 11:37:36,CONFIRMED,21F,807b0d7a517dbfd4556c49de8008b7a5fe7ec56ceacf9639f5096e731db2c3f3,e08d21ba3a8a0289fb1d,Spicejet,HYD - MAA,59,False,Matched,10231.31,CARD,Recorded
B1392,AI139,2026-03-27 11:37:36,CONFIRMED,21D,2571d228f84f61218cd5cdac5d55d609e25adbca3ebe7131cff25d010e495943,72d8d6bc3e8155c081bf,Air India,HYD - MAA,61,False,Matched,,,
B1393,UK179,2026-04-06 11:37:36,PENDING,26E,a1ed582fd74c2f7ee5c5132016f0548c55df06d1cd5273059a74f60e7e9e16e8,0b89697bce4eb6bc0fe0,Vistara,DEL - HYD,290,False,Matched,5252.26,UPI,Recorded
B1394,6F256,2025-07-23 11:37:36,PENDING,23F,a030056418a2a267ab7749b38dffa755cfec1d5f5971467b65928710e23a8e5b,888f74fe762d663437d3,IndiGo,BOM - CCU,33,True,Matched,,,
B1395,UK023,2026-02-10 11:37:36,INVALID,23B,f55f6ab45f48cc7627570ef4e4aacdf6940de7de7d79b49919fd0027d08d0c1c,6da3fad47ea005159a22,Vistara,DEL - MAA,288,False,Matched,10317.13,NETBANKING,Recorded
B1396,AI039,2025-08-03 11:37:36,UNKNOWN,13E,64ef421036e6a8480940cfdb3feebee322ced4257fce23715cdee7fdc14a5f7b,602f18fe6f07fe3e61c8,Air India,MAA - BLR,212,False,Matched,1731.44,CARD,Recorded
B1396,AI039,2025-08-03 11:37:36,UNKNOWN,13E,64ef421036e6a8480940cfdb3feebee322ced4257fce23715cdee7fdc14a5f7b,602f18fe6f07fe3e61c8,Air India,MAA - BLR,212,False,Matched,14467.69,CARD,Recorded
B1397,UK190,2026-02-05 11:37:36,CANCELLED,28D,da0b9c716f58a331842c27370bb2f7b342bef837640572b7fd85c93b478458c0,81d21d789c992b5822a9,Vistara,DEL - BLR,184,False,Matched,3065.33,NETBANKING,Recorded
B1398,6F224,2026-02-04 11:37:36,PENDING,3E,1baa6ade1d73316c0c51835e83d54c4f7072826d28b8b3ccc9a927b4c9d875c3,19c91e2e7e047e35f8a8,IndiGo,DEL - MAA,119,False,Matched,7148.95,NETBANKING,Recorded
B1399,UK221,2025-05-31 11:37:36,PENDING,7A,5121f571aac0a06d53a456bcd48d4cb00650fa9fd720ffe19e7d45f09a7ea2d1,0d059a0bdeddb24fdbee,Vistara,CCU - DEL,266,False,Matched,,,
B1400,SJ107,2026-04-02 11:37:36,CANCELLED,12F,b978689a4fe7dcb8eb02a589c8c1a177ac5569c551c9fb13a76c8c7c147a3501,2c5d00e236743340f47c,Spicejet,BOM - MAA,268,False,Matched,3063.78,UPI,Recorded
B1401,UK155,2025-04-20 11:37:36,UNKNOWN,21D,5dc3256dac024cf1ea376b6b0f7a91aae91484cf3e5aa04d7ccacdac4d8a798b,7aca10da6da64bb2381d,Vistara,MAA - HYD,243,False,Matched,10393.94,CARD,Recorded
B1401,UK155,2025-04-20 11:37:36,UNKNOWN,21D,5dc3256dac024cf1ea376b6b0f7a91aae91484cf3e5aa04d7ccacdac4d8a798b,7aca10da6da64bb2381d,Vistara,MAA - HYD,243,False,Matched,2700.51,UPI,Recorded
B1401,UK155,2025-04-20 11:37:36,UNKNOWN,21D,5dc3256dac024cf1ea376b6b0f7a91aae91484cf3e5aa04d7ccacdac4d8a798b,7aca10da6da64bb2381d,Vistara,MAA - HYD,243,False,Matched,7755.08,CARD,Recorded
B1402,UK183,2026-03-21 11:37:36,CANCELLED,7E,c1c2553ab36eef35a35635c51b3bf4f1eda349bb1ba3a4497fbb4f8870cf6328,8979deb364df9fede2e6,Vistara,BLR - CCU,83,False,Matched,9048.17,NETBANKING,Recorded
B1402,UK183,2026-03-21 11:37:36,CANCELLED,7E,c1c2553ab36eef35a35635c51b3bf4f1eda349bb1ba3a4497fbb4f8870cf6328,8979deb364df9fede2e6,Vistara,BLR - CCU,83,False,Matched,7010.5,UPI,Recorded
B1403,SJ203,2025-05-08 11:37:36,PENDING,26A,b45387970addd0ecbb7bf222ec7b3e236e95eff504a07e00d4473001e3c917f0,5f6dda8390b7f3052179,Spicejet,DEL - HYD,125,False,Matched,,,
B1404,6F253,2026-03-07 11:37:36,INVALID,16A,9520629eb8f3cff8bb34c814ce61f15af9968d0b75642f93c68edd99fc6a1950,67d77b0df24920e88289,IndiGo,MAA - BLR,118,False,Matched,7473.06,UPI,Recorded
B1405,AI100,2025-08-26 11:37:36,PENDING,32F,17bf5833a02e7514445928b88b3363e93558ad18ab4afe80afd63e9780c4bc5c,b34ef91dd0f0fd28815a,Air India,CCU - BOM,220,False,Matched,,,
B1406,6F140,2025-06-24 11:37:36,CONFIRMED,15D,19c4d0439fd63a7076101504a46e77798b570330d12568ca40fd92c3f6270e58,1190c2c6b410a58d48ab,IndiGo,CCU - HYD,111,False,Matched,14922.3,NETBANKING,Recorded
B1406,6F140,2025-06-24 11:37:36,CONFIRMED,15D,19c4d0439fd63a7076101504a46e77798b570330d12568ca40fd92c3f6270e58,1190c2c6b410a58d48ab,IndiGo,CCU - HYD,111,False,Matched,6800.32,NETBANKING,Recorded
B1407,UK048,2025-08-26 11:37:36,CONFIRMED,25A,5c471ce50e4b29c5c0ca9a0b5e51c48852efb36cd7324ae46370d12cb34dafc2,2fcdda486ba8fd79aca3,Vistara,MAA - DEL,285,False,Matched,,,
B1408,SJ204,2025-07-29 11:37:36,CONFIRMED,12F,f501f0ef0240d343f3205c5e737ad77db9090afb504e062a73ec8c1c7334b00b,e72c2d0c481e7f8d5f4c,Spicejet,CCU - DEL,101,False,Matched,6561.39,UPI,Recorded
B1408,SJ204,2025-07-29 11:37:36,CONFIRMED,12F,f501f0ef0240d343f3205c5e737ad77db9090afb504e062a73ec8c1c7334b00b,e72c2d0c481e7f8d5f4c,Spicejet,CCU - DEL,101,False,Matched,1244.03,NETBANKING,Recorded
B1409,UK105,2026-03-24 11:37:36,CONFIRMED,28C,36b226bb0df1a2b8d7cde6e5c3965c0a5482e47b8d9e57783b0013d93cc02881,2add59e47ff328d24235,Vistara,CCU - HYD,67,False,Matched,1095.0,UPI,Recorded
B1410,AI098,2026-04-13 11:37:36,CONFIRMED,32C,0ee2889c5f831c9565abe2b718313a766494870bfcaa4be3a14c5c75ec37b74c,ffa5006f5f4bedcaad00,Air India,HYD - MAA,130,False,Matched,,,
B1411,6F013,2025-10-12 11:37:36,CANCELLED,1A,f07fa37185d2da777ad0f88b7a7576b6c055111296f8ee2a7bdef0b4de0e6402,8951b0515d2decc98b1a,IndiGo,BOM - CCU,290,False,Matched,5888.25,CARD,Recorded
B1411,6F013,2025-10-12 11:37:36,CANCELLED,1A,f07fa37185d2da777ad0f88b7a7576b6c055111296f8ee2a7bdef0b4de0e6402,8951b0515d2decc98b1a,IndiGo,BOM - CCU,290,False,Matched,7520.78,NETBANKING,Recorded
B1412,6F128,2025-11-18 11:37:36,CANCELLED,28E,f8c9ebf07594685875b8266729f83896462f8c47422666dd749735d7eae6dc17,75e29928423767412559,IndiGo,HYD - DEL,67,False,Matched,10616.41,NETBANKING,Recorded
B1413,SJ038,2025-10-05 11:37:36,UNKNOWN,14A,66486257fe345d4699c9f4f7667eb886511a682073a05004d602473493704ad1,643cafef66d50cc7e0c6,Spicejet,BLR - DEL,169,False,Matched,,,
B1414,SJ182,2026-01-07 11:37:36,CONFIRMED,25F,e01aa9db53380011292a5d03e3a4cc2bbf41821eee09168c96716a81404daf8b,873418b6da361afa3920,Spicejet,CCU - BOM,48,False,Matched,6182.07,NETBANKING,Recorded
B1415,6F199,2026-03-22 11:37:36,PENDING,23B,293d57898fe384ce253be16c31506578a9cd6b5105a61c56284b3f95fa877753,22eea6bb9f8e782a7165,IndiGo,DEL - MAA,137,False,Matched,,,
B1416,SJ187,2025-08-17 11:37:36,CANCELLED,20B,81bee41ef70d1f93d2b3dda98f019786bc4f0400644c6cc7daa89981c2593e14,8e4da8d4829c26212bf0,Spicejet,MAA - BLR,203,False,Matched,,,
B1417,AI182,2025-08-18 11:37:36,PENDING,8E,59bbbe612f1bc149ae2c664b220652485acce41bf10c8fb3db66f6240a021dca,cacd85d9b853804f919d,Air India,HYD - DEL,273,False,Matched,3361.82,UPI,Recorded
B1417,AI182,2025-08-18 11:37:36,PENDING,8E,59bbbe612f1bc149ae2c664b220652485acce41bf10c8fb3db66f6240a021dca,cacd85d9b853804f919d,Air India,HYD - DEL,273,False,Matched,3890.23,UPI,Recorded
B1418,SJ027,2025-05-04 11:37:36,PENDING,19D,61e8d706f46ae910596e5710a8918d0000b4c9c0e8613a3399e4170e30b09d68,8b57a13d98855fd1d2c6,Spicejet,BOM - MAA,263,False,Matched,12326.46,CARD,Recorded
B1419,SJ062,2026-01-20 11:37:36,CONFIRMED,20E,91d14ba96f8827d357dd18f85be397b29a15b5e48970f9d1c73d6554990703fb,0d3c11dc4f4fd2026a44,Spicejet,BLR - HYD,209,False,Matched,3513.0,NETBANKING,Recorded
B1419,SJ062,2026-01-20 11:37:36,CONFIRMED,20E,91d14ba96f8827d357dd18f85be397b29a15b5e48970f9d1c73d6554990703fb,0d3c11dc4f4fd2026a44,Spicejet,BLR - HYD,209,False,Matched,1424.75,CARD,Recorded
B1420,SJ161,2026-02-24 11:37:36,CONFIRMED,27B,b51513feaeabb01b635723655d2377870eb545fdd702a6ae63509ff8d32ecc30,62c07e5c691a78fa14e5,Spicejet,MAA - BLR,42,True,Matched,7161.79,UPI,Recorded
B1421,UK058,2025-10-03 11:37:36,UNKNOWN,23C,4b802b8b237be452ed9157e7362fc8fc48ab55faeeae7ca56f0eea89079e74f9,8e08ee2e3a9175e3813c,Vistara,MAA - BOM,198,False,Matched,,,
B1422,AI181,2026-01-04 11:37:36,CANCELLED,12D,eed739a56eda4be61b5502eaf8c5f4f59726c3a42d9cb87787b745434c156957,60a15b139db05c5d31c2,Air India,MAA - HYD,206,False,Matched,4826.6,UPI,Recorded
B1423,AI003,2025-06-12 11:37:36,CONFIRMED,14A,03dc1e1b17b4666d692971fe4f85fdbcd4cdae42d2dd0a432f17e084f76aded9,d14718607103a75a22fc,Air India,BLR - HYD,208,False,Matched,,,
B1424,6F150,2025-11-05 11:37:36,CANCELLED,11D,d5e367b95eafe8bf5c34ba2816d82170752b2346711260c2c9bca32ff1a11788,1bbc24663c6bb056dcd4,IndiGo,HYD - MAA,238,False,Matched,,,
B1425,SJ175,2025-06-28 11:37:36,CANCELLED,34E,70d29522c325b7cba5c1d069857b7bd7ec1489f97e88e84dd64ab9e8c8157764,84ef3fcdba7bd2476f5b,Spicejet,MAA - BLR,244,False,Matched,,,
B1426,6F041,2025-12-15 11:37:36,CANCELLED,17C,583975f5e3ce24d7f9009f55afd1a16ba2067e03c121642d3c0c7d3692e8e931,d932969a673ab77dba32,IndiGo,MAA - BOM,209,False,Matched,,CARD,Missing amount
B1427,SJ040,2026-04-15 11:37:36,CANCELLED,16E,8c409bc580ac0c72e233637597b147d5fac861a9b0822a60560295d40e515158,e15b18c930912c4a4424,Spicejet,BOM - CCU,212,False,Matched,,,
B1428,6F020,2025-06-17 11:37:36,CONFIRMED,27C,2444db70fcc189913f2e47330606e33cc65c9597d075511b84f0cd3e0aca8237,140210c24a9b1c1c960a,IndiGo,BOM - HYD,105,False,Matched,,,
B1429,AI248,2025-05-08 11:37:36,CANCELLED,27B,1fc2c3a6906f2860a648a8c0c3f25a35071f74eb6921b6e79ed5db854207002d,302f8402c048c092e837,Air India,CCU - DEL,78,False,Matched,6939.44,CARD,Recorded
B1429,AI248,2025-05-08 11:37:36,CANCELLED,27B,1fc2c3a6906f2860a648a8c0c3f25a35071f74eb6921b6e79ed5db854207002d,302f8402c048c092e837,Air India,CCU - DEL,78,False,Matched,9998.44,CARD,Recorded
B1430,SJ016,2026-02-08 11:37:36,CONFIRMED,11A,6c7ce557b57c141b793170b5098cb0f635bfeb26ccd3be3ffec1bcd89ef4ac34,21937f97cf47d597275b,Spicejet,HYD - CCU,205,False,Matched,,,
B1431,UK204,2025-11-21 11:37:36,CONFIRMED,31C,38818b66e01b5e52f2cc8dffa0ee32b381cd524b1a60e4631435e5d094a538a3,fae90bffaf6fcb5800b8,Vistara,BLR - DEL,98,False,Matched,9678.57,CARD,Recorded
B1431,UK204,2025-11-21 11:37:36,CONFIRMED,31C,38818b66e01b5e52f2cc8dffa0ee32b381cd524b1a60e4631435e5d094a538a3,fae90bffaf6fcb5800b8,Vistara,BLR - DEL,98,False,Matched,12583.38,NETBANKING,Recorded
B1432,6F211,2025-09-02 11:37:36,CANCELLED,9B,27b6259e7394c8c2ca99b22b9f887e890417ed9630310fb1d546b9192b3bb589,f4d82a58b7110d8b4bc6,IndiGo,MAA - BLR,291,False,Matched,,,
B1433,SJ166,2025-05-07 11:37:36,CONFIRMED,5B,39cb75303683b49b8b9f99bc8f565214190a169f413631c6b0e6aa8af84a4d8d,7aa941b4b95bfa0fbfdf,Spicejet,CCU - HYD,207,False,Matched,1901.67,UPI,Recorded
B1433,SJ166,2025-05-07 11:37:36,CONFIRMED,5B,39cb75303683b49b8b9f99bc8f565214190a169f413631c6b0e6aa8af84a4d8d,7aa941b4b95bfa0fbfdf,Spicejet,CCU - HYD,207,False,Matched,14067.26,CARD,Recorded
B1434,AI036,2025-10-19 11:37:36,PENDING,30C,3d9ca399bd6ce524baa4cdbe63315339e8602dce076dcccc5e7b9141aec06be0,9d800528d9ea48381e3a,Air India,BOM - CCU,91,False,Matched,4962.24,NETBANKING,Recorded
B1434,AI036,2025-10-19 11:37:36,PENDING,30C,3d9ca399bd6ce524baa4cdbe63315339e8602dce076dcccc5e7b9141aec06be0,9d800528d9ea48381e3a,Air India,BOM - CCU,91,False,Matched,1027.05,UPI,Recorded
B1435,SJ215,2025-09-18 11:37:36,CONFIRMED,1E,abcc32255d660a86134ff0006e22e89af2afe74db6b53a81c743fa46517e508a,abbd6584642a92f7cd1a,Spicejet,CCU - DEL,95,False,Matched,8589.93,CARD,Recorded
B1436,AI076,2026-01-05 11:37:36,CONFIRMED,20B,9100a4bd5031c889635160d8a5ef534ba146abb7b6449124d9a00bd741c06f08,8f5cc85824b1ed10d450,Air India,BLR - BOM,35,True,Matched,,,
B1437,SJ012,2025-11-28 11:37:36,CANCELLED,24A,51901c2613c57b623f3e900434e8b79661eef03326504a56e8147a739d3c8ae7,9d8b81ec483309767985,Spicejet,HYD - BLR,71,False,Matched,,,
B1438,AI073,2026-04-01 11:37:36,UNKNOWN,20D,b8740328b5890f9882c08afc9fe95bba1ff658893af9f701558737f2949839e9,ba9db76b6c420da6c3bc,Air India,BOM - BLR,122,False,Matched,7670.85,UPI,Recorded
B1439,SJ173,2025-11-09 11:37:36,CONFIRMED,27E,bae0c5d3d6369133438f4dc65e73ceee2befd6ddde7e2e21b5ee9859afddc057,6b3037f31b67afb9c3e0,Spicejet,CCU - HYD,102,False,Matched,7292.76,NETBANKING,Recorded
B1440,AI193,2026-03-09 11:37:36,CANCELLED,25E,33c32c89e50fa051e75208b63a2f266bf9f23ca2e6c830cd3ee12d13b5e5dcf5,50713045d6e7ff1b352c,Air India,MAA - HYD,274,False,Matched,,,
B1441,SJ131,2025-09-22 11:37:36,INVALID,13A,a3c0fae40c3dbca6b958aefe67039964579b264cf309577d1cd22f7092b5932a,b4560dfdaa812d5757ea,Spicejet,MAA - HYD,67,False,Matched,,,
B1442,AI225,2025-06-02 11:37:36,PENDING,11E,fff3bf44475721493532cc4a10ba313afee328103e829777a70652200bc0f8f8,953e80a752a575f3ec7d,Air India,BOM - BLR,56,False,Matched,11779.89,NETBANKING,Recorded
B1443,AI190,2025-10-09 11:37:36,CANCELLED,9E,7492db9ae222a9b7ad5dfd8fad57aa650f714cc9cba3207c38e19760c9504b27,3599a198384e7d6a05c0,Air India,BOM - CCU,198,False,Matched,,UPI,Missing amount
B1444,SJ238,2025-12-25 11:37:36,CONFIRMED,7B,2917d9422cb573339f0b82d807b4fc1c8644953f61702df621454d506717b9a2,70d13f940f11e17c7f74,Spicejet,MAA - BLR,238,False,Matched,,,
B1445,6F005,2025-12-21 11:37:36,PENDING,5F,cabacc30a072aaed634a6d38a170f7ede771ad4f403f3403c94447e61ea2d732,34af94098be97f8bd940,IndiGo,BOM - MAA,263,False,Matched,9862.4,CARD,Recorded
B1446,UK136,2025-09-25 11:37:36,PENDING,23C,f2455e602d76bfb7bca28b2ed58f4aaedf4593629067699f04869a05859f76b9,8f19eab005ceffebc61c,Vistara,HYD - CCU,223,False,Matched,4197.73,UPI,Recorded
B1446,UK136,2025-09-25 11:37:36,PENDING,23C,f2455e602d76bfb7bca28b2ed58f4aaedf4593629067699f04869a05859f76b9,8f19eab005ceffebc61c,Vistara,HYD - CCU,223,False,Matched,3512.23,NETBANKING,Recorded
B1446,UK136,2025-09-25 11:37:36,PENDING,23C,f2455e602d76bfb7bca28b2ed58f4aaedf4593629067699f04869a05859f76b9,8f19eab005ceffebc61c,Vistara,HYD - CCU,223,False,Matched,,UPI,Missing amount
B1447,SJ063,2025-05-21 11:37:36,CONFIRMED,15F,d8610378a00577767f10ae607b458d99dbaaa827c36ae5fd870051704dc643e1,1fba08c3696528bee117,Spicejet,MAA - BOM,105,False,Matched,4676.01,NETBANKING,Recorded
B1447,SJ063,2025-05-21 11:37:36,CONFIRMED,15F,d8610378a00577767f10ae607b458d99dbaaa827c36ae5fd870051704dc643e1,1fba08c3696528bee117,Spicejet,MAA - BOM,105,False,Matched,13762.65,NETBANKING,Recorded
B1448,6F175,2025-11-21 11:37:36,CANCELLED,9E,a1ed582fd74c2f7ee5c5132016f0548c55df06d1cd5273059a74f60e7e9e16e8,a87c6d57065278509c5c,IndiGo,MAA - CCU,115,False,Matched,,,
B1449,AI037,2025-05-23 11:37:36,PENDING,19A,543d374a2d391feaee75cc354ed88663eedee6423759ed943f6a7f9af0e2100c,29ba59664c75d93934bd,Air India,BOM - BLR,239,False,Matched,,,
B1450,UK225,2025-11-11 11:37:36,CONFIRMED,21C,0e0f156b7fd8737b6d3a2195772093d777461ef7db98155fe85b1f8bfdb05401,2b97b588a082ecbe27f4,Vistara,MAA - BLR,136,False,Matched,,,
B1451,AI141,2025-05-20 11:37:36,CONFIRMED,15E,545ee27665fe55bea20790384781b6aedd7b73d4a56cb04c3f6907b23c65699b,379548982c7268bb5041,Air India,BLR - DEL,277,False,Matched,10311.86,CARD,Recorded
B1452,6F172,2026-01-26 11:37:36,PENDING,3E,a3c0fae40c3dbca6b958aefe67039964579b264cf309577d1cd22f7092b5932a,7bbc4ccb9807d7888678,IndiGo,BOM - BLR,293,False,Matched,,,
B1453,6F219,2026-02-07 11:37:36,CANCELLED,16F,f9f1a648982fa04229a202adf8c2d64661aec698200003d2f8b06ca9533e6b54,bd341f167eab4d084f5f,IndiGo,MAA - DEL,245,False,Matched,1310.19,CARD,Recorded
B1453,6F219,2026-02-07 11:37:36,CANCELLED,16F,f9f1a648982fa04229a202adf8c2d64661aec698200003d2f8b06ca9533e6b54,bd341f167eab4d084f5f,IndiGo,MAA - DEL,245,False,Matched,3957.99,UPI,Recorded
B1454,AI045,2025-08-16 11:37:36,PENDING,8E,4d827731f43ed365bfa8a6c50406d91f2bf91b80a99b26f5e4ab6c6731faccd3,9a05075321d1cf31d7d5,Air India,HYD - MAA,159,False,Matched,,,
B1455,AI198,2026-04-12 11:37:36,CONFIRMED,30A,66715deb9ece7b512faa47abab47f596f99caaac59158b34c3a3c078ef738623,0d349c53e721f5689946,Air India,CCU - MAA,203,False,Matched,14853.28,CARD,Recorded
B1455,AI198,2026-04-12 11:37:36,CONFIRMED,30A,66715deb9ece7b512faa47abab47f596f99caaac59158b34c3a3c078ef738623,0d349c53e721f5689946,Air India,CCU - MAA,203,False,Matched,12781.22,UPI,Recorded
B1456,AI120,2025-04-24 11:37:36,PENDING,17F,9bf6b92f00fa4a4ec6b2bc8eca5c34f8c4068362dd57fd623b257bc36ac6aaba,2d8cc8bee25a45accb22,Air India,MAA - CCU,126,False,Matched,,,
B1457,6F134,2025-06-11 11:37:36,CANCELLED,32D,f48b1a3c5d7011f59c4c46ef991dd731b9100a773b81e748cf7ce7f9bac11a2b,0931b735fd1b9e6e12bf,IndiGo,BLR - MAA,79,False,Matched,5769.17,CARD,Recorded
B1458,UK102,2025-11-19 11:37:36,CONFIRMED,10B,9219010346f13562e9e5233008cff198b72ad97d94f133b1389e5ccee61b87ea,378d17d472a62ec4a1cc,Vistara,HYD - CCU,123,False,Matched,8073.17,NETBANKING,Recorded
B1459,SJ199,2025-06-10 11:37:36,CANCELLED,1F,3014ced4dc7652e69eb236d3e0db88a7af98fa2c22941dce4756c569befcca12,2863632145ac48507a1e,Spicejet,HYD - BOM,150,False,Matched,12554.5,CARD,Recorded
B1459,SJ199,2025-06-10 11:37:36,CANCELLED,1F,3014ced4dc7652e69eb236d3e0db88a7af98fa2c22941dce4756c569befcca12,2863632145ac48507a1e,Spicejet,HYD - BOM,150,False,Matched,2103.45,UPI,Recorded
B1459,SJ199,2025-06-10 11:37:36,CANCELLED,1F,3014ced4dc7652e69eb236d3e0db88a7af98fa2c22941dce4756c569befcca12,2863632145ac48507a1e,Spicejet,HYD - BOM,150,False,Matched,4427.75,UPI,Recorded
B1460,6F235,2025-10-01 11:37:36,PENDING,32E,d3494753a7a5601ea459c1bd26f2ce4dcde330b2227a78175f30de3a2154b3de,1d5555fec8474a347106,IndiGo,HYD - MAA,165,False,Matched,,,
B1461,UK065,2025-10-14 11:37:36,PENDING,33F,9c23cd206300e319f17193b07d22c9d371210f794ed8ed4b17469c63b341d05e,5b0eac244b530c45cf5c,Vistara,BOM - CCU,248,False,Matched,9618.57,UPI,Recorded
B1461,UK065,2025-10-14 11:37:36,PENDING,33F,9c23cd206300e319f17193b07d22c9d371210f794ed8ed4b17469c63b341d05e,5b0eac244b530c45cf5c,Vistara,BOM - CCU,248,False,Matched,14867.45,CARD,Recorded
B1461,UK065,2025-10-14 11:37:36,PENDING,33F,9c23cd206300e319f17193b07d22c9d371210f794ed8ed4b17469c63b341d05e,5b0eac244b530c45cf5c,Vistara,BOM - CCU,248,False,Matched,5775.44,NETBANKING,Recorded
B1462,6F135,2025-12-03 11:37:36,CANCELLED,26D,d3494753a7a5601ea459c1bd26f2ce4dcde330b2227a78175f30de3a2154b3de,905c0c8514911849ae9a,IndiGo,MAA - HYD,46,False,Matched,6497.79,CARD,Recorded
B1463,SJ148,2026-02-10 11:37:36,PENDING,31C,05af5e85c57a66340be9f3299f39341b06efab412fe42f377a5f1d3e236b0c9b,cc4a868233685a5c2851,Spicejet,DEL - BLR,230,False,Matched,1141.0,UPI,Recorded
B1463,SJ148,2026-02-10 11:37:36,PENDING,31C,05af5e85c57a66340be9f3299f39341b06efab412fe42f377a5f1d3e236b0c9b,cc4a868233685a5c2851,Spicejet,DEL - BLR,230,False,Matched,5703.58,NETBANKING,Recorded
B1464,AI083,2026-03-07 11:37:36,CANCELLED,6B,4366fd192f0ac16872bca6ce12822a26305787b92ea253f90e3e1127fac02a92,4e86eacf4693f17ff09b,Air India,DEL - BOM,43,True,Matched,4535.96,CARD,Recorded
B1465,UK024,2025-07-02 11:37:36,PENDING,5C,2d5362243e8c7cc36b39516de8c8c19b8fd66bc3ef9be2d6ccbeef0fce031734,b77e9c7735ad03bbdc90,Vistara,MAA - BLR,300,False,Matched,,,
B1466,UK220,2025-04-27 11:37:36,CANCELLED,28B,746dd2bcfc7419f8f25466d546e341dee961c1c05877443d7d1d2074db093f44,b8a951924ce3b4079db7,Vistara,BLR - BOM,214,False,Matched,,,
B1467,UK115,2025-04-30 11:37:36,CANCELLED,25A,6e6417f31a668be29fb1ac8ef7d9554fcb9fb37b471ef3133333fb395f46d1e0,93dc7bf40d996721875c,Vistara,BLR - BOM,120,False,Matched,13307.54,CARD,Recorded
B1468,AI255,2025-07-16 11:37:36,CONFIRMED,14F,76cf7864a815d0da3feac01af8f5768f752f803b347f0aaead4edd7cba1d3300,b03c83e7cff1488dc12f,Air India,MAA - CCU,267,False,Matched,11281.66,UPI,Recorded
B1468,AI255,2025-07-16 11:37:36,CONFIRMED,14F,76cf7864a815d0da3feac01af8f5768f752f803b347f0aaead4edd7cba1d3300,b03c83e7cff1488dc12f,Air India,MAA - CCU,267,False,Matched,14054.88,NETBANKING,Recorded
B1469,6F001,2025-12-25 11:37:36,CONFIRMED,11A,aa612388466ea7b010238585d106f88ac833ce143ddffbbcdbf7b44bb1bb6e49,1a25384490b2f796cf67,IndiGo,HYD - BOM,95,False,Matched,,,
B1470,6F132,2025-05-27 11:37:36,CANCELLED,24E,f58a747a7b03487453620906225a436596ae0d2004b1d9544efbc4d6f1b1539b,d8284e7f8187cfa6f619,IndiGo,MAA - BOM,60,False,Matched,,,
B1471,UK184,2026-03-28 11:37:36,PENDING,8E,1d02a335f99f335f2dce97cca22fed3b2047896464bb58877fec9cef9db60b66,db31af779afc959fa43f,Vistara,MAA - HYD,131,False,Matched,,,
B1472,6F098,2025-06-06 11:37:36,PENDING,3D,fe675acd7859b1ddf8876edaf8f90aec2985e52ef30a0ea536f8459ff8a9cac8,0ca0ebe82f000929147d,IndiGo,BLR - MAA,151,False,Matched,,,
B1473,SJ168,2025-07-19 11:37:36,PENDING,21F,10d28fcc63d62179091a07eb7bbab2100d61cb602e08b0544f2ff4c5c1db0fc0,19f6f8b31db349b0c32f,Spicejet,CCU - BOM,252,False,Matched,,,
B1474,SJ178,2025-07-28 11:37:36,CANCELLED,14C,298fccb3123d9f12e9942d2512b7c39dc5247a32edbeb309f2fa343dc1b1ace9,120bf4708d93959bc0a0,Spicejet,BOM - HYD,149,False,Matched,12076.76,CARD,Recorded
B1474,SJ178,2025-07-28 11:37:36,CANCELLED,14C,298fccb3123d9f12e9942d2512b7c39dc5247a32edbeb309f2fa343dc1b1ace9,120bf4708d93959bc0a0,Spicejet,BOM - HYD,149,False,Matched,10623.21,CARD,Recorded
B1474,SJ178,2025-07-28 11:37:36,CANCELLED,14C,298fccb3123d9f12e9942d2512b7c39dc5247a32edbeb309f2fa343dc1b1ace9,120bf4708d93959bc0a0,Spicejet,BOM - HYD,149,False,Matched,10060.35,UPI,Recorded
B1475,UK111,2026-03-07 11:37:36,CANCELLED,2C,1d1f3f229abb524af34f113e3e04ff603de8dfc1a976c2e8e5b65b76fc5a3254,80e5e5f635e79de47cfa,Vistara,MAA - BLR,74,False,Matched,6101.41,CARD,Recorded
B1475,UK111,2026-03-07 11:37:36,CANCELLED,2C,1d1f3f229abb524af34f113e3e04ff603de8dfc1a976c2e8e5b65b76fc5a3254,80e5e5f635e79de47cfa,Vistara,MAA - BLR,74,False,Matched,12511.85,UPI,Recorded
B1475,UK111,2026-03-07 11:37:36,CANCELLED,2C,1d1f3f229abb524af34f113e3e04ff603de8dfc1a976c2e8e5b65b76fc5a3254,80e5e5f635e79de47cfa,Vistara,MAA - BLR,74,False,Matched,2786.72,NETBANKING,Recorded
B1476,SJ051,2026-02-27 11:37:36,CANCELLED,32E,f429fa87be8b29de67cd643627dae3fe7d3af1b010a383b584594541e619eb45,b634689a135c43d31f01,Spicejet,BOM - BLR,218,False,Matched,,,
B1477,SJ193,2025-07-06 11:37:36,CANCELLED,18E,c6a186d5f39b3ca79862267394d3a3293c8243a487ada9b99b03f55b142c18c4,d9a77f3827360942e091,Spicejet,CCU - DEL,159,False,Matched,9314.23,CARD,Recorded
B1477,SJ193,2025-07-06 11:37:36,CANCELLED,18E,c6a186d5f39b3ca79862267394d3a3293c8243a487ada9b99b03f55b142c18c4,d9a77f3827360942e091,Spicejet,CCU - DEL,159,False,Matched,3182.33,UPI,Recorded
B1477,SJ193,2025-07-06 11:37:36,CANCELLED,18E,c6a186d5f39b3ca79862267394d3a3293c8243a487ada9b99b03f55b142c18c4,d9a77f3827360942e091,Spicejet,CCU - DEL,159,False,Matched,4907.19,CARD,Recorded
B1478,SJ039,2026-02-24 11:37:36,CONFIRMED,28D,d85fe17ebb65d87510b2aa035e08d929b1f49884bb74dbea72fb9475d0da307a,3ff41204652c7d893d3e,Spicejet,MAA - BOM,207,False,Matched,2928.68,CARD,Recorded
B1479,UK066,2025-12-17 11:37:36,CANCELLED,22B,14ed801442b32a0e762ca3f1adf6d89673a6eb9e8e1898a4780f21db5948f249,cf882a76b69514e655df,Vistara,BOM - CCU,98,False,Matched,6418.94,UPI,Recorded
B1479,UK066,2025-12-17 11:37:36,CANCELLED,22B,14ed801442b32a0e762ca3f1adf6d89673a6eb9e8e1898a4780f21db5948f249,cf882a76b69514e655df,Vistara,BOM - CCU,98,False,Matched,10059.56,NETBANKING,Recorded
B1480,SJ050,2026-03-14 11:37:36,PENDING,34B,41f888d903059e7e91d1546b0ab6c75b7b0d1b58c434d4309bc31c4feb738d22,468c532ca7b32aca7fda,Spicejet,HYD - CCU,39,True,Matched,3112.82,CARD,Recorded
B1481,6F052,2025-06-11 11:37:36,CONFIRMED,4D,562517d8b2a6fe50ea502b22880b12b48b538731fb2103de2809a27fd00c2267,dcfe2a629c750cf23bb9,IndiGo,BOM - CCU,169,False,Matched,,,
B1482,SJ170,2025-08-29 11:37:36,PENDING,14E,24538c48197d849d793456197d76022b8accce7ee882c7f365141c4296e6efb3,32e73ce6c422234db10a,Spicejet,BLR - BOM,105,False,Matched,10093.45,UPI,Recorded
B1482,SJ170,2025-08-29 11:37:36,PENDING,14E,24538c48197d849d793456197d76022b8accce7ee882c7f365141c4296e6efb3,32e73ce6c422234db10a,Spicejet,BLR - BOM,105,False,Matched,7655.83,UPI,Recorded
B1483,SJ119,2025-06-09 11:37:36,UNKNOWN,26B,fddb6df99200e643a098a8061d10e4c97f494c79480dd0ae5d7cf2a21ccdebad,fba9cdf58810e9b457df,Spicejet,BOM - CCU,156,False,Matched,10562.26,CARD,Recorded
B1484,AI219,2025-05-07 11:37:36,CONFIRMED,13B,9c18ba2b598478bdeb0df5138c18a67770216764f7384c8d998d7a410d9632dd,e267d063db2bc11b34f4,Air India,BLR - DEL,119,False,Matched,,,
B1485,6F220,2025-07-05 11:37:36,CANCELLED,12D,c5e54f4864f74c38a31edcef1679d88961624556da3274ef380a937de014692c,96caaef3757790befcb3,IndiGo,HYD - BOM,58,False,Matched,,,
B1486,AI207,2025-05-04 11:37:36,CONFIRMED,3D,746dd2bcfc7419f8f25466d546e341dee961c1c05877443d7d1d2074db093f44,a7d7bc0fd1ec4855a7c1,Air India,BOM - MAA,179,False,Matched,6166.79,NETBANKING,Recorded
B1486,AI207,2025-05-04 11:37:36,CONFIRMED,3D,746dd2bcfc7419f8f25466d546e341dee961c1c05877443d7d1d2074db093f44,a7d7bc0fd1ec4855a7c1,Air India,BOM - MAA,179,False,Matched,9435.36,CARD,Recorded
B1486,AI207,2025-05-04 11:37:36,CONFIRMED,3D,746dd2bcfc7419f8f25466d546e341dee961c1c05877443d7d1d2074db093f44,a7d7bc0fd1ec4855a7c1,Air India,BOM - MAA,179,False,Matched,4695.45,UPI,Recorded
B1487,6F024,2026-01-26 11:37:36,PENDING,5E,ade5f587408a13deabf5a613bd2a06781a75c29e0394ac8bb72674250cacd237,5b16617dd4af61a4e10f,IndiGo,BOM - DEL,226,False,Matched,,,
B1488,SJ073,2025-05-04 11:37:36,CANCELLED,27E,777c82c974eeafdf3d8d8b61c465cd2dd09bb2e87c2344f141577453d8e463c4,0e714428a76add5c2741,Spicejet,CCU - BLR,108,False,Matched,9707.48,NETBANKING,Recorded
B1488,SJ073,2025-05-04 11:37:36,CANCELLED,27E,777c82c974eeafdf3d8d8b61c465cd2dd09bb2e87c2344f141577453d8e463c4,0e714428a76add5c2741,Spicejet,CCU - BLR,108,False,Matched,12915.55,NETBANKING,Recorded
B1489,SJ201,2025-07-08 11:37:36,CANCELLED,24F,c2d790968f879214176feb2618c3bbb06f466b929dd49afff3e4e98c736fe33f,d0552f8fb38e925ef99b,Spicejet,BLR - DEL,122,False,Matched,,,
B1490,AI180,2026-03-10 11:37:36,CONFIRMED,29B,26e10073361fa11ae8bf158fe85c1e85fe625f07c4029c88f077a487dafbb6e8,51cfa690942303f59294,Air India,BOM - CCU,41,True,Matched,,CARD,Missing amount
B1490,AI180,2026-03-10 11:37:36,CONFIRMED,29B,26e10073361fa11ae8bf158fe85c1e85fe625f07c4029c88f077a487dafbb6e8,51cfa690942303f59294,Air India,BOM - CCU,41,True,Matched,1217.88,CARD,Recorded
B1491,UK022,2025-07-16 11:37:36,CONFIRMED,18F,04b4527fc3a09982d4f4d946d1192aa2c368cc1cbfada32c0eb2252f96858ffc,1ce867248287aa39352e,Vistara,DEL - HYD,277,False,Matched,6534.99,UPI,Recorded
B1492,AI202,2026-03-27 11:37:36,CANCELLED,29C,b96d24c8136089bab8e0635b3917aaf881c20003e4272f17942fefdd033272d6,32b8b94d765b27836298,Air India,HYD - BLR,129,False,Matched,,,
B1493,6F212,2025-06-01 11:37:36,CONFIRMED,26D,248148d4f51f53a60ab87b6683f1914891bee62c6dc614c90894f055f4590950,e5a88faa1d0626827106,IndiGo,BLR - CCU,282,False,Matched,,,
B1494,6F163,2025-06-09 11:37:36,CANCELLED,23F,3531f1b1314e0230cf3b0cbd5d00f0fc6061f5f292205c2ebbbb7a2f990127ca,eaeac09fb65fc98315e3,IndiGo,MAA - BOM,237,False,Matched,,,
B1495,UK028,2025-10-15 11:37:36,CONFIRMED,27D,a9202dcc1476c62a975cfa831418c9b37123a27a32efc2e209355577efed0f04,0d0fa10da98fb058a7ba,Vistara,HYD - MAA,95,False,Matched,11906.95,UPI,Recorded
B1495,UK028,2025-10-15 11:37:36,CONFIRMED,27D,a9202dcc1476c62a975cfa831418c9b37123a27a32efc2e209355577efed0f04,0d0fa10da98fb058a7ba,Vistara,HYD - MAA,95,False,Matched,5584.17,CARD,Recorded
B1496,6F243,2026-03-21 11:37:36,PENDING,7D,67538c3a627c01f037f7841891b510652e79a622bb16dd555cebfe8049b7192a,6f328274011ffc81ff7f,IndiGo,BOM - HYD,56,False,Matched,2901.65,UPI,Recorded
B1497,AI165,2025-09-02 11:37:36,CONFIRMED,11F,a8e8af1e4b0716cc1f4c1575bc3944ce297572dfe8d276e99e0055ebb8ccbe6a,63d6c665d59c62813e3c,Air India,DEL - CCU,100,False,Matched,,,
B1498,UK099,2025-07-18 11:37:36,PENDING,3D,10750fd42f7af5d42aeb2eb369fd897b0318e981e3743492e2bfe27820d32c7b,e273ebe6ad845637ecc9,Vistara,BOM - MAA,248,False,Matched,,,
B1499,AI033,2025-06-17 11:37:36,INVALID,17C,71af53f29afc086f472e8e4f35bcd72cde32910badea689e8bd03e9566c01876,327ec94eff5897aaefbf,Air India,MAA - CCU,296,False,Matched,,,
B1500,UK056,2025-04-30 11:37:36,CONFIRMED,22D,a453621f9882cccf4bb848c79f8ff04471eac093fa1335dffcbe36753a662d9c,73d34b98d4fdeada9af4,Vistara,HYD - MAA,46,False,Matched,1303.07,CARD,Recorded
B1501,SJ122,2025-09-04 11:37:36,CANCELLED,23D,8de3865850d7a5991f3990f863b605e467e370b70d5163b5ff33b89a525baa1a,859c5badc39b9b361c6b,Spicejet,CCU - BOM,287,False,Matched,,UPI,Missing amount
B1501,SJ122,2025-09-04 11:37:36,CANCELLED,23D,8de3865850d7a5991f3990f863b605e467e370b70d5163b5ff33b89a525baa1a,859c5badc39b9b361c6b,Spicejet,CCU - BOM,287,False,Matched,14182.89,NETBANKING,Recorded
B1501,SJ122,2025-09-04 11:37:36,CANCELLED,23D,8de3865850d7a5991f3990f863b605e467e370b70d5163b5ff33b89a525baa1a,859c5badc39b9b361c6b,Spicejet,CCU - BOM,287,False,Matched,13707.55,CARD,Recorded
B1502,AI086,2025-10-15 11:37:36,CONFIRMED,23F,49915d59cc85aa7460659f9e77c1d1312584d38415d618c4c4ceed4bc327e28f,a3ed8350d08f30d46d36,Air India,CCU - HYD,176,False,Matched,10714.33,CARD,Recorded
B1502,AI086,2025-10-15 11:37:36,CONFIRMED,23F,49915d59cc85aa7460659f9e77c1d1312584d38415d618c4c4ceed4bc327e28f,a3ed8350d08f30d46d36,Air India,CCU - HYD,176,False,Matched,7252.43,UPI,Recorded
B1503,SJ011,2025-10-17 11:37:36,CONFIRMED,25C,44b2fa0e0f2f7dc99b74b3d1e168e51eac892b3c87a8b77b07f8bd767ffea68f,7dd7617604182b7b3657,Spicejet,BOM - MAA,285,False,Matched,,,
B1504,SJ021,2025-04-21 11:37:36,PENDING,4E,a71eac84294372219df2b93d1e042451bc5a34f1cba872ff92792d9fe1fb7307,b8bd20dbc989b83999a2,Spicejet,HYD - BLR,238,False,Matched,14087.19,NETBANKING,Recorded
B1504,SJ021,2025-04-21 11:37:36,PENDING,4E,a71eac84294372219df2b93d1e042451bc5a34f1cba872ff92792d9fe1fb7307,b8bd20dbc989b83999a2,Spicejet,HYD - BLR,238,False,Matched,13855.61,NETBANKING,Recorded
B1504,SJ021,2025-04-21 11:37:36,PENDING,4E,a71eac84294372219df2b93d1e042451bc5a34f1cba872ff92792d9fe1fb7307,b8bd20dbc989b83999a2,Spicejet,HYD - BLR,238,False,Matched,4316.96,NETBANKING,Recorded
B1505,SJ106,2025-11-29 11:37:36,CONFIRMED,8F,f1408d39b556a8f310d0c8027ebc6f28db80252c256f6f35e5505722a5cb814c,6473e24d6f7c2ee886a5,Spicejet,CCU - DEL,144,False,Matched,7472.98,UPI,Recorded
B1506,SJ026,2026-01-29 11:37:36,CANCELLED,9E,81bee41ef70d1f93d2b3dda98f019786bc4f0400644c6cc7daa89981c2593e14,6de488c419fc47a62ce6,Spicejet,CCU - MAA,258,False,Matched,,,
B1507,SJ245,2025-11-27 11:37:36,PENDING,20A,208c623c7d5925fe851e3087d96ad861e05c20ca657383ee5e913773f62b15c4,8f965cbc061e746ca3bb,Spicejet,BOM - DEL,212,False,Matched,4865.21,NETBANKING,Recorded
B1508,AI023,2025-07-31 11:37:36,UNKNOWN,9C,b3a3a670872d6b90d31cae8d52d3b6a1e90e3a01d8dea3d08d0270cae8d83238,9f56c9e1b3a51b42240d,Air India,HYD - BLR,205,False,Matched,7277.14,CARD,Recorded
B1508,AI023,2025-07-31 11:37:36,UNKNOWN,9C,b3a3a670872d6b90d31cae8d52d3b6a1e90e3a01d8dea3d08d0270cae8d83238,9f56c9e1b3a51b42240d,Air India,HYD - BLR,205,False,Matched,2603.09,CARD,Recorded
B1508,AI023,2025-07-31 11:37:36,UNKNOWN,9C,b3a3a670872d6b90d31cae8d52d3b6a1e90e3a01d8dea3d08d0270cae8d83238,9f56c9e1b3a51b42240d,Air India,HYD - BLR,205,False,Matched,4799.03,CARD,Recorded
B1509,AI032,2025-09-25 11:37:36,CANCELLED,14F,10d28fcc63d62179091a07eb7bbab2100d61cb602e08b0544f2ff4c5c1db0fc0,efc4259e44f133e3d315,Air India,MAA - BLR,120,False,Matched,,,
B1510,AI236,2025-05-11 11:37:36,CANCELLED,19F,1dc90818e9678db7803c568b7b98526249d90197aa1039010fbfefb720b3df50,c912e34f3179105f989d,Air India,DEL - BOM,259,False,Matched,3179.45,CARD,Recorded
B1511,6F094,2025-12-24 11:37:36,CANCELLED,15C,f07fa37185d2da777ad0f88b7a7576b6c055111296f8ee2a7bdef0b4de0e6402,b2383bd7b4a3cef074f0,IndiGo,BLR - BOM,89,False,Matched,12346.57,UPI,Recorded
B1512,UK163,2025-12-21 11:37:36,PENDING,4A,cabacc30a072aaed634a6d38a170f7ede771ad4f403f3403c94447e61ea2d732,032a6fe6f590e830edd8,Vistara,DEL - HYD,102,False,Matched,5747.83,CARD,Recorded
B1513,UK163,2025-06-30 11:37:36,CONFIRMED,32B,431053c9e44e768dae9e8f81b577d07c6ee3b0804f449aa943b88b177aa9f305,032a6fe6f590e830edd8,Vistara,DEL - HYD,102,False,Matched,9031.14,CARD,Recorded
B1513,UK163,2025-06-30 11:37:36,CONFIRMED,32B,431053c9e44e768dae9e8f81b577d07c6ee3b0804f449aa943b88b177aa9f305,032a6fe6f590e830edd8,Vistara,DEL - HYD,102,False,Matched,13685.53,CARD,Recorded
B1514,SJ045,2025-05-07 11:37:36,CANCELLED,21E,1d02a335f99f335f2dce97cca22fed3b2047896464bb58877fec9cef9db60b66,1f83d0a49acae5d587b4,Spicejet,DEL - MAA,287,False,Matched,,UPI,Missing amount
B1515,SJ006,2025-07-06 11:37:36,PENDING,26A,c21c6fa667f8d371f0bb76493261c0bf30d25076e087271e21e32332e78c3a37,adc7a901359c1127b565,Spicejet,HYD - BLR,32,True,Matched,,,
B1516,SJ103,2025-08-05 11:37:36,CANCELLED,34F,f369c1f4618c7e454e21a55cce43145e3d39b0a9ceae7d27a456f1866ab5b68e,d2101f2eeb9332592ed6,Spicejet,MAA - BLR,220,False,Matched,3242.75,UPI,Recorded
B1517,6F221,2026-01-16 11:37:36,INVALID,31B,7a2394fbae145e495633ebc8c79d1be2177905b10a3cae148b3bd37516596a02,0ba56e4d95bd5c95c239,IndiGo,MAA - DEL,212,False,Matched,,CARD,Missing amount
B1518,SJ147,2026-03-20 11:37:36,INVALID,30A,356255e226072ec7834e6b0e31dc88e0dfb38f5bbee67f8252028eb77d2f415f,6f9492c6c80a9241800c,Spicejet,BLR - CCU,262,False,Matched,,,
B1519,SJ064,2026-03-25 11:37:36,PENDING,3C,d45015e73ade789b26bfbfea6039c67027ffb87ff4855a0da7e8c74dfc2393ae,9163154bf58a00b7fc45,Spicejet,CCU - DEL,134,False,Matched,5454.29,CARD,Recorded
B1519,SJ064,2026-03-25 11:37:36,PENDING,3C,d45015e73ade789b26bfbfea6039c67027ffb87ff4855a0da7e8c74dfc2393ae,9163154bf58a00b7fc45,Spicejet,CCU - DEL,134,False,Matched,9403.54,NETBANKING,Recorded
B1520,AI028,2026-04-02 11:37:36,CONFIRMED,27A,3303fe69b248b3d07708f5cfc030525ea18ffa1acf7145b33304866fcfa091aa,7747014c1e8be89ca5c9,Air India,HYD - BOM,42,True,Matched,14340.74,CARD,Recorded
B1521,AI148,2025-11-08 11:37:36,PENDING,31E,3a38a0d5fc7a070581f3c5d9f928c2b39adf9d0b74d30c7051f5aa835001c925,0cdba553fa50442ff966,Air India,HYD - MAA,171,False,Matched,,UPI,Missing amount
B1521,AI148,2025-11-08 11:37:36,PENDING,31E,3a38a0d5fc7a070581f3c5d9f928c2b39adf9d0b74d30c7051f5aa835001c925,0cdba553fa50442ff966,Air India,HYD - MAA,171,False,Matched,6664.48,CARD,Recorded
B1521,AI148,2025-11-08 11:37:36,PENDING,31E,3a38a0d5fc7a070581f3c5d9f928c2b39adf9d0b74d30c7051f5aa835001c925,0cdba553fa50442ff966,Air India,HYD - MAA,171,False,Matched,3965.19,CARD,Recorded
B1522,6F263,2025-08-31 11:37:36,CONFIRMED,1C,8a3eb559dfc589a346cabdea0e84789a1d5815f5a97483a7d2599231552f0f58,12b58d92e44deb26b44b,IndiGo,DEL - HYD,83,False,Matched,,,
B1523,SJ067,2025-05-19 11:37:36,PENDING,21F,b98792445844661645e8413607cb1b125c414b4e8217cce47464e40e277db8f1,e75b6da7ff721bd5a142,Spicejet,MAA - BLR,59,False,Matched,,CARD,Missing amount
B1523,SJ067,2025-05-19 11:37:36,PENDING,21F,b98792445844661645e8413607cb1b125c414b4e8217cce47464e40e277db8f1,e75b6da7ff721bd5a142,Spicejet,MAA - BLR,59,False,Matched,10733.84,NETBANKING,Recorded
B1524,6F061,2025-06-17 11:37:36,PENDING,23D,9617bb73ce2f4349b6806e8b18577e3d5b96d17f04f9f7a4b9b049dced8dd0c3,e427116b94232c8a72fd,IndiGo,MAA - BOM,41,True,Matched,1289.01,NETBANKING,Recorded
B1524,6F061,2025-06-17 11:37:36,PENDING,23D,9617bb73ce2f4349b6806e8b18577e3d5b96d17f04f9f7a4b9b049dced8dd0c3,e427116b94232c8a72fd,IndiGo,MAA - BOM,41,True,Matched,8542.82,CARD,Recorded
B1525,AI254,2025-05-29 11:37:36,UNKNOWN,11E,ed21b9aba0b7f6c2ff37e5b23933b589e3c995924d5a4734c0b1e7dbbdd75d71,2b812c76bf449356bf81,Air India,CCU - HYD,200,False,Matched,7869.06,UPI,Recorded
B1526,SJ136,2025-11-15 11:37:36,CONFIRMED,17D,a3c648350f8346e2337564d8aefdd36ea011d0f2c9a373a793076e6a9429e0f9,9d96e3f0e7b058f27c79,Spicejet,HYD - BLR,139,False,Matched,4890.14,UPI,Recorded
B1526,SJ136,2025-11-15 11:37:36,CONFIRMED,17D,a3c648350f8346e2337564d8aefdd36ea011d0f2c9a373a793076e6a9429e0f9,9d96e3f0e7b058f27c79,Spicejet,HYD - BLR,139,False,Matched,7999.68,CARD,Recorded
B1527,AI046,2025-07-09 11:37:36,PENDING,8A,76cf7864a815d0da3feac01af8f5768f752f803b347f0aaead4edd7cba1d3300,63e5118ae657f35d0190,Air India,DEL - BOM,171,False,Matched,11891.78,CARD,Recorded
B1528,UK174,2026-03-28 11:37:36,PENDING,6E,72285e6c1b4ad82672e31ccf2a0b0f9f5f1d6b8e697d8ffed6a9de07e04aec7d,cb96af5bfc5610fda31f,Vistara,CCU - DEL,140,False,Matched,,,
B1529,6F066,2025-04-30 11:37:36,UNKNOWN,34C,7357f6ded00add2af8f56696bb1d876812067c364db9955d089111031cbea4b0,3de1adfeb8641e80671d,IndiGo,BLR - HYD,96,False,Matched,,,
B1530,UK095,2025-12-08 11:37:36,INVALID,23E,37ffd5fe9f50c92481755fd3610639b4c59f05a893aa69b66fcd10d67ccbd30f,c035fdfa02a8aaf1ecd9,Vistara,BOM - MAA,134,False,Matched,1108.98,CARD,Recorded
B1530,UK095,2025-12-08 11:37:36,INVALID,23E,37ffd5fe9f50c92481755fd3610639b4c59f05a893aa69b66fcd10d67ccbd30f,c035fdfa02a8aaf1ecd9,Vistara,BOM - MAA,134,False,Matched,14300.97,NETBANKING,Recorded
B1530,UK095,2025-12-08 11:37:36,INVALID,23E,37ffd5fe9f50c92481755fd3610639b4c59f05a893aa69b66fcd10d67ccbd30f,c035fdfa02a8aaf1ecd9,Vistara,BOM - MAA,134,False,Matched,13655.72,CARD,Recorded
B1531,6F063,2026-04-01 11:37:36,PENDING,30F,2e80357b2bbb93e61115a45131689ee29adb5b7dd4064a713b02d0046186f43b,c008d02fbaeddef36ae1,IndiGo,DEL - HYD,169,False,Matched,11172.2,UPI,Recorded
B1531,6F063,2026-04-01 11:37:36,PENDING,30F,2e80357b2bbb93e61115a45131689ee29adb5b7dd4064a713b02d0046186f43b,c008d02fbaeddef36ae1,IndiGo,DEL - HYD,169,False,Matched,,UPI,Missing amount
B1531,6F063,2026-04-01 11:37:36,PENDING,30F,2e80357b2bbb93e61115a45131689ee29adb5b7dd4064a713b02d0046186f43b,c008d02fbaeddef36ae1,IndiGo,DEL - HYD,169,False,Matched,12739.01,UPI,Recorded
B1532,UK118,2025-04-22 11:37:36,PENDING,30A,61e8d706f46ae910596e5710a8918d0000b4c9c0e8613a3399e4170e30b09d68,23da2fa003b719f754d5,Vistara,HYD - BLR,60,False,Matched,9430.36,NETBANKING,Recorded
B1532,UK118,2025-04-22 11:37:36,PENDING,30A,61e8d706f46ae910596e5710a8918d0000b4c9c0e8613a3399e4170e30b09d68,23da2fa003b719f754d5,Vistara,HYD - BLR,60,False,Matched,,CARD,Missing amount
B1532,UK118,2025-04-22 11:37:36,PENDING,30A,61e8d706f46ae910596e5710a8918d0000b4c9c0e8613a3399e4170e30b09d68,23da2fa003b719f754d5,Vistara,HYD - BLR,60,False,Matched,14865.24,NETBANKING,Recorded
B1533,UK218,2025-09-15 11:37:36,PENDING,28D,33d855f8d61932eeaae23821ed634c7eb0ba3c5e573aaf24102719aa5a437573,0a52648db9b52eab7dae,Vistara,MAA - BLR,250,False,Matched,,,
B1534,UK031,2025-09-11 11:37:36,CONFIRMED,34E,b98d897f10840ecec7154df96302f4552c6fd1c78affc42d4af7a708a01a0632,aab59323a26b41bb23ce,Vistara,CCU - DEL,215,False,Matched,12347.23,NETBANKING,Recorded
B1535,UK142,2026-04-02 11:37:36,PENDING,6C,91a5d2dc88aefc2877cfc271b8430ecf3dd1ab5562d1a35707f439af22f97555,70a29f66384fa4897268,Vistara,BLR - DEL,250,False,Matched,5959.44,UPI,Recorded
B1535,UK142,2026-04-02 11:37:36,PENDING,6C,91a5d2dc88aefc2877cfc271b8430ecf3dd1ab5562d1a35707f439af22f97555,70a29f66384fa4897268,Vistara,BLR - DEL,250,False,Matched,13561.41,NETBANKING,Recorded
B1536,AI002,2025-06-01 11:37:36,UNKNOWN,4C,a528abe57e71c64e5921b5416159182408ac3fe5c211f1cafce56bd32b8bba08,54d15776e9b98d1d1c16,Air India,HYD - BLR,120,False,Matched,6548.99,NETBANKING,Recorded
B1537,UK070,2025-10-08 11:37:36,CONFIRMED,21F,0efc3ae491e17d25d5fa4c42b78f9097c0ef71845b0a5f8070d4e631e41ff963,106ea016240234098617,Vistara,BOM - DEL,133,False,Matched,9202.57,NETBANKING,Recorded
B1538,SJ121,2026-03-17 11:37:36,PENDING,8E,f9f1a648982fa04229a202adf8c2d64661aec698200003d2f8b06ca9533e6b54,5ec82b19eca7d37740ef,Spicejet,CCU - DEL,75,False,Matched,,,
B1539,UK201,2025-06-11 11:37:36,CONFIRMED,20B,3b4bef931fb6f6dd1e2f5688c3a65dad1e462558b77a791e079a1a4c91f84b6f,fe3ee04088eb9a9121ec,Vistara,HYD - BOM,133,False,Matched,14472.9,NETBANKING,Recorded
B1539,UK201,2025-06-11 11:37:36,CONFIRMED,20B,3b4bef931fb6f6dd1e2f5688c3a65dad1e462558b77a791e079a1a4c91f84b6f,fe3ee04088eb9a9121ec,Vistara,HYD - BOM,133,False,Matched,3036.88,CARD,Recorded
B1540,AI138,2026-01-15 11:37:36,CANCELLED,7E,c302227e33b9e47170eab209491037bae4206c79f15f0f1db4124fbb0d2b8736,f6095622c166f6ccec03,Air India,DEL - CCU,50,False,Matched,3640.69,CARD,Recorded
B1541,SJ014,2025-12-16 11:37:36,CONFIRMED,26A,cd67ea8d6823a73302c3701291e57343c9e20d9d21dde9adaff8b35ff84f51f6,a082b03cb1f96f61a817,Spicejet,BOM - HYD,59,False,Matched,12031.17,NETBANKING,Recorded
B1542,SJ053,2025-12-13 11:37:36,PENDING,14F,6c5b714dbdf1ed2b80e2bd9c9d1cd0949b71df12e2de8e61dd53350609ecf203,e4f5011df60b4cc26c37,Spicejet,CCU - DEL,98,False,Matched,,,
B1543,SJ241,2025-06-16 11:37:36,CANCELLED,4F,9ccd2f6819fbb63dd59f0897274d9b77d4f9f710dedf72dac0b0b2944fda56f6,ddca2c5fbe3e45d1fd5c,Spicejet,DEL - HYD,159,False,Matched,3207.85,UPI,Recorded
B1544,AI249,2025-09-01 11:37:36,CANCELLED,16A,8888e33913a498ad79b9d5a7869e8922fadbfe26ab6cfd3c3b10811d5e85990f,29eed952103386774fd8,Air India,BLR - HYD,169,False,Matched,8020.26,CARD,Recorded
B1544,AI249,2025-09-01 11:37:36,CANCELLED,16A,8888e33913a498ad79b9d5a7869e8922fadbfe26ab6cfd3c3b10811d5e85990f,29eed952103386774fd8,Air India,BLR - HYD,169,False,Matched,3982.8,NETBANKING,Recorded
B1545,AI176,2026-03-08 11:37:36,PENDING,8A,3618f6fc3fc8a3747f1c3b8446f81f042349634863d66bb28b88abff2bb19f8b,14cd865c80fc9215aa69,Air India,BLR - DEL,125,False,Matched,6767.92,NETBANKING,Recorded
B1545,AI176,2026-03-08 11:37:36,PENDING,8A,3618f6fc3fc8a3747f1c3b8446f81f042349634863d66bb28b88abff2bb19f8b,14cd865c80fc9215aa69,Air India,BLR - DEL,125,False,Matched,10968.41,CARD,Recorded
B1546,SJ234,2026-04-02 11:37:36,PENDING,32B,80ffff481045b7621090a98ac4708b8032adb8d20ad71488316a0ac396d947ef,cd6488cc6ef5689f8469,Spicejet,BLR - CCU,123,False,Matched,,,
B1547,6F115,2025-04-18 11:37:36,PENDING,16C,aab1ff280fed10cc1fb63586ba5a1971b35df2a0b9254de97419cb1a429e5387,348e0652013bc322fefc,IndiGo,MAA - BLR,102,False,Matched,,,
B1548,AI020,2025-10-04 11:37:36,CONFIRMED,7E,dbde43d01e255252b9928199c3bcb4e0422d770df829578051b52b61f47cb0bd,72c9462eb9535c4af0f7,Air India,BOM - BLR,148,False,Matched,,,
B1549,AI020,2025-12-16 11:37:36,CONFIRMED,24A,1c1980ba91fc8b71e9ee5913847b36b38660002505b8e2a46f43a03df6ee69ad,72c9462eb9535c4af0f7,Air India,BOM - BLR,148,False,Matched,,,
B1550,6F079,2025-12-06 11:37:36,CONFIRMED,10D,44b2fa0e0f2f7dc99b74b3d1e168e51eac892b3c87a8b77b07f8bd767ffea68f,9264b6ec29af6f0e7373,IndiGo,MAA - HYD,244,False,Matched,,,
B1551,6F104,2025-11-14 11:37:36,INVALID,8E,2cebdafea91f1cdf5a0f46ac3b7f94c5378df86c6359f90e6b8465583f68ad8d,1d46cabc18885383266d,IndiGo,CCU - BOM,35,True,Matched,,,
B1552,UK046,2026-02-06 11:37:36,PENDING,32D,c9d3c2607bfb0c7a4c216e7e9f9564cca696234d965cfb51573032faf1b08e30,cea5b893a565c5a0079b,Vistara,CCU - DEL,148,False,Matched,12589.6,NETBANKING,Recorded
B1553,SJ217,2025-11-15 11:37:36,CONFIRMED,33D,162e3166dd3a5e50e244d4562f5593bab6bb1f380e7fc2ff3a1abf5fb8e512aa,e420850bb47e71457f84,Spicejet,BOM - CCU,187,False,Matched,1883.33,UPI,Recorded
B1554,6F142,2025-08-26 11:37:36,CANCELLED,8D,ddae78000f1b3d91ad9208be50b2c3f08a829fe1417afe1f9d81ff6cfe7e27e5,45452f8020851683b969,IndiGo,CCU - MAA,239,False,Matched,,,
B1555,SJ139,2026-04-04 11:37:36,CONFIRMED,3B,3a38a0d5fc7a070581f3c5d9f928c2b39adf9d0b74d30c7051f5aa835001c925,d922a7b533a248099644,Spicejet,DEL - BLR,222,False,Matched,13344.12,NETBANKING,Recorded
B1556,6F059,2026-01-18 11:37:36,CANCELLED,31D,d56d94ffc5be847a89e25b7dde0a7aed65412927e61d3bb59c83d42a525bbd6c,41fe9e1c5b71b093b5a9,IndiGo,BOM - DEL,290,False,Matched,,,
B1557,6F067,2025-08-10 11:37:36,PENDING,17A,4832050ee166b27ef95d37edce6905229d34e22ab7bdadb2127fc6a668347f0a,3a80289096b7016a4bfa,IndiGo,MAA - BLR,183,False,Matched,13664.47,NETBANKING,Recorded
B1557,6F067,2025-08-10 11:37:36,PENDING,17A,4832050ee166b27ef95d37edce6905229d34e22ab7bdadb2127fc6a668347f0a,3a80289096b7016a4bfa,IndiGo,MAA - BLR,183,False,Matched,4044.27,UPI,Recorded
B1558,AI007,2025-08-07 11:37:36,PENDING,27A,db93af3303ddc81bddddfc8282e62941d088d4d3abc14f310783273408cedf59,a9f82f19b36f187fd735,Air India,MAA - DEL,120,False,Matched,8770.08,UPI,Recorded
B1558,AI007,2025-08-07 11:37:36,PENDING,27A,db93af3303ddc81bddddfc8282e62941d088d4d3abc14f310783273408cedf59,a9f82f19b36f187fd735,Air India,MAA - DEL,120,False,Matched,6827.65,UPI,Recorded
B1559,UK202,2026-01-20 11:37:36,CONFIRMED,5F,911b64066f0f576598833b41af541c099adc2a5b6d358983d841c171cc3bbd40,e9e51e84057787b2a472,Vistara,DEL - HYD,266,False,Matched,3622.91,NETBANKING,Recorded
B1560,AI200,2026-03-07 11:37:36,CONFIRMED,18C,598e1e9e9fabd3c5d888e1ecf2f784a123c2ab4e9d2b6ee644e23698040ff589,4d2eb038d43ecb2a3c35,Air India,HYD - MAA,204,False,Matched,,,
B1561,UK172,2026-01-27 11:37:36,PENDING,18C,5858df78f01958b0111233d8e507d8d6d18e089eee116efbcda169436a907c46,b64e15adb570a18521ac,Vistara,DEL - BOM,181,False,Matched,8371.27,CARD,Recorded
B1561,UK172,2026-01-27 11:37:36,PENDING,18C,5858df78f01958b0111233d8e507d8d6d18e089eee116efbcda169436a907c46,b64e15adb570a18521ac,Vistara,DEL - BOM,181,False,Matched,3136.04,UPI,Recorded
B1562,6F214,2025-05-01 11:37:36,CONFIRMED,10B,aa511ce37b291de0fdeb133ad4de030b9893791821e9fb24532f2ff4db9fdad7,1711c537f03b482af9ad,IndiGo,BOM - CCU,239,False,Matched,6572.09,UPI,Recorded
B1563,UK037,2025-09-11 11:37:36,PENDING,27B,356255e226072ec7834e6b0e31dc88e0dfb38f5bbee67f8252028eb77d2f415f,f457134691f42257a640,Vistara,BLR - BOM,242,False,Matched,,,
B1564,AI022,2025-08-14 11:37:36,PENDING,17F,b6091a8ccb77fbbcafe2bbf93e21d3742abba345c4a6afdaacec868681667041,53772e8bc79fe47c1fe9,Air India,BOM - MAA,115,False,Matched,3514.52,NETBANKING,Recorded
B1565,AI243,2026-02-06 11:37:36,CANCELLED,20D,efc829d7618da82a7dc9d3934deada2f686ab241627dbe9f3d161e6182664bc1,979d3ea0b43bde004676,Air India,BLR - BOM,139,False,Matched,3438.58,UPI,Recorded
B1565,AI243,2026-02-06 11:37:36,CANCELLED,20D,efc829d7618da82a7dc9d3934deada2f686ab241627dbe9f3d161e6182664bc1,979d3ea0b43bde004676,Air India,BLR - BOM,139,False,Matched,3804.91,UPI,Recorded
B1566,SJ174,2025-10-08 11:37:36,CONFIRMED,29F,e9510e620cd765cbfaca4a39e383a6b292699edb0a0695d3ad7c2b2b2f99038d,44f3e6fbe392b4c5e213,Spicejet,CCU - DEL,55,False,Matched,11489.31,CARD,Recorded
B1566,SJ174,2025-10-08 11:37:36,CONFIRMED,29F,e9510e620cd765cbfaca4a39e383a6b292699edb0a0695d3ad7c2b2b2f99038d,44f3e6fbe392b4c5e213,Spicejet,CCU - DEL,55,False,Matched,14905.16,CARD,Recorded
B1567,SJ079,2025-11-13 11:37:36,PENDING,9A,870103fc89eae28913c4e579248927213a928ce2cd4302a3bfcb7813f9bc6fb9,bd222897f771448c3686,Spicejet,HYD - DEL,184,False,Matched,10982.24,CARD,Recorded
B1568,UK097,2025-12-21 11:37:36,CONFIRMED,21A,ae5cbb12c08deb8959b846538aac9646cee622bf38dab9e5a5c9b7f5ef76ea26,3244535543e0ff53cb0a,Vistara,HYD - BOM,251,False,Matched,,NETBANKING,Missing amount
B1569,AI013,2025-12-26 11:37:36,CANCELLED,14E,6dc6f66c877048576f1c01067f8ff9ba4a043abcd1b02cab427b28867713de8d,7af7d04358d05407f078,Air India,HYD - BLR,77,False,Matched,,,
B1570,UK196,2025-11-21 11:37:36,CANCELLED,25E,ee5de2641a155e56ffe327f86b56c590dc64eee22052605c0c24442fc597af22,93c67f52180e739ef280,Vistara,BOM - HYD,257,False,Matched,11109.36,UPI,Recorded
B1570,UK196,2025-11-21 11:37:36,CANCELLED,25E,ee5de2641a155e56ffe327f86b56c590dc64eee22052605c0c24442fc597af22,93c67f52180e739ef280,Vistara,BOM - HYD,257,False,Matched,3945.41,UPI,Recorded
B1571,SJ213,2025-11-06 11:37:36,CONFIRMED,2C,27b6259e7394c8c2ca99b22b9f887e890417ed9630310fb1d546b9192b3bb589,aea12c854361bb3f31ca,Spicejet,BOM - CCU,209,False,Matched,,,
B1572,UK119,2025-05-26 11:37:36,CONFIRMED,5D,9fa970e3ca122922ecfbd33c235a19fd5c7052fb5ab8dd832b0c8b2ec6521a08,7c48175f883813df51c3,Vistara,BOM - CCU,257,False,Matched,,NETBANKING,Missing amount
B1572,UK119,2025-05-26 11:37:36,CONFIRMED,5D,9fa970e3ca122922ecfbd33c235a19fd5c7052fb5ab8dd832b0c8b2ec6521a08,7c48175f883813df51c3,Vistara,BOM - CCU,257,False,Matched,13849.86,NETBANKING,Recorded
B1573,AI043,2026-03-18 11:37:36,PENDING,19B,956eac750175709fe2f8d966f3a89fea7b416ddbb8f5c81536f7e50ce4e26f21,68ef47da4e4d02062f2b,Air India,CCU - DEL,249,False,Matched,7629.97,NETBANKING,Recorded
B1574,AI043,2025-04-29 11:37:36,CANCELLED,18A,14ed801442b32a0e762ca3f1adf6d89673a6eb9e8e1898a4780f21db5948f249,68ef47da4e4d02062f2b,Air India,CCU - DEL,249,False,Matched,13905.05,UPI,Recorded
B1575,AI143,2025-06-16 11:37:36,CANCELLED,2B,ab45de21887587a2f466e4beb42ae57d9c7e6219a6e1e4f39d1e03f7c5a1c765,185ee8b873ef03b1ebdd,Air India,CCU - DEL,38,True,Matched,12516.91,CARD,Recorded
B1576,SJ032,2025-10-20 11:37:36,UNKNOWN,6F,de036d48d476fee80d10d30b480b0aa765e2bffe053ed019e1995f550f542cce,bd26bab4cfd85d18f94a,Spicejet,MAA - BOM,142,False,Matched,,CARD,Missing amount
B1577,6F050,2026-01-24 11:37:36,CONFIRMED,23A,5ee1d6a18fa857c9545a90481568f5507ef1b23a4cf92d6c6614548e3b033d0a,efb9908a575ae399a1d2,IndiGo,DEL - BOM,237,False,Matched,,,
B1578,AI134,2025-12-25 11:37:36,PENDING,6B,e42e1eddcd26dc9468e3b7a2c1b09e27d5c02058270d80b1aa8133306b495d10,929d560c048fda70c9f6,Air India,HYD - BOM,235,False,Matched,,UPI,Missing amount
B1578,AI134,2025-12-25 11:37:36,PENDING,6B,e42e1eddcd26dc9468e3b7a2c1b09e27d5c02058270d80b1aa8133306b495d10,929d560c048fda70c9f6,Air India,HYD - BOM,235,False,Matched,1897.18,CARD,Recorded
B1578,AI134,2025-12-25 11:37:36,PENDING,6B,e42e1eddcd26dc9468e3b7a2c1b09e27d5c02058270d80b1aa8133306b495d10,929d560c048fda70c9f6,Air India,HYD - BOM,235,False,Matched,2200.51,UPI,Recorded
B1579,6F182,2025-04-24 11:37:36,CONFIRMED,28E,c6bffda31868897270f3c86d3fd040b3ea2a6fcb2783412dd53d56b23f7f7aaf,b5a4dec6348b31248148,IndiGo,BOM - CCU,128,False,Matched,6611.83,CARD,Recorded
B1579,6F182,2025-04-24 11:37:36,CONFIRMED,28E,c6bffda31868897270f3c86d3fd040b3ea2a6fcb2783412dd53d56b23f7f7aaf,b5a4dec6348b31248148,IndiGo,BOM - CCU,128,False,Matched,2832.27,NETBANKING,Recorded
B1580,SJ086,2025-10-08 11:37:36,CONFIRMED,20D,f429fa87be8b29de67cd643627dae3fe7d3af1b010a383b584594541e619eb45,4613669a4d46ac6be904,Spicejet,CCU - DEL,225,False,Matched,10617.14,CARD,Recorded
B1580,SJ086,2025-10-08 11:37:36,CONFIRMED,20D,f429fa87be8b29de67cd643627dae3fe7d3af1b010a383b584594541e619eb45,4613669a4d46ac6be904,Spicejet,CCU - DEL,225,False,Matched,11400.72,UPI,Recorded
B1580,SJ086,2025-10-08 11:37:36,CONFIRMED,20D,f429fa87be8b29de67cd643627dae3fe7d3af1b010a383b584594541e619eb45,4613669a4d46ac6be904,Spicejet,CCU - DEL,225,False,Matched,4607.2,UPI,Recorded
B1581,6F170,2025-08-06 11:37:36,CONFIRMED,3D,e993f65750a871310e0d847a3c6485824c90ba4b119716e09c6e1a73cee69f37,c9f0fb53bad386dc0ca2,IndiGo,HYD - DEL,90,False,Matched,,UPI,Missing amount
B1581,6F170,2025-08-06 11:37:36,CONFIRMED,3D,e993f65750a871310e0d847a3c6485824c90ba4b119716e09c6e1a73cee69f37,c9f0fb53bad386dc0ca2,IndiGo,HYD - DEL,90,False,Matched,9514.99,NETBANKING,Recorded
B1582,UK168,2025-04-24 11:37:36,PENDING,34B,f9a0734f9f03fe48446fce1413beb9aa3da5c3b8f22c89098b27b16e9346978a,58bbba046e7b46d1e33a,Vistara,BLR - CCU,49,False,Matched,13552.0,UPI,Recorded
B1583,SJ072,2026-02-22 11:37:36,UNKNOWN,33D,4fcb8bd8cda745e38cc385e11df454f7016144f4a1e8970541c3bb6a4063585f,28d4dda71d22ca9f4049,Spicejet,DEL - HYD,170,False,Matched,,,
B1584,UK075,2025-04-28 11:37:36,CANCELLED,21C,eb5548333e91ca0e7c4594ea2cab4f842c16272c46fb164835d9b4203e6be61e,3b0b2a1b898b13ce856b,Vistara,MAA - CCU,279,False,Matched,13317.93,NETBANKING,Recorded
B1584,UK075,2025-04-28 11:37:36,CANCELLED,21C,eb5548333e91ca0e7c4594ea2cab4f842c16272c46fb164835d9b4203e6be61e,3b0b2a1b898b13ce856b,Vistara,MAA - CCU,279,False,Matched,13148.95,CARD,Recorded
B1585,6F233,2026-01-08 11:37:36,CANCELLED,1C,898ae1bb981bfb9841cda6a958dfeec343bc580477b1bbab47bd1afb0eae5169,545f9c64489c93259ca1,IndiGo,BLR - BOM,237,False,Matched,11603.63,NETBANKING,Recorded
B1585,6F233,2026-01-08 11:37:36,CANCELLED,1C,898ae1bb981bfb9841cda6a958dfeec343bc580477b1bbab47bd1afb0eae5169,545f9c64489c93259ca1,IndiGo,BLR - BOM,237,False,Matched,11914.07,UPI,Recorded
B1585,6F233,2026-01-08 11:37:36,CANCELLED,1C,898ae1bb981bfb9841cda6a958dfeec343bc580477b1bbab47bd1afb0eae5169,545f9c64489c93259ca1,IndiGo,BLR - BOM,237,False,Matched,,UPI,Missing amount
B1586,SJ143,2025-11-13 11:37:36,CANCELLED,25B,7b2ee690d5555d1080ee9f123e800ae6681fd66c73b8398e14073d70b9d85957,6a66aa51f5de41efae32,Spicejet,DEL - BOM,57,False,Matched,,,
B1587,SJ246,2025-06-28 11:37:36,PENDING,34E,f58a747a7b03487453620906225a436596ae0d2004b1d9544efbc4d6f1b1539b,30d83f7c7e12ee75d22e,Spicejet,BOM - DEL,60,False,Matched,11740.35,NETBANKING,Recorded
B1588,SJ247,2025-11-04 11:37:36,CONFIRMED,10B,bd609dc519d2e33e554ca20e6d33edfa3d78b4d044c8b6e286580475a06f9c1d,bf698df5a3d6a585842d,Spicejet,DEL - BOM,245,False,Matched,12810.22,UPI,Recorded
B1589,UK157,2025-08-31 11:37:36,PENDING,3D,ba79c2e6775e981ce5c8d12a0e9608bf1ccc2f5848e24a503359a075674b594b,e0c724e16434107c5583,Vistara,CCU - BOM,60,False,Matched,3501.28,CARD,Recorded
B1589,UK157,2025-08-31 11:37:36,PENDING,3D,ba79c2e6775e981ce5c8d12a0e9608bf1ccc2f5848e24a503359a075674b594b,e0c724e16434107c5583,Vistara,CCU - BOM,60,False,Matched,11781.84,UPI,Recorded
B1589,UK157,2025-08-31 11:37:36,PENDING,3D,ba79c2e6775e981ce5c8d12a0e9608bf1ccc2f5848e24a503359a075674b594b,e0c724e16434107c5583,Vistara,CCU - BOM,60,False,Matched,14149.64,UPI,Recorded
B1590,UK069,2026-04-01 11:37:36,CONFIRMED,25B,c69ccdd28d49f45a7fc731ed0e94f53c2e3c554d308e2851f958d4d5f19187c3,2ebe24307c5ba08c1680,Vistara,CCU - DEL,133,False,Matched,1015.84,UPI,Recorded
B1591,AI106,2025-11-20 11:37:36,CANCELLED,8A,9d1c0bb4ace3ae8983253093908f0da529bf20105c38d85fce3132e45435e704,ad89dcdfa7eb63d3f304,Air India,HYD - BLR,73,False,Matched,5274.56,UPI,Recorded
B1591,AI106,2025-11-20 11:37:36,CANCELLED,8A,9d1c0bb4ace3ae8983253093908f0da529bf20105c38d85fce3132e45435e704,ad89dcdfa7eb63d3f304,Air India,HYD - BLR,73,False,Matched,11559.24,UPI,Recorded
B1592,UK085,2025-11-17 11:37:36,CONFIRMED,24F,6910fbe367b52e668d3e92392ccec37fd0d6bcbf0c0dec14eefa1d3121f6c73b,79e9968ab218583e34ea,Vistara,MAA - DEL,62,False,Matched,,,
B1593,6F087,2025-09-24 11:37:36,UNKNOWN,1A,e58051bc8245f457a982595859c340310f19736a90d9d7426f69a61a5269c934,7f38c3baef7818e6798c,IndiGo,DEL - HYD,226,False,Matched,,,
B1594,AI067,2025-06-01 11:37:36,CONFIRMED,25E,91a5d2dc88aefc2877cfc271b8430ecf3dd1ab5562d1a35707f439af22f97555,7e254032b557fcc73d53,Air India,HYD - DEL,213,False,Matched,1448.88,NETBANKING,Recorded
B1595,6F226,2026-01-07 11:37:36,PENDING,4E,8a31278a36321438d93dbb0ad90f4f9bbf589f99a62d7e69d0cbff9804b0910d,6e72c00b15b735736745,IndiGo,DEL - BOM,137,False,Matched,13806.53,UPI,Recorded
B1595,6F226,2026-01-07 11:37:36,PENDING,4E,8a31278a36321438d93dbb0ad90f4f9bbf589f99a62d7e69d0cbff9804b0910d,6e72c00b15b735736745,IndiGo,DEL - BOM,137,False,Matched,11063.32,UPI,Recorded
B1596,SJ210,2025-12-20 11:37:36,CONFIRMED,15E,37ffd5fe9f50c92481755fd3610639b4c59f05a893aa69b66fcd10d67ccbd30f,8e71af05ee87e9d3ce37,Spicejet,HYD - CCU,213,False,Matched,3495.5,UPI,Recorded
B1596,SJ210,2025-12-20 11:37:36,CONFIRMED,15E,37ffd5fe9f50c92481755fd3610639b4c59f05a893aa69b66fcd10d67ccbd30f,8e71af05ee87e9d3ce37,Spicejet,HYD - CCU,213,False,Matched,14525.4,UPI,Recorded
B1597,6F269,2025-10-23 11:37:36,CONFIRMED,33A,f18c71a9b458998c91a04bf12f515beb862e2f6956b529e55b8306fcd1d85479,f4d35d0882225aefca7d,IndiGo,HYD - MAA,82,False,Matched,11103.08,CARD,Recorded
B1597,6F269,2025-10-23 11:37:36,CONFIRMED,33A,f18c71a9b458998c91a04bf12f515beb862e2f6956b529e55b8306fcd1d85479,f4d35d0882225aefca7d,IndiGo,HYD - MAA,82,False,Matched,8089.18,UPI,Recorded
B1598,UK013,2026-01-02 11:37:36,CONFIRMED,11B,def79692bcff6655bbd2a2e05ea026e16fdd81de6d9675a525b6a962ee96b28f,0e793ffc070ae01e6ddd,Vistara,BOM - MAA,180,False,Matched,1959.04,CARD,Recorded
B1598,UK013,2026-01-02 11:37:36,CONFIRMED,11B,def79692bcff6655bbd2a2e05ea026e16fdd81de6d9675a525b6a962ee96b28f,0e793ffc070ae01e6ddd,Vistara,BOM - MAA,180,False,Matched,14019.19,NETBANKING,Recorded
B1599,UK013,2025-09-30 11:37:36,PENDING,9E,31dfbcb9450c466e57b70d8f3edc972f28bd7d79c188ebe7ef05f15dcbc6a716,0e793ffc070ae01e6ddd,Vistara,BOM - MAA,180,False,Matched,,,
B1600,UK143,2025-07-20 11:37:36,PENDING,2C,ee132d8ffe1f92d54dad8673528545107e0bd68c877793f416d44e45d05dabfc,0ade6dd49b38f27baa6b,Vistara,BLR - BOM,74,False,Matched,12808.71,NETBANKING,Recorded
B1600,UK143,2025-07-20 11:37:36,PENDING,2C,ee132d8ffe1f92d54dad8673528545107e0bd68c877793f416d44e45d05dabfc,0ade6dd49b38f27baa6b,Vistara,BLR - BOM,74,False,Matched,11274.54,CARD,Recorded
B1601,6F262,2025-09-07 11:37:36,PENDING,28D,e21266d0494566a73978983393c393c5c3645489df0a121d647c5d438adf308b,1141bba5318afa593df6,IndiGo,MAA - DEL,63,False,Matched,,,
B1602,6F042,2025-07-07 11:37:36,UNKNOWN,2A,40f7f9e1d61e37eff4ee77339a69c8a44c466bc9a8dd534404251ee90898a55c,a34683bcf65a58dff274,IndiGo,HYD - DEL,246,False,Matched,4028.21,NETBANKING,Recorded
B1603,SJ118,2025-12-06 11:37:36,CANCELLED,17E,898ae1bb981bfb9841cda6a958dfeec343bc580477b1bbab47bd1afb0eae5169,4bb8472e56e8b15934fa,Spicejet,DEL - BOM,85,False,Matched,,,
B1604,SJ118,2025-11-17 11:37:36,CANCELLED,3C,a75ca826a7296faacd627647b904b6e208b5ac89e3b1e3ec29b4f31d1c21d5b3,4bb8472e56e8b15934fa,Spicejet,DEL - BOM,85,False,Matched,,,
B1605,SJ082,2025-10-03 11:37:36,CANCELLED,6C,3affa3f0edce1c0c0f28e38acfc6021d3666b9400e02958ff2860bbbfb2acefb,d9053353efae6112e321,Spicejet,BOM - DEL,39,True,Matched,,CARD,Missing amount
B1606,6F015,2025-07-18 11:37:36,CONFIRMED,23E,4f780b442ed5082377d9ec416854dce0bcb7f9328db65a80d08953305f9c2c85,f8785982dbed496542ac,IndiGo,BOM - CCU,168,False,Matched,6829.49,CARD,Recorded
B1606,6F015,2025-07-18 11:37:36,CONFIRMED,23E,4f780b442ed5082377d9ec416854dce0bcb7f9328db65a80d08953305f9c2c85,f8785982dbed496542ac,IndiGo,BOM - CCU,168,False,Matched,5934.1,UPI,Recorded
B1606,6F015,2025-07-18 11:37:36,CONFIRMED,23E,4f780b442ed5082377d9ec416854dce0bcb7f9328db65a80d08953305f9c2c85,f8785982dbed496542ac,IndiGo,BOM - CCU,168,False,Matched,8323.82,CARD,Recorded
B1607,AI101,2026-02-02 11:37:36,INVALID,30F,df7de4735d3a75deb0ff21ebef965fb45966005351ffb6ba62517e6ff920efa1,b8d61bc98c6dafb421ab,Air India,DEL - BLR,183,False,Matched,10198.91,CARD,Recorded
B1607,AI101,2026-02-02 11:37:36,INVALID,30F,df7de4735d3a75deb0ff21ebef965fb45966005351ffb6ba62517e6ff920efa1,b8d61bc98c6dafb421ab,Air India,DEL - BLR,183,False,Matched,2887.17,NETBANKING,Recorded
B1608,SJ110,2025-06-28 11:37:36,CANCELLED,10B,37663045e120015ce062a637662f8acc6123a30d75706ee8fec724aa5b6562c4,db2a4b752f13dc8dc5c3,Spicejet,CCU - DEL,33,True,Matched,,,
B1609,SJ042,2025-10-21 11:37:36,CANCELLED,19D,814200fc14d2b550ea13d59854c95be78e5aea051010ab3f81f8f8d2a2dbba9c,add86a9c4fcd488ddd13,Spicejet,HYD - CCU,222,False,Matched,,,
B1610,6F145,2025-10-13 11:37:36,CONFIRMED,27A,aef7c6e2e431639c2e67f83a80da1f9a0a5716a34c7cb315d1defaaf2928b98c,c084ca1f4df40733ae54,IndiGo,CCU - DEL,76,False,Matched,5809.44,NETBANKING,Recorded
B1611,UK029,2026-01-05 11:37:36,CANCELLED,14C,e58051bc8245f457a982595859c340310f19736a90d9d7426f69a61a5269c934,b04b409506860907f200,Vistara,DEL - BOM,169,False,Matched,10642.75,CARD,Recorded
B1611,UK029,2026-01-05 11:37:36,CANCELLED,14C,e58051bc8245f457a982595859c340310f19736a90d9d7426f69a61a5269c934,b04b409506860907f200,Vistara,DEL - BOM,169,False,Matched,11754.89,NETBANKING,Recorded
B1612,SJ200,2025-04-18 11:37:36,CANCELLED,28C,f369c1f4618c7e454e21a55cce43145e3d39b0a9ceae7d27a456f1866ab5b68e,6e7fe44d78199b8fa0cd,Spicejet,BOM - DEL,167,False,Matched,,,
B1613,SJ209,2026-01-29 11:37:36,CONFIRMED,6A,f219d3dacb9b5de3bbf7fd45d6ace7dc3dafff853f880b84c2d8fb743aa5cce0,020d58005f62e9d2fa93,Spicejet,BLR - BOM,221,False,Matched,11718.47,UPI,Recorded
B1613,SJ209,2026-01-29 11:37:36,CONFIRMED,6A,f219d3dacb9b5de3bbf7fd45d6ace7dc3dafff853f880b84c2d8fb743aa5cce0,020d58005f62e9d2fa93,Spicejet,BLR - BOM,221,False,Matched,4590.83,NETBANKING,Recorded
B1614,AI116,2025-05-11 11:37:36,UNKNOWN,30B,c2f1c0e1d67098c840fa37006c0c0e38c3f74cc3a8420bbf5d07427f3364559a,7ef2cf09bba6abac2d6b,Air India,CCU - BOM,207,False,Matched,2806.52,NETBANKING,Recorded
B1614,AI116,2025-05-11 11:37:36,UNKNOWN,30B,c2f1c0e1d67098c840fa37006c0c0e38c3f74cc3a8420bbf5d07427f3364559a,7ef2cf09bba6abac2d6b,Air India,CCU - BOM,207,False,Matched,6159.25,UPI,Recorded
B1615,6F117,2025-05-23 11:37:36,CANCELLED,33B,bb183b4690d3efd346fbec911a404a21d33a3e6b58a5bc72007f3e02b63757a5,9701fee86d2bf049a5d5,IndiGo,CCU - DEL,65,False,Matched,11017.88,UPI,Recorded
B1615,6F117,2025-05-23 11:37:36,CANCELLED,33B,bb183b4690d3efd346fbec911a404a21d33a3e6b58a5bc72007f3e02b63757a5,9701fee86d2bf049a5d5,IndiGo,CCU - DEL,65,False,Matched,2652.76,CARD,Recorded
B1616,SJ181,2025-12-23 11:37:36,PENDING,17A,c04bf8dabb0960be3b9a2559c38953628b2ea7e7c256cd35a899f5e4cfecca23,84b4afb1cf123c2421fd,Spicejet,BOM - BLR,89,False,Matched,,,
B1617,AI070,2025-05-10 11:37:36,INVALID,18A,aa80ec2f3afed5cbf5f1a63efa66789075f11e35e74bbfbc2fac79f351f71016,f269dc2630f9a805164c,Air India,CCU - DEL,99,False,Matched,12237.51,CARD,Recorded
B1618,AI070,2026-01-19 11:37:36,CONFIRMED,1B,6add05d809a741fa3d0f3c5e46a2aae27ebee54a96086baac7b0a4daa779348e,f269dc2630f9a805164c,Air India,CCU - DEL,99,False,Matched,6904.57,NETBANKING,Recorded
B1619,UK042,2026-02-05 11:37:36,PENDING,13A,fe934a263f6da1ef48bae751ac38de78f000472728035c4f073fc210a31de4f7,f78025efb942fa437b17,Vistara,MAA - BOM,279,False,Matched,10938.67,NETBANKING,Recorded
B1619,UK042,2026-02-05 11:37:36,PENDING,13A,fe934a263f6da1ef48bae751ac38de78f000472728035c4f073fc210a31de4f7,f78025efb942fa437b17,Vistara,MAA - BOM,279,False,Matched,8605.08,UPI,Recorded
B1619,UK042,2026-02-05 11:37:36,PENDING,13A,fe934a263f6da1ef48bae751ac38de78f000472728035c4f073fc210a31de4f7,f78025efb942fa437b17,Vistara,MAA - BOM,279,False,Matched,14108.86,CARD,Recorded
B1620,AI169,2026-02-24 11:37:36,PENDING,1B,b4a409e1b4a7bed0444bc29bbc79a15d3573917ef3db6a6956a2a3d5d3ede941,411e717078dd40e5783e,Air India,CCU - DEL,253,False,Matched,5731.24,UPI,Recorded
B1620,AI169,2026-02-24 11:37:36,PENDING,1B,b4a409e1b4a7bed0444bc29bbc79a15d3573917ef3db6a6956a2a3d5d3ede941,411e717078dd40e5783e,Air India,CCU - DEL,253,False,Matched,13683.85,NETBANKING,Recorded
B1620,AI169,2026-02-24 11:37:36,PENDING,1B,b4a409e1b4a7bed0444bc29bbc79a15d3573917ef3db6a6956a2a3d5d3ede941,411e717078dd40e5783e,Air India,CCU - DEL,253,False,Matched,3518.55,UPI,Recorded
B1620,AI169,2026-02-24 11:37:36,PENDING,1B,b4a409e1b4a7bed0444bc29bbc79a15d3573917ef3db6a6956a2a3d5d3ede941,411e717078dd40e5783e,Air India,CCU - DEL,253,False,Matched,10875.33,UPI,Recorded
B1621,6F021,2025-12-21 11:37:36,PENDING,27A,838b3199f1ac962e61d2a6fce3d9493a832e7fa93035ecd84dae0e27c66a5c75,99dc18a3491637212e3a,IndiGo,BLR - MAA,242,False,Matched,3524.98,UPI,Recorded
B1621,6F021,2025-12-21 11:37:36,PENDING,27A,838b3199f1ac962e61d2a6fce3d9493a832e7fa93035ecd84dae0e27c66a5c75,99dc18a3491637212e3a,IndiGo,BLR - MAA,242,False,Matched,8280.27,UPI,Recorded
B1622,SJ046,2025-06-23 11:37:36,PENDING,19F,bd66da9450da4aaad0af668f64c5820c30d0baa8ee2df3ec4680d2146ca34140,c8ce3e37664c875e39ac,Spicejet,BOM - MAA,204,False,Matched,11617.72,UPI,Recorded
B1622,SJ046,2025-06-23 11:37:36,PENDING,19F,bd66da9450da4aaad0af668f64c5820c30d0baa8ee2df3ec4680d2146ca34140,c8ce3e37664c875e39ac,Spicejet,BOM - MAA,204,False,Matched,12378.6,CARD,Recorded
B1622,SJ046,2025-06-23 11:37:36,PENDING,19F,bd66da9450da4aaad0af668f64c5820c30d0baa8ee2df3ec4680d2146ca34140,c8ce3e37664c875e39ac,Spicejet,BOM - MAA,204,False,Matched,12642.38,UPI,Recorded
B1623,AI211,2025-08-17 11:37:36,CANCELLED,22B,d2c5c812ab21497e9cea67ccded9069b32cf594952f6cfc653f86adb26baccf9,3fd402adc298c16ff24c,Air India,DEL - CCU,107,False,Matched,11011.07,NETBANKING,Recorded
B1623,AI211,2025-08-17 11:37:36,CANCELLED,22B,d2c5c812ab21497e9cea67ccded9069b32cf594952f6cfc653f86adb26baccf9,3fd402adc298c16ff24c,Air India,DEL - CCU,107,False,Matched,10849.11,CARD,Recorded
B1623,AI211,2025-08-17 11:37:36,CANCELLED,22B,d2c5c812ab21497e9cea67ccded9069b32cf594952f6cfc653f86adb26baccf9,3fd402adc298c16ff24c,Air India,DEL - CCU,107,False,Matched,2351.71,CARD,Recorded
B1623,AI211,2025-08-17 11:37:36,CANCELLED,22B,d2c5c812ab21497e9cea67ccded9069b32cf594952f6cfc653f86adb26baccf9,3fd402adc298c16ff24c,Air India,DEL - CCU,107,False,Matched,12916.9,UPI,Recorded
B1624,SJ091,2025-12-20 11:37:36,CANCELLED,34F,64723e7bdab6866a81b728567c8815825a58eabb70ce0374a7663d6c84adcdcb,480c966c1461abf8cdff,Spicejet,BLR - CCU,97,False,Matched,,,
B1625,AI123,2026-04-05 11:37:36,PENDING,7D,1d9d6bd19cb27f96760dae5eb6cb5488d2976c545d67b60e2cf0ae4bdabfe67d,ad97d28b8d7a10444020,Air India,MAA - BOM,146,False,Matched,,,
B1626,6F053,2025-04-17 11:37:36,CANCELLED,25C,248148d4f51f53a60ab87b6683f1914891bee62c6dc614c90894f055f4590950,3e663520288487cba3f1,IndiGo,DEL - HYD,253,False,Matched,7859.04,NETBANKING,Recorded
B1627,UK012,2026-01-09 11:37:36,PENDING,27E,3bced03ef044a097990ed781f6dbf324ae1b43b52032eed8f9c8b42392a2de9b,de6c8740d6c3c10c00d6,Vistara,MAA - BOM,129,False,Matched,11151.3,NETBANKING,Recorded
B1627,UK012,2026-01-09 11:37:36,PENDING,27E,3bced03ef044a097990ed781f6dbf324ae1b43b52032eed8f9c8b42392a2de9b,de6c8740d6c3c10c00d6,Vistara,MAA - BOM,129,False,Matched,12801.31,CARD,Recorded
B1628,6F023,2025-11-25 11:37:36,PENDING,33A,1b09e6345e046f8ce3f644fae7ae8c13f784b639727eada79423de49ed758aca,b346b5116f076c0502ef,IndiGo,MAA - BLR,236,False,Matched,1971.53,CARD,Recorded
B1629,AI250,2026-01-02 11:37:36,CONFIRMED,11A,72f8c1597b65a04d282fdc8a47a661ff43bf9037acfcf4abb517fbf8dd7a2196,cc37d69310c11ac0077f,Air India,BOM - CCU,204,False,Matched,,,
B1630,AI238,2026-04-07 11:37:36,PENDING,26F,45641bf4dadc32fe1e148a9e9093984223236eaf6903e1c37b24aa782beffa63,ad5a967437ddc554cd35,Air India,CCU - MAA,282,False,Matched,11475.88,NETBANKING,Recorded
B1631,UK096,2026-02-17 11:37:36,CANCELLED,24F,6bc28064c80a2b140c59f52282359122731bb7eeaa88fce493207ec6674b5f89,f3efce6ddb76c44b99e2,Vistara,BLR - HYD,115,False,Matched,7909.43,NETBANKING,Recorded
B1631,UK096,2026-02-17 11:37:36,CANCELLED,24F,6bc28064c80a2b140c59f52282359122731bb7eeaa88fce493207ec6674b5f89,f3efce6ddb76c44b99e2,Vistara,BLR - HYD,115,False,Matched,9604.98,UPI,Recorded
B1632,UK126,2026-03-30 11:37:36,PENDING,1D,25b21e97f1022c4b49220bf12f6d84b57f4f05f602d8a547a1a038bac7d0e47d,9c19eedf012762711e49,Vistara,CCU - DEL,86,False,Matched,11397.25,NETBANKING,Recorded
B1633,SJ195,2025-08-30 11:37:36,CONFIRMED,8E,39d968f6903a403d76728755dab333f0e9be74e476a71f98941ad31e031a8450,a41bdcc5ea6ca82bbc1c,Spicejet,BOM - CCU,193,False,Matched,,,
B1634,SJ171,2025-12-25 11:37:36,CANCELLED,1C,c3d6f5569fce8990a0fb28a569d8b4f902a08ef4594ac679c07632ea82e7602e,4e948bbe6fb44cd155ce,Spicejet,DEL - HYD,180,False,Matched,,,
B1635,AI136,2025-08-14 11:37:36,INVALID,7C,39475f254c5447f6657bb0f37241eec1f09e68a2520c23c1598224ab8829d758,3cf08f2970ea009966f0,Air India,BLR - DEL,199,False,Matched,,,
B1636,SJ192,2025-05-27 11:37:36,CONFIRMED,22B,ae5cbb12c08deb8959b846538aac9646cee622bf38dab9e5a5c9b7f5ef76ea26,5cf9668ece63f26ea9f0,Spicejet,HYD - BOM,300,True,Matched,14700.1,NETBANKING,Recorded
B1637,6F035,2025-12-01 11:37:36,PENDING,27C,f63e7213042ec2b080b4f4eedc307fd754631aa9b8c3e599b8dfbc63166ec38b,b250c3a63568fe7fb75f,IndiGo,CCU - HYD,264,False,Matched,11176.09,NETBANKING,Recorded
B1637,6F035,2025-12-01 11:37:36,PENDING,27C,f63e7213042ec2b080b4f4eedc307fd754631aa9b8c3e599b8dfbc63166ec38b,b250c3a63568fe7fb75f,IndiGo,CCU - HYD,264,False,Matched,6828.89,NETBANKING,Recorded
B1637,6F035,2025-12-01 11:37:36,PENDING,27C,f63e7213042ec2b080b4f4eedc307fd754631aa9b8c3e599b8dfbc63166ec38b,b250c3a63568fe7fb75f,IndiGo,CCU - HYD,264,False,Matched,7465.68,CARD,Recorded
B1638,UK088,2026-02-23 11:37:36,CONFIRMED,22C,29105d17f28ac18c022163f15fe7cea6c52ff1ec246a450ff7eb2b2914d622a8,5e6efe20e9b90d030441,Vistara,MAA - BLR,260,False,Matched,,,
B1639,6F009,2025-09-14 11:37:36,CONFIRMED,24E,cf145d5480b8f78edba6e46575d8a2701a82496d3dc2d0277825d9f65cbd6816,a6c981bc0b7faf3c5fd3,IndiGo,BLR - CCU,195,False,Matched,5066.71,CARD,Recorded
B1639,6F009,2025-09-14 11:37:36,CONFIRMED,24E,cf145d5480b8f78edba6e46575d8a2701a82496d3dc2d0277825d9f65cbd6816,a6c981bc0b7faf3c5fd3,IndiGo,BLR - CCU,195,False,Matched,1002.59,NETBANKING,Recorded
B1640,6F004,2026-01-28 11:37:36,CANCELLED,30B,e57da2cb8c43541f770c4299b59a537daa0f4ddcb0cc9f9a7995520fd6e3e634,0e49c8777302c44c5d5b,IndiGo,BOM - CCU,220,False,Matched,,,
B1641,UK122,2026-03-27 11:37:36,UNKNOWN,28D,23b49e73af045a152730a296d1ebf1e75eb8564d7dd3d9e351bee660b03a7ef7,97a8f3e0181e8b3de667,Vistara,HYD - CCU,180,False,Matched,14953.42,NETBANKING,Recorded
B1642,AI251,2026-02-15 11:37:36,PENDING,4E,e26643aa585aed1d3f49abc069feac9af40b739bc5f5ec264555102626913848,c30ac9ed30ebb2fbcbf4,Air India,MAA - DEL,44,True,Matched,6919.99,NETBANKING,Recorded
B1643,AI027,2026-02-04 11:37:36,PENDING,14A,1e9c6b7dabba637d2b043ae3a0377e6f45c039c3f9b1c9fcdf30ec4f08a636fa,797776396f1d45017cc5,Air India,BOM - MAA,222,False,Matched,,,
B1644,SJ165,2025-10-20 11:37:36,PENDING,20E,b6d0eb4be2ccf7e63cb5e2755fc460c8d1f2e60cb2c521a9f7aa812a38754a6e,6a4ef0245c4fb79dbace,Spicejet,CCU - BOM,190,False,Matched,10406.49,CARD,Recorded
B1645,UK081,2025-08-16 11:37:36,CONFIRMED,17D,c3d6f5569fce8990a0fb28a569d8b4f902a08ef4594ac679c07632ea82e7602e,e0c6f3461aaf428671cd,Vistara,BLR - DEL,60,False,Matched,2308.55,NETBANKING,Recorded
B1646,UK191,2025-09-27 11:37:36,CANCELLED,28C,906ae347d1c5168604343bc563f25f852b2c7deaa3c91b601ad66dcf161e207d,45106b65916111758044,Vistara,MAA - BLR,66,False,Matched,12645.54,CARD,Recorded
B1646,UK191,2025-09-27 11:37:36,CANCELLED,28C,906ae347d1c5168604343bc563f25f852b2c7deaa3c91b601ad66dcf161e207d,45106b65916111758044,Vistara,MAA - BLR,66,False,Matched,10009.34,UPI,Recorded
B1647,SJ188,2025-11-06 11:37:36,PENDING,14F,2a7ec54cfce6baa436b93dfd2529e3d76e155e8bc1902690ea215276af03a73d,f945b8c0cd1af1e369a2,Spicejet,BLR - BOM,40,True,Matched,7863.11,NETBANKING,Recorded
B1647,SJ188,2025-11-06 11:37:36,PENDING,14F,2a7ec54cfce6baa436b93dfd2529e3d76e155e8bc1902690ea215276af03a73d,f945b8c0cd1af1e369a2,Spicejet,BLR - BOM,40,True,Matched,9457.52,CARD,Recorded
B1648,6F016,2025-08-09 11:37:36,CONFIRMED,33D,bf02c795fb47af588c357429a3690765b35ee2d6f42cf863de1cef46a1511aff,eb63d5a8a5b52def9f40,IndiGo,HYD - BOM,36,True,Matched,3484.04,CARD,Recorded
B1649,6F064,2026-04-05 11:37:36,PENDING,4F,9802dbac5222b13cf15a1a473393b23f94c1c80fd59ad8b2847dd7a28d936ee4,6f563b0b4e95dd2daa03,IndiGo,CCU - DEL,65,False,Matched,14719.81,UPI,Recorded
B1649,6F064,2026-04-05 11:37:36,PENDING,4F,9802dbac5222b13cf15a1a473393b23f94c1c80fd59ad8b2847dd7a28d936ee4,6f563b0b4e95dd2daa03,IndiGo,CCU - DEL,65,False,Matched,13388.24,UPI,Recorded
B1650,SJ105,2026-04-03 11:37:36,UNKNOWN,10D,1baa6ade1d73316c0c51835e83d54c4f7072826d28b8b3ccc9a927b4c9d875c3,e809b783045be3bcd7db,Spicejet,BOM - HYD,206,False,Matched,,,
B1651,SJ054,2025-09-09 11:37:36,CANCELLED,21B,59bbbe612f1bc149ae2c664b220652485acce41bf10c8fb3db66f6240a021dca,5ca8c9f5c1c86bd158a0,Spicejet,MAA - BLR,273,False,Matched,6941.55,NETBANKING,Recorded
B1652,6F197,2025-12-19 11:37:36,PENDING,23C,def79692bcff6655bbd2a2e05ea026e16fdd81de6d9675a525b6a962ee96b28f,217b2bb50fd3b4f867d2,IndiGo,BOM - BLR,285,False,Matched,2694.0,NETBANKING,Recorded
B1652,6F197,2025-12-19 11:37:36,PENDING,23C,def79692bcff6655bbd2a2e05ea026e16fdd81de6d9675a525b6a962ee96b28f,217b2bb50fd3b4f867d2,IndiGo,BOM - BLR,285,False,Matched,12576.65,UPI,Recorded
B1652,6F197,2025-12-19 11:37:36,PENDING,23C,def79692bcff6655bbd2a2e05ea026e16fdd81de6d9675a525b6a962ee96b28f,217b2bb50fd3b4f867d2,IndiGo,BOM - BLR,285,False,Matched,4145.25,CARD,Recorded
B1652,6F197,2025-12-19 11:37:36,PENDING,23C,def79692bcff6655bbd2a2e05ea026e16fdd81de6d9675a525b6a962ee96b28f,217b2bb50fd3b4f867d2,IndiGo,BOM - BLR,285,False,Matched,2104.63,NETBANKING,Recorded
B1653,AI040,2026-03-26 11:37:36,CANCELLED,31B,960f7545bbe978e915d8fa5451046de9d2cd62bb934ae274decad188adf29447,f486b676a47758e9066b,Air India,HYD - BLR,101,False,Matched,10350.94,NETBANKING,Recorded
B1654,AI131,2025-08-14 11:37:36,UNKNOWN,31A,2669af8254d4452f0a1ef0967fea5122f31e7239cf0ed69b3b0996cf90b10375,4fcdbef8a56f43cd5d69,Air India,MAA - BOM,160,False,Matched,12116.85,NETBANKING,Recorded
B1655,6F141,2025-10-09 11:37:36,PENDING,7D,8ea69cf2a661eb3e4df8654d03595d02939014dd305761fb3f854cce0110cec8,f91fdd9919cba68ce4ed,IndiGo,BOM - CCU,122,False,Matched,,,
B1656,UK035,2025-05-12 11:37:36,CONFIRMED,26E,80897a64a0e40f85182a81ee6eec24ba6d898d2206e0155cfbf5306a597d81c8,ac2e49912cbb9385f9a0,Vistara,HYD - BOM,76,False,Matched,9174.46,NETBANKING,Recorded
B1657,AI005,2025-08-28 11:37:36,CONFIRMED,12B,9802dbac5222b13cf15a1a473393b23f94c1c80fd59ad8b2847dd7a28d936ee4,fed77f26677ae7ad020c,Air India,DEL - CCU,47,False,Matched,11326.44,UPI,Recorded
B1658,AI001,2025-06-22 11:37:36,CONFIRMED,18D,fe20722c4e3d715f76aceba4da5a8e197b98b7a288064be5e2553c0c7219622e,17b89b60c000b713ceed,Air India,DEL - HYD,183,False,Matched,,,
B1659,UK211,2026-01-17 11:37:36,PENDING,6D,72f8c1597b65a04d282fdc8a47a661ff43bf9037acfcf4abb517fbf8dd7a2196,99c9448ad5804e80d965,Vistara,MAA - CCU,83,False,Matched,,,
B1660,SJ189,2026-04-04 11:37:36,CANCELLED,12D,8b8c3c84f27770980d2975e74a94d043fa2782b6573e06759a02db64913d9a88,d29d95ccdda556921d2a,Spicejet,HYD - BLR,296,False,Matched,,CARD,Missing amount
B1660,SJ189,2026-04-04 11:37:36,CANCELLED,12D,8b8c3c84f27770980d2975e74a94d043fa2782b6573e06759a02db64913d9a88,d29d95ccdda556921d2a,Spicejet,HYD - BLR,296,False,Matched,5033.75,CARD,Recorded
B1661,UK006,2025-04-21 11:37:36,PENDING,18D,c4e9f2c0500ba90b978de3fc85902b310c5114a87a09f44aec5e3195a9d4de17,5602bd10ffbef0d8cf4e,Vistara,MAA - CCU,99,False,Matched,14848.6,CARD,Recorded
B1661,UK006,2025-04-21 11:37:36,PENDING,18D,c4e9f2c0500ba90b978de3fc85902b310c5114a87a09f44aec5e3195a9d4de17,5602bd10ffbef0d8cf4e,Vistara,MAA - CCU,99,False,Matched,6130.91,NETBANKING,Recorded
B1662,6F189,2025-10-13 11:37:36,CONFIRMED,17A,d29670b6b7cc9fa82db54e063dfee6173a4510d7e5bab77db1b544c914f5444e,802aef1b321beeca6294,IndiGo,MAA - BLR,103,False,Matched,9168.1,NETBANKING,Recorded
B1663,AI133,2025-05-16 11:37:36,CANCELLED,15B,bc61ac7d7a4e848679e95e724a9575a6a43f1f70e1c2b109fd13496e1dcff955,9ddf928564051d7feb26,Air India,DEL - CCU,140,False,Matched,8481.4,CARD,Recorded
B1663,AI133,2025-05-16 11:37:36,CANCELLED,15B,bc61ac7d7a4e848679e95e724a9575a6a43f1f70e1c2b109fd13496e1dcff955,9ddf928564051d7feb26,Air India,DEL - CCU,140,False,Matched,12656.53,NETBANKING,Recorded
B1663,AI133,2025-05-16 11:37:36,CANCELLED,15B,bc61ac7d7a4e848679e95e724a9575a6a43f1f70e1c2b109fd13496e1dcff955,9ddf928564051d7feb26,Air India,DEL - CCU,140,False,Matched,14337.32,UPI,Recorded
B1663,AI133,2025-05-16 11:37:36,CANCELLED,15B,bc61ac7d7a4e848679e95e724a9575a6a43f1f70e1c2b109fd13496e1dcff955,9ddf928564051d7feb26,Air India,DEL - CCU,140,False,Matched,13004.79,NETBANKING,Recorded
B1663,AI133,2025-05-16 11:37:36,CANCELLED,15B,bc61ac7d7a4e848679e95e724a9575a6a43f1f70e1c2b109fd13496e1dcff955,9ddf928564051d7feb26,Air India,DEL - CCU,140,False,Matched,5715.1,CARD,Recorded
B1663,AI133,2025-05-16 11:37:36,CANCELLED,15B,bc61ac7d7a4e848679e95e724a9575a6a43f1f70e1c2b109fd13496e1dcff955,9ddf928564051d7feb26,Air India,DEL - CCU,140,False,Matched,12690.33,CARD,Recorded
B1664,SJ216,2025-11-08 11:37:36,CONFIRMED,25B,9520629eb8f3cff8bb34c814ce61f15af9968d0b75642f93c68edd99fc6a1950,1497937d352c42c447bc,Spicejet,BOM - CCU,176,False,Matched,,,
B1665,SJ133,2026-03-04 11:37:36,CANCELLED,29D,674c0d84cb695312473194035f9afb3b4c1036139a14ae2d987084da431a8790,25971f51e8469fbf7221,Spicejet,BOM - CCU,159,False,Matched,13434.66,UPI,Recorded
B1666,UK082,2026-03-05 11:37:36,PENDING,32C,a6fd387f60b6b39ba611e75b0f09001944543067d28b5762d5a83e907f21c334,a5c16c0e1e64ce019301,Vistara,DEL - BOM,271,False,Matched,4184.87,CARD,Recorded
B1667,6F136,2026-02-16 11:37:36,CANCELLED,32C,9e556a3c94e3bfd79c3440df989e65ff84358ae700639cd5fac766aaf80ee6fd,c80f2ce6b574801017d8,IndiGo,CCU - DEL,37,True,Matched,,,
B1668,6F039,2025-04-30 11:37:36,PENDING,3B,106ca20d7a74865495064af42f49a347b4bf7a788217f55cd80e45b55ffc55e3,b9180dd0993cab2f092c,IndiGo,MAA - CCU,258,False,Matched,,,
B1669,AI011,2025-06-16 11:37:36,CONFIRMED,3E,b4a409e1b4a7bed0444bc29bbc79a15d3573917ef3db6a6956a2a3d5d3ede941,74e1ccf29569d3e63d92,Air India,CCU - BOM,243,False,Matched,,,
B1670,SJ225,2025-05-12 11:37:36,CANCELLED,16C,3d5876444e70d035933873241c4a360bc577e2144a7956bb5b04cd0ce2eb57be,e3d01b13082c3f92dc50,Spicejet,DEL - HYD,157,False,Matched,,,
B1671,SJ024,2025-07-08 11:37:36,CONFIRMED,22C,1d9e01e87c17ec7a9511ecc0262b3f9011df395b47100c5fa3043c484f45acce,1301e02ae09f3f5fb60a,Spicejet,DEL - MAA,232,False,Matched,,,
B1672,AI109,2025-08-01 11:37:36,CANCELLED,14E,e57da2cb8c43541f770c4299b59a537daa0f4ddcb0cc9f9a7995520fd6e3e634,00a6cd77bf9ad6118d97,Air India,BLR - BOM,261,False,Matched,6895.9,CARD,Recorded
B1673,AI147,2025-06-12 11:37:36,UNKNOWN,28B,ba7db5fb589e1f056c8c989f453bb3518d2622664151d2072b3274d0790aa2a2,f9193ed7c10ad669bbfb,Air India,HYD - CCU,116,False,Matched,,,
B1674,UK057,2025-11-03 11:37:36,CANCELLED,18C,a60deeba11d22234a3fa3e9960b6d16ef36f6680174845f488670db8dad83c87,bb197d7c62158c50624c,Vistara,CCU - DEL,279,False,Matched,,,
B1675,6F111,2025-08-01 11:37:36,CANCELLED,9A,1d9e01e87c17ec7a9511ecc0262b3f9011df395b47100c5fa3043c484f45acce,80308d71271d6e88c659,IndiGo,HYD - DEL,173,False,Matched,,,
B1676,AI197,2026-04-14 11:37:36,PENDING,24C,868b59130a3a8224ec6b4dc38f0ed133a2ecfcb70b3568df010d6f2a0d4e4d91,6b7f0caccf99bf85ef91,Air India,BOM - CCU,215,False,Matched,14683.17,UPI,Recorded
B1676,AI197,2026-04-14 11:37:36,PENDING,24C,868b59130a3a8224ec6b4dc38f0ed133a2ecfcb70b3568df010d6f2a0d4e4d91,6b7f0caccf99bf85ef91,Air India,BOM - CCU,215,False,Matched,11869.65,CARD,Recorded
B1677,UK127,2026-01-31 11:37:36,PENDING,29C,c4f65af71eb1b7e0343be453f056692633f843f583dfc63ee249f6a104b7f9b1,739a166360fdbb16bafd,Vistara,BOM - HYD,244,False,Matched,4648.87,NETBANKING,Recorded
B1677,UK127,2026-01-31 11:37:36,PENDING,29C,c4f65af71eb1b7e0343be453f056692633f843f583dfc63ee249f6a104b7f9b1,739a166360fdbb16bafd,Vistara,BOM - HYD,244,False,Matched,14950.31,CARD,Recorded
B1678,6F240,2025-12-31 11:37:36,PENDING,24B,674c0d84cb695312473194035f9afb3b4c1036139a14ae2d987084da431a8790,3cebae9dd0b881fe28de,IndiGo,DEL - HYD,265,False,Matched,3831.88,NETBANKING,Recorded
B1679,6F257,2025-08-17 11:37:36,CANCELLED,25A,f59377d6e3edda4beb0f11339f059d982430f6243a449acbe5c2116c002b9e90,abfead90c418ff2f73cc,IndiGo,MAA - CCU,231,False,Matched,,,
B1680,AI253,2026-03-19 11:37:36,UNKNOWN,11F,64e5623b1b258f51a8bc1820f57f036ccbafb82054e91bc281fb3d87404ce787,5866710e8dfa8081ff84,Air India,BLR - BOM,218,False,Matched,,,
B1681,SJ135,2026-04-02 11:37:36,CANCELLED,15C,9c18ba2b598478bdeb0df5138c18a67770216764f7384c8d998d7a410d9632dd,b791c769f7f1a48f8d4a,Spicejet,MAA - CCU,225,False,Matched,11541.74,UPI,Recorded
B1681,SJ135,2026-04-02 11:37:36,CANCELLED,15C,9c18ba2b598478bdeb0df5138c18a67770216764f7384c8d998d7a410d9632dd,b791c769f7f1a48f8d4a,Spicejet,MAA - CCU,225,False,Matched,14516.19,NETBANKING,Recorded
B1682,UK112,2025-07-10 11:37:36,CANCELLED,20B,6e00baf515d634c489a3f80b451240291e06ec32688b34120ddff0e91fa0e9b2,822cc8546dcf44bd99e0,Vistara,CCU - DEL,162,False,Matched,2916.86,CARD,Recorded
B1683,AI050,2025-08-07 11:37:36,CONFIRMED,9C,e42e1eddcd26dc9468e3b7a2c1b09e27d5c02058270d80b1aa8133306b495d10,d7f57f1e521ec6b3f016,Air India,BLR - BOM,155,False,Matched,8188.97,UPI,Recorded
B1683,AI050,2025-08-07 11:37:36,CONFIRMED,9C,e42e1eddcd26dc9468e3b7a2c1b09e27d5c02058270d80b1aa8133306b495d10,d7f57f1e521ec6b3f016,Air India,BLR - BOM,155,False,Matched,11160.79,NETBANKING,Recorded
B1684,UK060,2025-11-18 11:37:36,PENDING,8E,40f7f9e1d61e37eff4ee77339a69c8a44c466bc9a8dd534404251ee90898a55c,4a5e41f3ff94dfcf5486,Vistara,BLR - CCU,213,False,Matched,,,
B1685,SJ183,2025-05-15 11:37:36,CANCELLED,25E,105a938cf3c7a993ebdb1541a654f05084eaccdc227ac40760e53932872a4b06,c8ba0bf3ee42908f00c5,Spicejet,CCU - DEL,116,False,Matched,5545.26,NETBANKING,Recorded
B1685,SJ183,2025-05-15 11:37:36,CANCELLED,25E,105a938cf3c7a993ebdb1541a654f05084eaccdc227ac40760e53932872a4b06,c8ba0bf3ee42908f00c5,Spicejet,CCU - DEL,116,False,Matched,7155.18,NETBANKING,Recorded
B1686,UK138,2025-11-17 11:37:36,CONFIRMED,23E,39cb75303683b49b8b9f99bc8f565214190a169f413631c6b0e6aa8af84a4d8d,3950241c53c04c1931eb,Vistara,DEL - BLR,169,False,Matched,1293.05,CARD,Recorded
B1687,SJ071,2025-10-12 11:37:36,PENDING,22F,e32bb5811f8d0b6825d04381cd5a75c596d7de15d7aae5bc12e94d1a52148fc0,242c1d2ee6ade6a46e75,Spicejet,CCU - MAA,109,False,Matched,,,
B1688,AI057,2025-06-14 11:37:36,PENDING,9D,6b2e7c6299ba59bec091177d5081f04c14143521fd8f1c09801bd6b0f2242723,15e97234efeba2317211,Air India,BOM - CCU,209,False,Matched,10945.95,NETBANKING,Recorded
B1689,SJ151,2025-07-10 11:37:36,CANCELLED,20B,35a946630dd15221a8459f1864949863e6bd48ad60371ca98c75701bff496fdf,9fddf39ed14f007a2162,Spicejet,BOM - CCU,92,False,Matched,8030.27,CARD,Recorded
B1690,SJ144,2025-06-28 11:37:36,PENDING,12C,5c471ce50e4b29c5c0ca9a0b5e51c48852efb36cd7324ae46370d12cb34dafc2,ac6304867f5e1fa8d39d,Spicejet,BLR - BOM,217,False,Matched,7675.73,UPI,Recorded
B1691,SJ087,2026-01-23 11:37:36,PENDING,12E,ad5483f553cf845127b6e04adfcb82b622b5b80d2fdb95f64066ab6f842dc907,ae30f7b2572f86deae37,Spicejet,BOM - DEL,289,False,Matched,10442.06,UPI,Recorded
B1692,SJ066,2026-04-02 11:37:36,CONFIRMED,18A,4f7a4092cbeb41a810adb453d82da03bb0a35d337b44dd8ccbbe3ed7bbe05f9d,52bdf2429fd750613f67,Spicejet,HYD - CCU,76,False,Matched,,,
B1693,AI247,2026-01-02 11:37:36,CONFIRMED,11F,c69ccdd28d49f45a7fc731ed0e94f53c2e3c554d308e2851f958d4d5f19187c3,f8a5f5b21ca5519002f9,Air India,BOM - CCU,184,False,Matched,,,
B1694,SJ102,2026-04-01 11:37:36,PENDING,24D,4d0ffe0d39baf077e309b8447623943090b5c9acdf43af2f84af5050aff86b7c,620e99b401e28c1c209c,Spicejet,MAA - CCU,92,False,Matched,3525.42,CARD,Recorded
B1694,SJ102,2026-04-01 11:37:36,PENDING,24D,4d0ffe0d39baf077e309b8447623943090b5c9acdf43af2f84af5050aff86b7c,620e99b401e28c1c209c,Spicejet,MAA - CCU,92,False,Matched,3628.19,CARD,Recorded
B1695,6F252,2026-04-13 11:37:36,CONFIRMED,4F,b60c754d856c2f5632726a6a814c0485d03a30986186a8e043e2966eb81cdbd1,e46c3480fd89836b5d8d,IndiGo,MAA - BLR,267,False,Matched,5969.93,NETBANKING,Recorded
B1696,6F055,2025-11-28 11:37:36,PENDING,11C,0812c1442d595a000a3f0afa548aeba45cea723a39ced43a9879bb9bc274294e,65513ef69bbe2f924125,IndiGo,DEL - CCU,148,False,Matched,,,
B1697,AI204,2025-11-12 11:37:36,CANCELLED,34B,0eeb0d5bdcf71237f664611b38a096d81aeee324b4d37499fb53ad39f9c30ab1,3694b7597e90f9e95349,Air India,CCU - MAA,298,False,Matched,,,
B1698,AI016,2026-02-02 11:37:36,CONFIRMED,31D,ab94e679496f59f5399d34ab4ba6f105fc05b9dd69823269b6d0316d6886f610,3aabd5980e592ae038bd,Air India,BOM - CCU,263,False,Matched,8023.98,NETBANKING,Recorded
B1699,AI209,2025-12-11 11:37:36,PENDING,15D,f501f0ef0240d343f3205c5e737ad77db9090afb504e062a73ec8c1c7334b00b,abed22ccb9818a547d70,Air India,BLR - CCU,72,False,Matched,8211.18,CARD,Recorded
B1699,AI209,2025-12-11 11:37:36,PENDING,15D,f501f0ef0240d343f3205c5e737ad77db9090afb504e062a73ec8c1c7334b00b,abed22ccb9818a547d70,Air India,BLR - CCU,72,False,Matched,,NETBANKING,Missing amount
B1699,AI209,2025-12-11 11:37:36,PENDING,15D,f501f0ef0240d343f3205c5e737ad77db9090afb504e062a73ec8c1c7334b00b,abed22ccb9818a547d70,Air India,BLR - CCU,72,False,Matched,6149.02,NETBANKING,Recorded
B1699,AI209,2025-12-11 11:37:36,PENDING,15D,f501f0ef0240d343f3205c5e737ad77db9090afb504e062a73ec8c1c7334b00b,abed22ccb9818a547d70,Air India,BLR - CCU,72,False,Matched,8784.73,NETBANKING,Recorded
B1700,SJ211,2026-01-04 11:37:36,PENDING,14B,2177a76c0ebe472576b69c4096ffcbbf21d6838819b61abee6e047da635ae347,3cbf8ab3865c650de52a,Spicejet,MAA - BOM,132,False,Matched,6028.27,CARD,Recorded
B1701,6F103,2025-10-16 11:37:36,CONFIRMED,13F,6405e4cef66952b5ae0781b8d9b704f7ae69fc83a19243081da885b749530f89,03762b7893ae9ebb12b3,IndiGo,CCU - MAA,175,False,Matched,,,
B1702,UK182,2025-04-22 11:37:36,CONFIRMED,31F,d5994519f9e38cf3247483058c4bcf47dcc8c07e5d77a5b496c77e9afa86094b,7ff61eadcc3056f11829,Vistara,HYD - CCU,246,False,Matched,13329.36,CARD,Recorded
B1702,UK182,2025-04-22 11:37:36,CONFIRMED,31F,d5994519f9e38cf3247483058c4bcf47dcc8c07e5d77a5b496c77e9afa86094b,7ff61eadcc3056f11829,Vistara,HYD - CCU,246,False,Matched,,NETBANKING,Missing amount
B1703,6F264,2025-12-25 11:37:36,CANCELLED,19B,b3134da38cb85d52b8aeeda2b5c763438f8bba1370a90e1473e30cc1fc887863,5eeecc6fc2e22be73b39,IndiGo,DEL - HYD,260,False,Matched,5813.95,NETBANKING,Recorded
B1703,6F264,2025-12-25 11:37:36,CANCELLED,19B,b3134da38cb85d52b8aeeda2b5c763438f8bba1370a90e1473e30cc1fc887863,5eeecc6fc2e22be73b39,IndiGo,DEL - HYD,260,False,Matched,6181.25,NETBANKING,Recorded
B1704,6F027,2025-07-23 11:37:36,PENDING,29A,9a92adc68834218051741a1a4e3cf10109b166f76de3b1f8ff487674fc542a58,29b13a14dd782a4dac32,IndiGo,BLR - DEL,89,False,Matched,13993.49,NETBANKING,Recorded
B1705,UK198,2026-01-31 11:37:36,CANCELLED,3B,136ff7657a8ff2d984353f562348a403823f8ebd7d0497df56b0622111a61ba3,91cdbf788f1639869a2f,Vistara,DEL - BLR,95,False,Matched,1658.55,UPI,Recorded
B1705,UK198,2026-01-31 11:37:36,CANCELLED,3B,136ff7657a8ff2d984353f562348a403823f8ebd7d0497df56b0622111a61ba3,91cdbf788f1639869a2f,Vistara,DEL - BLR,95,False,Matched,2089.75,CARD,Recorded
B1705,UK198,2026-01-31 11:37:36,CANCELLED,3B,136ff7657a8ff2d984353f562348a403823f8ebd7d0497df56b0622111a61ba3,91cdbf788f1639869a2f,Vistara,DEL - BLR,95,False,Matched,10970.63,NETBANKING,Recorded
B1705,UK198,2026-01-31 11:37:36,CANCELLED,3B,136ff7657a8ff2d984353f562348a403823f8ebd7d0497df56b0622111a61ba3,91cdbf788f1639869a2f,Vistara,DEL - BLR,95,False,Matched,6139.86,UPI,Recorded
B1706,6F171,2025-09-07 11:37:36,CANCELLED,15C,3e4f932e78cf14e2591221db38bf449a67d5132cc8cd7e0f5e2d067cb184b1e1,b979212478e2bb2029ef,IndiGo,DEL - BLR,69,False,Matched,,,
B1707,AI004,2025-07-05 11:37:36,CANCELLED,1B,30e0245f71de2c5829ccbc0bb7005a913b4f2c0d911ba99cd51f84cbe66ec55f,c43c1b61d0397ff4f80b,Air India,HYD - MAA,254,False,Matched,,,
B1708,6F157,2025-11-22 11:37:36,CONFIRMED,3C,1351047418f2f7907ff8ea391e5215951058bfab7fa7b2d5ecdbe81748e10a8d,6c798adafe65bf0f348d,IndiGo,MAA - CCU,87,False,Matched,,,
B1709,AI018,2025-10-03 11:37:36,CANCELLED,22B,d5e367b95eafe8bf5c34ba2816d82170752b2346711260c2c9bca32ff1a11788,227853af4c37d1e3ba8a,Air India,BOM - CCU,292,False,Matched,,,
B1710,UK098,2025-08-05 11:37:36,CONFIRMED,21E,bda76e63b106c6f1caba531896549235a4deb882762c4bcb2bf227d6931324aa,c4db259d4da3f7e02bf5,Vistara,CCU - DEL,256,False,Matched,12059.65,CARD,Recorded
B1711,6F167,2026-01-29 11:37:36,UNKNOWN,4C,e75544e612d985686f585b8cf2811ea2b8599d66ad9f5399cc2023fc2e34fb7f,79ac72f45170e22d2f95,IndiGo,BLR - BOM,84,False,Matched,,,
B1712,AI228,2025-09-06 11:37:36,CANCELLED,17C,dbd40b2a49ba5c49d528ea325fec285e6531bb1ba89b676c13f276b94c028be8,9fc475aacca92bc613da,Air India,BLR - BOM,268,False,Matched,,,
B1713,SJ242,2025-08-31 11:37:36,CANCELLED,17D,c8f890518dd947b1d1ea0b5ee53830fd93d48380c9493e607f8b360c566b2a42,a54839d3fc897cf4b005,Spicejet,BLR - HYD,167,False,Matched,,,
B1714,6F227,2025-12-11 11:37:36,PENDING,34C,dacaa7dc266510eb73c4a78e34b662871fc23594351fcd531afb8904f04cd554,872c7a5770503919d752,IndiGo,MAA - BOM,265,False,Matched,5064.12,NETBANKING,Recorded
B1715,6F037,2025-08-27 11:37:36,CANCELLED,20C,1d21222a98f0b6f6d54f1605a53e7310f9b47c2c190c0f6553473cb5fdd364b2,6fc68a72a0cae7b99686,IndiGo,BOM - MAA,152,False,Matched,,,
B1716,6F107,2025-12-22 11:37:36,PENDING,28A,a057dd327e81619b0d5b68a6cab6b76db765cb4d623084ed29ad586319c2151a,de4a28a04bd1294e9de5,IndiGo,CCU - BLR,180,False,Matched,,,
B1717,SJ125,2025-11-06 11:37:36,CANCELLED,14A,a1ed582fd74c2f7ee5c5132016f0548c55df06d1cd5273059a74f60e7e9e16e8,fab2ebb6b2a7f0cc63c0,Spicejet,DEL - BLR,154,False,Matched,1220.3,NETBANKING,Recorded
B1717,SJ125,2025-11-06 11:37:36,CANCELLED,14A,a1ed582fd74c2f7ee5c5132016f0548c55df06d1cd5273059a74f60e7e9e16e8,fab2ebb6b2a7f0cc63c0,Spicejet,DEL - BLR,154,False,Matched,1187.92,UPI,Recorded
B1718,UK117,2025-06-17 11:37:36,CANCELLED,9B,5b57587b5721b79823321222a187b13a6d073c6fed1ead6650310e727c074d9e,2e7e4aacebe34a11d492,Vistara,BLR - BOM,217,False,Matched,7833.36,UPI,Recorded
B1718,UK117,2025-06-17 11:37:36,CANCELLED,9B,5b57587b5721b79823321222a187b13a6d073c6fed1ead6650310e727c074d9e,2e7e4aacebe34a11d492,Vistara,BLR - BOM,217,False,Matched,10479.42,UPI,Recorded
B1719,6F192,2025-11-12 11:37:36,CANCELLED,29E,5e6aeb6037486fe8ec4fe1fcfb9c92593fe2fe1b0ce2cb65f34aa762f8b6ddd5,72a86dbc001a773651b8,IndiGo,CCU - BLR,265,False,Matched,5781.1,UPI,Recorded
B1720,AI201,2025-11-27 11:37:36,CANCELLED,27B,ae5cbb12c08deb8959b846538aac9646cee622bf38dab9e5a5c9b7f5ef76ea26,f2b1890dd47b5ce51480,Air India,BLR - CCU,81,False,Matched,5194.3,NETBANKING,Recorded
B1721,SJ126,2026-03-25 11:37:36,PENDING,21A,5cae33c2f0a6605d78cc8a69553c91869e52dddb0ba683b52dfb3c79be523fed,51a20fc81b01aaaa2917,Spicejet,DEL - BLR,164,False,Matched,,,
B1722,AI177,2026-02-10 11:37:36,PENDING,5E,14ce2cb741b885503381bc048a4609f0b60b654461b61d7f2276c0932d533327,fd5a318afa1c12ccc14f,Air India,CCU - HYD,135,False,Matched,,CARD,Missing amount
B1723,AI092,2025-12-23 11:37:36,CANCELLED,26B,38ea01e338c95bc7ad1095be30c9e95bece9cfebce8b80b449533f754ed4b6e7,62de19fba2cceae3e700,Air India,CCU - BOM,164,False,Matched,,,
B1724,6F076,2025-10-10 11:37:36,CANCELLED,11D,b8740328b5890f9882c08afc9fe95bba1ff658893af9f701558737f2949839e9,eeecc4a870bb1399c822,IndiGo,CCU - HYD,45,False,Matched,10484.53,UPI,Recorded
B1725,AI185,2025-04-29 11:37:36,PENDING,1E,829d9c36c6911791533bbb1dba75ad6d196615dd6e6765e61b651fb2318fc769,10bc319fca5c035b6472,Air India,CCU - BOM,242,False,Matched,,NETBANKING,Missing amount
B1726,AI055,2025-05-14 11:37:36,CONFIRMED,2B,34151592f283719660718a314affcdcbb6483faffc5f04e356dd14277ca0daea,6373845413148eff1b58,Air India,CCU - BOM,99,False,Matched,3304.78,NETBANKING,Recorded
B1726,AI055,2025-05-14 11:37:36,CONFIRMED,2B,34151592f283719660718a314affcdcbb6483faffc5f04e356dd14277ca0daea,6373845413148eff1b58,Air India,CCU - BOM,99,False,Matched,7008.67,UPI,Recorded
B1727,6F222,2026-03-15 11:37:36,CONFIRMED,27D,e152a45d8991b092c43d4987a2e0cd5b3103567433deaab6826a859ebb0c54f2,d27140ae78adf5738167,IndiGo,HYD - MAA,130,False,Matched,,,
B1728,AI090,2025-12-12 11:37:36,CONFIRMED,1C,ebc228bda3cca19dfa9e9e20468ad2ba00d1cec12652abf74dffa2d6abaf1aec,fb8083125ab5066b455f,Air India,MAA - CCU,154,False,Matched,7592.89,CARD,Recorded
B1729,AI183,2025-06-03 11:37:36,PENDING,4F,2cebdafea91f1cdf5a0f46ac3b7f94c5378df86c6359f90e6b8465583f68ad8d,4c1fdf4bc8e7f73fdef6,Air India,DEL - CCU,102,False,Matched,2726.28,NETBANKING,Recorded
B1730,AI041,2025-04-29 11:37:36,PENDING,25F,6c7ce557b57c141b793170b5098cb0f635bfeb26ccd3be3ffec1bcd89ef4ac34,0b3070333951152dc5ab,Air India,BOM - BLR,111,False,Matched,,NETBANKING,Missing amount
B1731,6F210,2025-07-12 11:37:36,CONFIRMED,25F,dbdbeb72ada8ed6dc43d93b92e63ba6d505c23bb45afca98f4dae0c899b36ba0,d57097f18b4357f6434a,IndiGo,HYD - DEL,247,False,Matched,1355.89,CARD,Recorded
B1732,AI170,2026-01-15 11:37:36,CONFIRMED,3A,e7c3614f760484eac1c76c9ad05dcfe419f2f6a2bf820f4175ce4cdafd88e075,cda53bf1e01b2dc85100,Air India,HYD - DEL,263,False,Matched,7405.96,NETBANKING,Recorded
B1733,SJ008,2026-04-16 11:37:36,CANCELLED,2E,a6b0c51715ed987ee2a63ce995dc1e1d241b93c887040d13ed51926dae1515ef,78d980c8dd554732f99e,Spicejet,HYD - BLR,295,False,Matched,10832.74,CARD,Recorded
B1734,AI049,2025-09-29 11:37:36,PENDING,27E,e42e1eddcd26dc9468e3b7a2c1b09e27d5c02058270d80b1aa8133306b495d10,ea4fa06cf71a8f06a297,Air India,CCU - MAA,133,False,Matched,2972.66,CARD,Recorded
B1735,SJ132,2025-05-12 11:37:36,PENDING,34E,e9073b87939ca8397ee63100599afcc4043b7e697ace1c1f6e7ad54b662df301,ace6917df46a39330e6b,Spicejet,MAA - DEL,52,False,Matched,10012.48,NETBANKING,Recorded
B1736,SJ224,2026-01-26 11:37:36,CONFIRMED,28E,c0040fd9d70dc7a04ebd1a511fb73ec664e2eb5fde340d3065991df29e1349d8,684a5d03b162aaa1396b,Spicejet,DEL - MAA,172,False,Matched,6802.73,NETBANKING,Recorded
B1736,SJ224,2026-01-26 11:37:36,CONFIRMED,28E,c0040fd9d70dc7a04ebd1a511fb73ec664e2eb5fde340d3065991df29e1349d8,684a5d03b162aaa1396b,Spicejet,DEL - MAA,172,False,Matched,1787.85,CARD,Recorded
B1737,UK038,2025-06-11 11:37:36,CONFIRMED,1E,2c5963cac0706817c3cb637331104d65883b6d20bc837a161e11ced0a6835ed6,bf48d08cd069e4cb736e,Vistara,MAA - CCU,189,False,Matched,12049.41,CARD,Recorded
B1738,SJ220,2025-08-14 11:37:36,PENDING,27B,f501f0ef0240d343f3205c5e737ad77db9090afb504e062a73ec8c1c7334b00b,df4ed7c1786e271dddfa,Spicejet,BOM - CCU,96,False,Matched,8457.96,NETBANKING,Recorded
B1738,SJ220,2025-08-14 11:37:36,PENDING,27B,f501f0ef0240d343f3205c5e737ad77db9090afb504e062a73ec8c1c7334b00b,df4ed7c1786e271dddfa,Spicejet,BOM - CCU,96,False,Matched,7204.52,CARD,Recorded
B1738,SJ220,2025-08-14 11:37:36,PENDING,27B,f501f0ef0240d343f3205c5e737ad77db9090afb504e062a73ec8c1c7334b00b,df4ed7c1786e271dddfa,Spicejet,BOM - CCU,96,False,Matched,10340.66,NETBANKING,Recorded
B1739,6F124,2025-06-29 11:37:36,CANCELLED,34F,9a1a0b49cbc4ff7102994e173a3f2c1433661552fe9b3cf65e68a048725040e1,663f96b78a25a25f8e20,IndiGo,BLR - BOM,274,False,Matched,8263.32,UPI,Recorded
B1740,SJ164,2025-11-16 11:37:36,CONFIRMED,14D,388d5387493c5de4bfa5e3c7c5a5eb868e74149349982e0328875afde58c62e8,8fa2998a7c5dc10ab3d6,Spicejet,CCU - MAA,120,False,Matched,,,
B1741,AI026,2025-05-18 11:37:36,PENDING,18E,75c6bca23459dc5ca85f5d8336ff5a48353b2718c79b2ea46fafa4d71070f6ae,3cd58ff04283029e1f10,Air India,DEL - BOM,59,False,Matched,4483.43,UPI,Recorded
B1742,6F144,2025-09-14 11:37:36,PENDING,16D,a10d7156d9a2a518ee7f195f823d570429c5a16e72b979cddd8ac1cf01d9b8d6,278836ccc72df30662fa,IndiGo,HYD - BOM,195,False,Matched,,,
B1743,6F137,2025-11-21 11:37:36,INVALID,6F,7988f592685398199cc418f4d6c9b91615f6b221e323f4808ee317f4e7c373c0,62e65485958c9fa90ed7,IndiGo,CCU - DEL,256,False,Matched,4062.36,NETBANKING,Recorded
B1744,UK139,2025-09-05 11:37:36,CANCELLED,10A,583975f5e3ce24d7f9009f55afd1a16ba2067e03c121642d3c0c7d3692e8e931,bbd73def414a711d532b,Vistara,BLR - MAA,217,False,Matched,9225.17,CARD,Recorded
B1745,UK139,2025-05-20 11:37:36,CONFIRMED,27B,0b00a999be47aab649ad193ff101cf9a3b493ef72bce80f2e7c801e8a62d0583,bbd73def414a711d532b,Vistara,BLR - MAA,217,False,Matched,10889.16,NETBANKING,Recorded
B1746,SJ140,2025-08-31 11:37:36,CONFIRMED,34D,6d9f67d6807906194e064ae994da79fbafb4fd88a98ad70062b7e7138b9461a7,4aaac5e74603440ac9c6,Spicejet,HYD - DEL,228,False,Matched,,,
B1747,6F131,2025-04-20 11:37:36,CONFIRMED,9F,68cd65a633594219d9f350ccb91e11032dd26dcb1a457f6af65912b757c05fbe,a0dd94f38232c7ff7795,IndiGo,BLR - HYD,238,False,Matched,,,
B1748,UK128,2025-11-15 11:37:36,PENDING,9A,1d9e01e87c17ec7a9511ecc0262b3f9011df395b47100c5fa3043c484f45acce,d2d4c7711f9f1f720ec1,Vistara,BOM - CCU,169,False,Matched,13170.94,UPI,Recorded
B1749,SJ219,2026-02-19 11:37:36,CONFIRMED,23D,4d54598d94a711a95304d1654ce81d14d46beaf15942833b5130d4ac3ef25b62,0933647f066feeda1b19,Spicejet,BOM - DEL,277,False,Matched,,,
B1750,SJ159,2025-09-21 11:37:36,PENDING,33D,0efc3ae491e17d25d5fa4c42b78f9097c0ef71845b0a5f8070d4e631e41ff963,a91c8072338a0cd1c4ad,Spicejet,CCU - DEL,103,False,Matched,,,
B1751,UK192,2025-09-19 11:37:36,CONFIRMED,17E,565aa8afab155d3ad24a0ca2b302f08f2878eaf7ad04699e856a0d99aec9132d,b4c128e23bccdc321225,Vistara,HYD - DEL,60,False,Matched,14391.99,UPI,Recorded
B1752,AI014,2025-08-13 11:37:36,CANCELLED,34F,bda2b12ebaa48444400e48d5f3875f88adad89a492fcc7c3f21feda58fa9199b,8e66e0a125a89843c085,Air India,HYD - MAA,207,False,Matched,,,
B1753,SJ152,2025-08-08 11:37:36,CANCELLED,5C,99d59b20f3f5fa2176b906e105b5e28d05c0aab347325a9f70c44162ff236ed6,d2976f74715e1761cb2c,Spicejet,BOM - DEL,101,False,Matched,4016.57,UPI,Recorded
B1754,SJ060,2026-02-11 11:37:36,PENDING,3C,1dc90818e9678db7803c568b7b98526249d90197aa1039010fbfefb720b3df50,b8fcdb3927ebfc8e5af8,Spicejet,HYD - CCU,295,False,Matched,12013.34,UPI,Recorded
B1755,AI127,2026-02-17 11:37:36,CANCELLED,10F,f9f1a648982fa04229a202adf8c2d64661aec698200003d2f8b06ca9533e6b54,0cf031a3563e94716c64,Air India,DEL - HYD,188,False,Matched,4760.39,CARD,Recorded
B1756,SJ096,2026-01-27 11:37:36,PENDING,11F,e374846d0f5965877614590e64db27f9a4f8a73fe642bc5ce52d1e7b67cd78cb,1f820f870faa9be74c24,Spicejet,DEL - HYD,196,False,Matched,,NETBANKING,Missing amount
B1757,AI215,2025-04-24 11:37:36,PENDING,22B,b21c504017d817f9dbab641f4eb249dc7dfa807a1b58a914feba0b275a7bbd74,6848d8fd9169ec9a0664,Air India,BLR - DEL,96,False,Matched,1608.39,CARD,Recorded
B1758,UK009,2026-02-28 11:37:36,CANCELLED,26B,3bd1eede36c5bc5c2fed35c74ae91ba40f116da948890315cdc4ace8dcd235a3,749abbdd6de1f4de68b9,Vistara,BOM - DEL,127,False,Matched,8260.94,NETBANKING,Recorded
B1759,AI171,2025-10-26 11:37:36,PENDING,16F,196f9106968e866e97dc865124127fcf99be5ef76b21394e9ec892675f5505e7,3c690655f33fa0197e85,Air India,MAA - BLR,163,False,Matched,2656.83,UPI,Recorded
B1759,AI171,2025-10-26 11:37:36,PENDING,16F,196f9106968e866e97dc865124127fcf99be5ef76b21394e9ec892675f5505e7,3c690655f33fa0197e85,Air India,MAA - BLR,163,False,Matched,8269.17,UPI,Recorded
B1760,UK151,2026-01-14 11:37:36,CANCELLED,31B,a7206c1373bc7f2e69541663695aaa242d8a588b8f1b57b271c7536db1fba828,e0a0a0749fb5af2785df,Vistara,BOM - CCU,199,False,Matched,12133.03,NETBANKING,Recorded
B1761,AI099,2025-05-22 11:37:36,CONFIRMED,15A,a6b0c51715ed987ee2a63ce995dc1e1d241b93c887040d13ed51926dae1515ef,a8d4e64db773bb9df710,Air India,BLR - BOM,142,False,Matched,13916.72,UPI,Recorded
B1761,AI099,2025-05-22 11:37:36,CONFIRMED,15A,a6b0c51715ed987ee2a63ce995dc1e1d241b93c887040d13ed51926dae1515ef,a8d4e64db773bb9df710,Air India,BLR - BOM,142,False,Matched,5266.12,NETBANKING,Recorded
B1761,AI099,2025-05-22 11:37:36,CONFIRMED,15A,a6b0c51715ed987ee2a63ce995dc1e1d241b93c887040d13ed51926dae1515ef,a8d4e64db773bb9df710,Air India,BLR - BOM,142,False,Matched,12083.73,CARD,Recorded
B1761,AI099,2025-05-22 11:37:36,CONFIRMED,15A,a6b0c51715ed987ee2a63ce995dc1e1d241b93c887040d13ed51926dae1515ef,a8d4e64db773bb9df710,Air India,BLR - BOM,142,False,Matched,4405.82,NETBANKING,Recorded
B1762,UK050,2025-06-04 11:37:36,CONFIRMED,32B,a9202dcc1476c62a975cfa831418c9b37123a27a32efc2e209355577efed0f04,6cf676fc8c86a5253c68,Vistara,BOM - DEL,39,True,Matched,2987.06,UPI,Recorded
B1762,UK050,2025-06-04 11:37:36,CONFIRMED,32B,a9202dcc1476c62a975cfa831418c9b37123a27a32efc2e209355577efed0f04,6cf676fc8c86a5253c68,Vistara,BOM - DEL,39,True,Matched,10910.07,NETBANKING,Recorded
B1763,UK092,2025-10-06 11:37:36,CANCELLED,3B,411ac59a529c6141211cb3561ee75f015445a4fc8987c3c28d5f668025108b10,c96b55b72ff8d9aa2394,Vistara,MAA - BLR,95,False,Matched,,CARD,Missing amount
B1764,SJ058,2025-06-20 11:37:36,CANCELLED,13B,67538c3a627c01f037f7841891b510652e79a622bb16dd555cebfe8049b7192a,7d1ed1924063c2cd88ec,Spicejet,DEL - HYD,256,False,Matched,10528.45,NETBANKING,Recorded
B1765,SJ090,2025-12-21 11:37:36,CANCELLED,1C,3b4bef931fb6f6dd1e2f5688c3a65dad1e462558b77a791e079a1a4c91f84b6f,051c4638a558fe80da67,Spicejet,HYD - MAA,167,False,Matched,10025.41,UPI,Recorded
B1765,SJ090,2025-12-21 11:37:36,CANCELLED,1C,3b4bef931fb6f6dd1e2f5688c3a65dad1e462558b77a791e079a1a4c91f84b6f,051c4638a558fe80da67,Spicejet,HYD - MAA,167,False,Matched,13900.07,NETBANKING,Recorded
B1766,6F173,2025-09-07 11:37:36,CANCELLED,1F,e5d2ecc4de714c93289473cc45accf7509c2cb24c6d6102269e627c478afbd40,9843f5aad3c7c1bbe918,IndiGo,BOM - CCU,49,False,Matched,,,
B1767,AI186,2025-11-19 11:37:36,CONFIRMED,6D,023788ee6a94a585f413048cc9e15a850b2ba64ea3cb849eed2f200638fbbd96,bddd396f8eeeea84667c,Air India,DEL - BOM,114,False,Matched,5997.12,UPI,Recorded
B1767,AI186,2025-11-19 11:37:36,CONFIRMED,6D,023788ee6a94a585f413048cc9e15a850b2ba64ea3cb849eed2f200638fbbd96,bddd396f8eeeea84667c,Air India,DEL - BOM,114,False,Matched,4465.09,UPI,Recorded
B1768,AI130,2026-03-23 11:37:36,PENDING,13C,d8610378a00577767f10ae607b458d99dbaaa827c36ae5fd870051704dc643e1,701977a35d788e464e51,Air India,BOM - BLR,161,False,Matched,2835.7,NETBANKING,Recorded
B1769,SJ111,2025-11-23 11:37:36,INVALID,6F,31b44aa430dc9862e2b69c38ff28e6152a59bfb05fdf381e65069956ae5b0685,e7b997dec8163ba553f4,Spicejet,DEL - MAA,72,False,Matched,1168.88,CARD,Recorded
B1769,SJ111,2025-11-23 11:37:36,INVALID,6F,31b44aa430dc9862e2b69c38ff28e6152a59bfb05fdf381e65069956ae5b0685,e7b997dec8163ba553f4,Spicejet,DEL - MAA,72,False,Matched,1296.41,UPI,Recorded
B1770,6F203,2025-08-04 11:37:36,CONFIRMED,8D,f59377d6e3edda4beb0f11339f059d982430f6243a449acbe5c2116c002b9e90,7dc67eea1709aa779e94,IndiGo,BLR - HYD,111,False,Matched,,,
B1771,6F138,2025-05-24 11:37:36,PENDING,1F,904cdf238a7e7f5d8947e2d1e6a2aacf35c85d9ff386a885d0a5d9a9498a61f2,16f0fbc6805180a82014,IndiGo,HYD - BLR,184,False,Matched,6761.89,NETBANKING,Recorded
B1772,6F109,2025-08-29 11:37:36,UNKNOWN,10B,9e74eb6c7dca9c348d4c0b4c72ebdd65c897fd3a9652009a915df0e8a3c4889a,98dafbed83a570b36944,IndiGo,BLR - BOM,51,False,Matched,,,
B1773,AI074,2026-01-01 11:37:36,PENDING,16E,df412a1c471a8489a56547c1fefaf314efdb844f852ece6ab8dc65a48c45695b,9c0d78e9bb542d567b6b,Air India,CCU - BOM,47,False,Matched,11699.42,NETBANKING,Recorded
B1774,UK161,2026-01-07 11:37:36,CANCELLED,1B,54549fdb7358c49cb56879b15ccb03e1eddb48aa87b23f13a2b6e81cef7f182f,c83d44fc816da9b3914c,Vistara,BLR - BOM,163,False,Matched,,,
B1775,AI008,2025-06-19 11:37:36,CANCELLED,14B,4d0ffe0d39baf077e309b8447623943090b5c9acdf43af2f84af5050aff86b7c,0b4761b844ae2671b066,Air India,BOM - CCU,120,False,Matched,13185.54,UPI,Recorded
B1776,UK121,2025-12-27 11:37:36,CANCELLED,17A,196f9106968e866e97dc865124127fcf99be5ef76b21394e9ec892675f5505e7,4882607f963a720a7ed0,Vistara,BLR - BOM,240,False,Matched,8385.89,CARD,Recorded
B1776,UK121,2025-12-27 11:37:36,CANCELLED,17A,196f9106968e866e97dc865124127fcf99be5ef76b21394e9ec892675f5505e7,4882607f963a720a7ed0,Vistara,BLR - BOM,240,False,Matched,8306.25,UPI,Recorded
B1777,6F154,2025-04-26 11:37:36,CONFIRMED,11A,09fe07874b6d7c6874e5ba747ef7227d23495b2a647df8df98bc9024755ad8b0,5cb68a736036697493bc,IndiGo,CCU - DEL,57,False,Matched,9927.3,UPI,Recorded
B1778,6F161,2025-08-01 11:37:36,CONFIRMED,10D,04ef46cd73cc898838317c07f5afd736fb3581dadb5067796bb7b40770d87f5e,bbc2a4ee2dc3727ffe50,IndiGo,MAA - DEL,57,False,Matched,,,
B1779,6F153,2026-02-01 11:37:36,PENDING,22B,9b186ec01095cbddc868325b278110175b06bc3da7c048b54eca4e9f915f0dfc,973500ac6796f26fbab2,IndiGo,CCU - BLR,237,False,Matched,8876.97,UPI,Recorded
B1780,6F225,2026-02-10 11:37:36,PENDING,11B,ab6862b7807df118f0d3151d703018852c149af991f2f5a2956ebc465f95c5bc,987d0e7448c30fbe0c0f,IndiGo,HYD - CCU,279,False,Matched,,,
B1781,AI191,2026-02-09 11:37:36,PENDING,18C,f48b1a3c5d7011f59c4c46ef991dd731b9100a773b81e748cf7ce7f9bac11a2b,4e7fbcdc4d19f705a35e,Air India,BLR - MAA,241,False,Matched,,,
B1782,AI218,2025-08-18 11:37:36,CONFIRMED,25F,905429bc4f8bfb3445808b98c84aa5c8497fa594a3aa650e04a48364ff752559,62f7d0d9601455b951f4,Air India,BOM - CCU,180,False,Matched,4755.95,NETBANKING,Recorded
B1783,6F267,2025-09-28 11:37:36,PENDING,25D,d8610378a00577767f10ae607b458d99dbaaa827c36ae5fd870051704dc643e1,db620210a5404736215e,IndiGo,DEL - MAA,233,False,Matched,8201.65,NETBANKING,Recorded
B1784,UK125,2025-08-20 11:37:36,CANCELLED,1B,99397fd737d33fac92f43bba92f5b09b3b4df6b4925d8de850206957ebbed3e5,869fce1c14ae7eb1124f,Vistara,HYD - BOM,286,False,Matched,1577.5,UPI,Recorded
B1785,6F208,2025-08-19 11:37:36,PENDING,1B,358fb8662f5d6dd938eefe855308c0287e70c74afaa569953ea08a580c3cd44a,092167dc0ffd47a1fc8e,IndiGo,CCU - BOM,187,False,Matched,2489.15,UPI,Recorded
B1786,6F119,2026-02-12 11:37:36,CANCELLED,26B,40368c9480d8c00f48084295b660362751676b20851013d4ae721b4c713f1903,60b57f60ed68e7542007,IndiGo,DEL - BOM,134,False,Matched,14801.3,CARD,Recorded
B1787,AI063,2025-07-11 11:37:36,CONFIRMED,1E,3eb71ba1795207ab8ede9457cddd74968145c84338da0b221107b2be56f30d8a,10762d96326b0b63fd23,Air India,HYD - BLR,263,False,Matched,4567.25,CARD,Recorded
B1787,AI063,2025-07-11 11:37:36,CONFIRMED,1E,3eb71ba1795207ab8ede9457cddd74968145c84338da0b221107b2be56f30d8a,10762d96326b0b63fd23,Air India,HYD - BLR,263,False,Matched,6253.45,UPI,Recorded
B1787,AI063,2025-07-11 11:37:36,CONFIRMED,1E,3eb71ba1795207ab8ede9457cddd74968145c84338da0b221107b2be56f30d8a,10762d96326b0b63fd23,Air India,HYD - BLR,263,False,Matched,2509.98,CARD,Recorded
B1788,UK016,2025-06-05 11:37:36,CANCELLED,2B,b2694c3c812f4a40d50423b30e2ba46a77c50e598191bb2a245613a72ad5dfa5,aa82110452dc483d70e2,Vistara,DEL - CCU,40,True,Matched,,,
B1789,6F048,2026-01-13 11:37:36,CANCELLED,30F,c58b442bd0f68eaa0360d697625ad141081d4ec68c7e51f5fd3677c6f0d9adf3,39c6cbd9564e82f4d282,IndiGo,HYD - DEL,51,False,Matched,11758.27,NETBANKING,Recorded
B1790,6F266,2025-04-23 11:37:36,CANCELLED,28A,9219010346f13562e9e5233008cff198b72ad97d94f133b1389e5ccee61b87ea,579957103c74bee36583,IndiGo,CCU - MAA,88,False,Matched,1700.5,CARD,Recorded
B1790,6F266,2025-04-23 11:37:36,CANCELLED,28A,9219010346f13562e9e5233008cff198b72ad97d94f133b1389e5ccee61b87ea,579957103c74bee36583,IndiGo,CCU - MAA,88,False,Matched,3271.3,CARD,Recorded
B1791,AI167,2026-02-24 11:37:36,CONFIRMED,3C,eecd3fe47ac74462156da47eef95cbc0b45eb5742d6d7d60de66b5b10f63760a,266bf0239f5c2bf4d945,Air India,BLR - DEL,267,False,Matched,,,
B1792,6F165,2026-01-17 11:37:36,CONFIRMED,8E,669460e6494e65a71f7ab399ed273b24cf882061edeb4e2d13e395ed392a3d0f,84294fce67fc50fd338d,IndiGo,BLR - BOM,58,False,Matched,,,
B1793,SJ104,2025-11-25 11:37:36,CONFIRMED,14C,e120bf9fb1f451cbd241da15bbd54b9963f97da539069526b2f3eb81583f8f6c,1ca175d2537c1d385bc2,Spicejet,HYD - DEL,60,False,Matched,12515.25,NETBANKING,Recorded
B1794,UK160,2025-06-26 11:37:36,CONFIRMED,8D,5baff6ef3e86eaeaafda0fe67e9bcfe6ee06c9bd5670b898a27f11e098aa103b,471164db00abfcb9447e,Vistara,BLR - BOM,256,False,Matched,,,
B1795,UK160,2026-03-21 11:37:36,PENDING,9C,654a5d5d5d0a55ad7e942fa494d9bc09adbc0c3d966e7b7140fbd901cf3a279f,471164db00abfcb9447e,Vistara,BLR - BOM,256,False,Matched,11714.65,CARD,Recorded
B1796,SJ230,2025-11-28 11:37:36,CONFIRMED,9B,d804160b5c1738f702982ca2b52427164de113432a9bcb8df9daa49b0c84b0e3,9ed03fe4c7c5da045010,Spicejet,BOM - CCU,275,False,Matched,,,
B1797,AI042,2025-06-03 11:37:36,CANCELLED,1A,ce62cb250a4fc1d1566ea305d3e5200422d6f01e7fab93e5e47d57bdb1b14134,e7db08cf0e8b0f4c5e8d,Air India,CCU - DEL,64,False,Matched,,,
B1798,UK197,2025-05-16 11:37:36,CONFIRMED,23E,63c1e8b79d6e7108ef6294299c7702a7b383745e909ac2055418785f44fa2bd4,729fb1e2053769c61e4f,Vistara,BLR - HYD,92,False,Matched,,CARD,Missing amount
B1798,UK197,2025-05-16 11:37:36,CONFIRMED,23E,63c1e8b79d6e7108ef6294299c7702a7b383745e909ac2055418785f44fa2bd4,729fb1e2053769c61e4f,Vistara,BLR - HYD,92,False,Matched,14793.78,UPI,Recorded
B1799,AI107,2026-02-05 11:37:36,PENDING,16E,a695b9b93f317abe8c006ced56c09787f0c44b5418782ce22b744502d7fa2fbb,a6ae167bcc08ff924ef7,Air India,HYD - CCU,46,False,Matched,,,
B1800,SJ128,2025-08-22 11:37:36,PENDING,7F,3366d94927dadc2b432b5b179ab7471b4b690700a289379068e2fda5f470d8b1,bcf6adfe9c1acc646241,Spicejet,CCU - BLR,183,False,Matched,4478.56,NETBANKING,Recorded
B1801,6F121,2026-04-14 11:37:36,PENDING,34F,9a08e1408865f04149e75f45119958dab91d308aeb2a1086e684311f9283e214,db82ffea36efd81d4f1f,IndiGo,HYD - MAA,298,False,Matched,,,
B1802,AI111,2025-06-30 11:37:36,INVALID,16B,2d5362243e8c7cc36b39516de8c8c19b8fd66bc3ef9be2d6ccbeef0fce031734,c730c86ca54eb27b2ba7,Air India,MAA - CCU,179,False,Matched,2072.55,UPI,Recorded
B1803,SJ137,2026-02-21 11:37:36,CONFIRMED,24F,50d8a7f2dd1d85e4e01766c95d161de241462cb9144859d78b31618c752ccae7,d7042d32c11abd4178ea,Spicejet,CCU - DEL,246,False,Matched,5663.2,UPI,Recorded
B1804,AI232,2025-11-12 11:37:36,CONFIRMED,1F,0992cea837cbbe9a41ac8e5965f02de65282b388fa1390b7625a6c91f5babc4e,e006ba36484092b7f690,Air India,DEL - BLR,210,False,Matched,9496.04,UPI,Recorded
B1805,SJ113,2025-10-26 11:37:36,CONFIRMED,14B,e120bf9fb1f451cbd241da15bbd54b9963f97da539069526b2f3eb81583f8f6c,8b02a88b158928257ab4,Spicejet,BLR - BOM,120,False,Matched,,CARD,Missing amount
B1806,AI117,2025-08-02 11:37:36,CANCELLED,17A,3bced03ef044a097990ed781f6dbf324ae1b43b52032eed8f9c8b42392a2de9b,bf4f0faf7b5217c3a089,Air India,HYD - BLR,111,False,Matched,14488.78,NETBANKING,Recorded
B1807,6F185,2025-06-28 11:37:36,CANCELLED,12C,b98d897f10840ecec7154df96302f4552c6fd1c78affc42d4af7a708a01a0632,9fc91b4ca1fd348d7d65,IndiGo,CCU - DEL,139,False,Matched,1759.8,UPI,Recorded
B1808,AI194,2026-01-26 11:37:36,PENDING,3B,8838cc451a7e2e56c8ce05195cbbbe2c246eb037bc8f10e981828b0273344697,b5bfa45f197eac40ec17,Air India,MAA - BLR,269,False,Matched,,,
B1809,UK045,2026-04-09 11:37:36,PENDING,13B,42eab7f9664e0ed0719aaa7953fdad18d2841bf01fa9f439ea44f5003f443f3f,2e70887bfc3005d42ac8,Vistara,MAA - HYD,105,False,Matched,2114.98,CARD,Recorded
B1810,6F228,2026-03-20 11:37:36,CONFIRMED,34B,dbde43d01e255252b9928199c3bcb4e0422d770df829578051b52b61f47cb0bd,232d2544f4040bc442c5,IndiGo,HYD - MAA,291,False,Matched,,,
B1811,SJ190,2026-04-04 11:37:36,CANCELLED,25A,81dfb93d2126b967f17bf763ed2b219a0ace5d88fac6e46ca8cf2ac13aa72d0c,60a0ecca530f6437edb0,Spicejet,BOM - CCU,268,False,Matched,9625.29,NETBANKING,Recorded
B1812,AI156,2026-01-06 11:37:36,CANCELLED,8A,3014ced4dc7652e69eb236d3e0db88a7af98fa2c22941dce4756c569befcca12,ff5bd2ce7887eb465de7,Air India,CCU - BOM,103,False,Matched,1736.99,UPI,Recorded
B1813,AI104,2025-04-21 11:37:36,INVALID,9D,99c1fd49ac359c0454f2cdc00c425721281b2a4c133e28b482e225250abac89f,c75b9c90d390d9be38ab,Air India,MAA - HYD,105,False,Matched,,,
B1814,UK033,2025-06-22 11:37:36,CONFIRMED,26C,7e813ca13990dfd8ccf2bbce0455f2d43f770b30306a23b19464c4f303188b2d,33865af40d5acbb50c94,Vistara,HYD - DEL,284,False,Matched,8653.51,UPI,Recorded
B1814,UK033,2025-06-22 11:37:36,CONFIRMED,26C,7e813ca13990dfd8ccf2bbce0455f2d43f770b30306a23b19464c4f303188b2d,33865af40d5acbb50c94,Vistara,HYD - DEL,284,False,Matched,1286.68,UPI,Recorded
B1815,UK137,2025-05-01 11:37:36,PENDING,3C,4044563d1f627174add9beafa4a65a79ddffed5ae0d72a3d7111ff5152db3072,0a2b53f81a6174da0934,Vistara,BOM - MAA,130,False,Matched,4905.53,NETBANKING,Recorded
B1815,UK137,2025-05-01 11:37:36,PENDING,3C,4044563d1f627174add9beafa4a65a79ddffed5ae0d72a3d7111ff5152db3072,0a2b53f81a6174da0934,Vistara,BOM - MAA,130,False,Matched,1450.31,UPI,Recorded
B1816,UK214,2025-06-21 11:37:36,PENDING,20F,9073979a8b486b0b1cfe0285e1fab83b3e2bbc656cef950c4f3e5feef2dc9776,ef84a3858d2c7036fc94,Vistara,HYD - DEL,220,False,Matched,,NETBANKING,Missing amount
B1816,UK214,2025-06-21 11:37:36,PENDING,20F,9073979a8b486b0b1cfe0285e1fab83b3e2bbc656cef950c4f3e5feef2dc9776,ef84a3858d2c7036fc94,Vistara,HYD - DEL,220,False,Matched,4762.94,UPI,Recorded
B1817,6F033,2025-06-07 11:37:36,PENDING,28D,68700268baae1957ba736fe765b83f9492d15016f49b4d1dbebffb6c3c43dc9e,c0887e3f8b9e63832fcf,IndiGo,DEL - HYD,120,False,Matched,11252.26,NETBANKING,Recorded
B1817,6F033,2025-06-07 11:37:36,PENDING,28D,68700268baae1957ba736fe765b83f9492d15016f49b4d1dbebffb6c3c43dc9e,c0887e3f8b9e63832fcf,IndiGo,DEL - HYD,120,False,Matched,7766.36,CARD,Recorded
B1818,AI114,2025-11-07 11:37:36,CONFIRMED,26B,53f1e160a1614192eb71d4d6f8e7a2eb5f170c1e5c02f3df4dc53d29c42842e0,4e185e4627958b98300f,Air India,CCU - DEL,75,False,Matched,4317.72,NETBANKING,Recorded
B1819,AI017,2026-01-19 11:37:36,CONFIRMED,21E,3a38a0d5fc7a070581f3c5d9f928c2b39adf9d0b74d30c7051f5aa835001c925,6db6c4255802d6e3b65d,Air India,CCU - BOM,213,False,Matched,,,
B1820,6F244,2025-12-01 11:37:36,PENDING,18E,64797d5280ac15f709954a069f3d9f5221e38c76f624eca687018d55bb203654,d26a3136058fe5d7fac3,IndiGo,MAA - CCU,84,False,Matched,7609.63,UPI,Recorded
B1820,6F244,2025-12-01 11:37:36,PENDING,18E,64797d5280ac15f709954a069f3d9f5221e38c76f624eca687018d55bb203654,d26a3136058fe5d7fac3,IndiGo,MAA - CCU,84,False,Matched,14865.24,UPI,Recorded
B1821,6F160,2025-11-27 11:37:36,PENDING,1C,2953795b4d6908d4c917f99e2f831ad1c78bf1002bbfcd1ff5c860229d86bd89,cf3be8958838531b915d,IndiGo,MAA - BLR,257,False,Matched,5390.05,UPI,Recorded
B1821,6F160,2025-11-27 11:37:36,PENDING,1C,2953795b4d6908d4c917f99e2f831ad1c78bf1002bbfcd1ff5c860229d86bd89,cf3be8958838531b915d,IndiGo,MAA - BLR,257,False,Matched,,UPI,Missing amount
B1821,6F160,2025-11-27 11:37:36,PENDING,1C,2953795b4d6908d4c917f99e2f831ad1c78bf1002bbfcd1ff5c860229d86bd89,cf3be8958838531b915d,IndiGo,MAA - BLR,257,False,Matched,,CARD,Missing amount
B1822,6F088,2026-01-05 11:37:36,CANCELLED,17D,c91f6794d7ba59147a0047339e739e917b0db669fd3b2fa4a77b9492cf1684b0,f790b43277a914a1234a,IndiGo,CCU - BLR,151,False,Matched,7545.61,NETBANKING,Recorded
B1823,6F155,2025-11-26 11:37:36,CANCELLED,19E,3d5876444e70d035933873241c4a360bc577e2144a7956bb5b04cd0ce2eb57be,944fd4c13a167c64ef19,IndiGo,DEL - BLR,33,True,Matched,7854.23,UPI,Recorded
B1824,AI095,2026-04-15 11:37:36,PENDING,9B,aac5b0ea336c3e6b8ade4701a0d0a3a536fdc4777aad5b2cd734436aab8c443d,02753492b74a9d223a73,Air India,DEL - MAA,198,False,Matched,10599.9,CARD,Recorded
B1825,6F139,2025-05-17 11:37:36,PENDING,5E,91d14ba96f8827d357dd18f85be397b29a15b5e48970f9d1c73d6554990703fb,20b12559a8ac746e6d11,IndiGo,HYD - MAA,202,False,Matched,5950.28,CARD,Recorded
B1826,6F101,2025-07-11 11:37:36,CANCELLED,19A,d300c230ee055400df6881d11a12df70155190b7b812004e30aa493e48275543,910103bca7b08e7a4f49,IndiGo,BOM - MAA,297,False,Matched,5128.12,CARD,Recorded
B1827,AI054,2025-06-23 11:37:36,PENDING,20D,08bbe4c4f05cea61bddbdac83edd587377038698d4077f7a0fa92dafa377e5a1,26cc75a01db0f63bcabc,Air India,HYD - CCU,266,False,Matched,12661.75,UPI,Recorded
B1827,AI054,2025-06-23 11:37:36,PENDING,20D,08bbe4c4f05cea61bddbdac83edd587377038698d4077f7a0fa92dafa377e5a1,26cc75a01db0f63bcabc,Air India,HYD - CCU,266,False,Matched,13802.23,NETBANKING,Recorded
B1828,SJ094,2025-05-18 11:37:36,CANCELLED,25B,ab6862b7807df118f0d3151d703018852c149af991f2f5a2956ebc465f95c5bc,44e776fba0671d370fd1,Spicejet,MAA - HYD,284,False,Matched,9418.44,UPI,Recorded
B1829,6F217,2026-01-15 11:37:36,CANCELLED,4E,d9088fa6d7e5027027ec6a314cd369e056ab8c230aaf5012e75730b2940f217d,a1800e7f103701b68051,IndiGo,BLR - BOM,168,False,Matched,4847.06,CARD,Recorded
B1830,6F100,2026-04-15 11:37:36,CANCELLED,23C,b98d897f10840ecec7154df96302f4552c6fd1c78affc42d4af7a708a01a0632,ca39fcc4fd7e50070c45,IndiGo,BOM - BLR,189,False,Matched,12651.33,CARD,Recorded
B1831,6F081,2026-02-05 11:37:36,CONFIRMED,21C,d45015e73ade789b26bfbfea6039c67027ffb87ff4855a0da7e8c74dfc2393ae,89277954011855011630,IndiGo,MAA - BLR,99,False,Matched,12421.49,CARD,Recorded
B1831,6F081,2026-02-05 11:37:36,CONFIRMED,21C,d45015e73ade789b26bfbfea6039c67027ffb87ff4855a0da7e8c74dfc2393ae,89277954011855011630,IndiGo,MAA - BLR,99,False,Matched,13574.02,CARD,Recorded
B1832,SJ156,2025-06-17 11:37:36,CONFIRMED,4D,e7b0227c7f7e0956a4c48ee4c1612f6dbd2fd65d0360c8147f1aeead6c19fa07,afd5ce7e5ff0c438a604,Spicejet,BOM - DEL,35,True,Matched,11197.41,NETBANKING,Recorded
B1833,6F060,2025-06-07 11:37:36,PENDING,27D,3014ced4dc7652e69eb236d3e0db88a7af98fa2c22941dce4756c569befcca12,e09d46cd54ddda242dcb,IndiGo,DEL - BLR,120,False,Matched,5872.19,UPI,Recorded
B1834,UK129,2025-08-14 11:37:36,CANCELLED,33E,e53fb125dfc5fa557a7efbcf90e5d5b7c8fab9016b1dfb5d5fc6e6008316722f,fc2e40e4e465f86f3c1c,Vistara,HYD - MAA,60,False,Matched,7570.53,NETBANKING,Recorded
B1835,UK032,2026-02-07 11:37:36,CONFIRMED,2E,abcc32255d660a86134ff0006e22e89af2afe74db6b53a81c743fa46517e508a,2d4776ec4de2cf702d0b,Vistara,BLR - BOM,237,False,Matched,,,
B1836,AI166,2025-09-23 11:37:36,PENDING,13A,577fd4efc28f21cb9283a0fd4e3c0f11e73ad3b46c76eafff4c0d426a1c2b635,9f4394f702bd6769eb75,Air India,BOM - CCU,183,False,Matched,,,
B1837,SJ056,2025-10-31 11:37:36,PENDING,22F,2b0957de50bffd55fa7b9afaf16d7654a7716b55fa4a5d3539a317af3716150a,69d78a7ccb0eb75c5c95,Spicejet,HYD - DEL,59,False,Matched,14269.72,UPI,Recorded
B1837,SJ056,2025-10-31 11:37:36,PENDING,22F,2b0957de50bffd55fa7b9afaf16d7654a7716b55fa4a5d3539a317af3716150a,69d78a7ccb0eb75c5c95,Spicejet,HYD - DEL,59,False,Matched,14270.18,NETBANKING,Recorded
B1837,SJ056,2025-10-31 11:37:36,PENDING,22F,2b0957de50bffd55fa7b9afaf16d7654a7716b55fa4a5d3539a317af3716150a,69d78a7ccb0eb75c5c95,Spicejet,HYD - DEL,59,False,Matched,10803.01,NETBANKING,Recorded
B1838,SJ101,2025-06-12 11:37:36,PENDING,18F,a8e8af1e4b0716cc1f4c1575bc3944ce297572dfe8d276e99e0055ebb8ccbe6a,a52d2b7e640cf7e71554,Spicejet,CCU - DEL,100,False,Matched,,,
B1839,SJ065,2025-05-09 11:37:36,PENDING,9C,a057dd327e81619b0d5b68a6cab6b76db765cb4d623084ed29ad586319c2151a,593d212807aba69c5a62,Spicejet,MAA - BLR,164,False,Matched,11811.63,UPI,Recorded
B1839,SJ065,2025-05-09 11:37:36,PENDING,9C,a057dd327e81619b0d5b68a6cab6b76db765cb4d623084ed29ad586319c2151a,593d212807aba69c5a62,Spicejet,MAA - BLR,164,False,Matched,4984.54,CARD,Recorded
B1840,SJ100,2025-04-19 11:37:36,PENDING,34A,a7d9f3432654a19346c84d5b4562ffddb15d7aeb06719bd0fa2b7ae752a0f6aa,5e62557fc576854b6afd,Spicejet,MAA - BLR,202,False,Matched,7085.2,CARD,Recorded
B1841,UK011,2025-10-24 11:37:36,CANCELLED,1E,a10d7156d9a2a518ee7f195f823d570429c5a16e72b979cddd8ac1cf01d9b8d6,7f4bef601653bbb01f2d,Vistara,CCU - DEL,104,False,Matched,,,
B1842,6F062,2026-02-17 11:37:36,PENDING,3B,8ea69cf2a661eb3e4df8654d03595d02939014dd305761fb3f854cce0110cec8,5fe304eb1484b748b303,IndiGo,CCU - DEL,87,False,Matched,1998.52,UPI,Recorded
B1842,6F062,2026-02-17 11:37:36,PENDING,3B,8ea69cf2a661eb3e4df8654d03595d02939014dd305761fb3f854cce0110cec8,5fe304eb1484b748b303,IndiGo,CCU - DEL,87,False,Matched,7815.3,NETBANKING,Recorded
B1843,SJ176,2025-08-15 11:37:36,CANCELLED,23E,214438cecfc20ff9fcc35b6a058de7b4160b0ffaf1356e47fb4a6e3205959839,a278e18a34fcb1d5b7ed,Spicejet,DEL - BOM,122,False,Matched,4159.73,CARD,Recorded
B1843,SJ176,2025-08-15 11:37:36,CANCELLED,23E,214438cecfc20ff9fcc35b6a058de7b4160b0ffaf1356e47fb4a6e3205959839,a278e18a34fcb1d5b7ed,Spicejet,DEL - BOM,122,False,Matched,1488.32,UPI,Recorded
B1844,6F120,2025-11-26 11:37:36,CONFIRMED,3B,f80ed0d7390661b9c68ea43ec982522f9575b6cf01823414b44b7ef87abc1711,d888bcb7374a7b431702,IndiGo,BLR - BOM,60,False,Matched,,CARD,Missing amount
B1844,6F120,2025-11-26 11:37:36,CONFIRMED,3B,f80ed0d7390661b9c68ea43ec982522f9575b6cf01823414b44b7ef87abc1711,d888bcb7374a7b431702,IndiGo,BLR - BOM,60,False,Matched,7078.61,NETBANKING,Recorded
B1845,AI121,2026-03-05 11:37:36,PENDING,24A,e568e6620cc33c0e007d11e2120a7c5c4421694d952f7383609973a2a498628a,6e0f00caa19af83f2ce9,Air India,HYD - MAA,209,False,Matched,3147.85,UPI,Recorded
B1846,UK072,2025-08-30 11:37:36,CONFIRMED,34F,b316d9d4aea9dc4c6736042ec894fa9e9f528258845b15aff047e5c13895c393,f75ddfafe6a96f9df9b7,Vistara,BOM - BLR,180,False,Matched,8100.01,UPI,Recorded
B1847,AI006,2026-04-06 11:37:36,CANCELLED,11B,598e1e9e9fabd3c5d888e1ecf2f784a123c2ab4e9d2b6ee644e23698040ff589,65458a76f13f520c1742,Air India,BOM - BLR,170,False,Matched,10999.02,UPI,Recorded
B1848,SJ231,2025-05-19 11:37:36,CANCELLED,30D,e114e0c8e3cf13fc32a5a44583427b5034ddabc21e5578368e122872b012d178,35c3265aa27bfe5c428e,Spicejet,DEL - BLR,85,False,Matched,1779.42,UPI,Recorded
B1848,SJ231,2025-05-19 11:37:36,CANCELLED,30D,e114e0c8e3cf13fc32a5a44583427b5034ddabc21e5578368e122872b012d178,35c3265aa27bfe5c428e,Spicejet,DEL - BLR,85,False,Matched,4902.58,UPI,Recorded
B1849,SJ129,2025-06-24 11:37:36,INVALID,12E,a079ac0a3cd08e0ec8a10f4957faba7edfb1abb45d005d8c3d13a7917c4afa50,c334bb8f6da6e5d903e0,Spicejet,CCU - BOM,240,False,Matched,,,
B1850,6F110,2025-04-21 11:37:36,PENDING,33B,b03bb64bd5eeb36ce7ea054f080fd85d863a478057b470391d4d3087693139b8,7ad0bbccaf8ac7c66659,IndiGo,HYD - DEL,201,False,Matched,7542.02,CARD,Recorded
B1850,6F110,2025-04-21 11:37:36,PENDING,33B,b03bb64bd5eeb36ce7ea054f080fd85d863a478057b470391d4d3087693139b8,7ad0bbccaf8ac7c66659,IndiGo,HYD - DEL,201,False,Matched,14670.86,NETBANKING,Recorded
B1851,6F231,2025-11-26 11:37:36,PENDING,2D,2cebdafea91f1cdf5a0f46ac3b7f94c5378df86c6359f90e6b8465583f68ad8d,4ad1dcec213202e1b7b8,IndiGo,HYD - MAA,267,False,Matched,,,
B1852,6F095,2025-08-09 11:37:36,CONFIRMED,33E,60da0a8471b67a9af0073b592c1c4d1374ff146f0289bec393dbdd14d0b0af9f,1798c0f621839528b09e,IndiGo,BLR - MAA,221,False,Matched,2491.83,CARD,Recorded
B1853,UK054,2025-05-05 11:37:36,CONFIRMED,18F,f369c1f4618c7e454e21a55cce43145e3d39b0a9ceae7d27a456f1866ab5b68e,ba42bf342c9020381da6,Vistara,BLR - BOM,293,False,Matched,8948.88,NETBANKING,Recorded
B1854,SJ123,2025-08-10 11:37:36,CONFIRMED,29D,458e78518cc750bb6a13b2a1e539800c4f72b22ec43cdc7e3ca366647bd085b8,e1bd9964fa241efa8ed0,Spicejet,BOM - CCU,88,False,Matched,6004.76,NETBANKING,Recorded
B1854,SJ123,2025-08-10 11:37:36,CONFIRMED,29D,458e78518cc750bb6a13b2a1e539800c4f72b22ec43cdc7e3ca366647bd085b8,e1bd9964fa241efa8ed0,Spicejet,BOM - CCU,88,False,Matched,14521.74,UPI,Recorded
B1854,SJ123,2025-08-10 11:37:36,CONFIRMED,29D,458e78518cc750bb6a13b2a1e539800c4f72b22ec43cdc7e3ca366647bd085b8,e1bd9964fa241efa8ed0,Spicejet,BOM - CCU,88,False,Matched,10538.38,NETBANKING,Recorded
B1854,SJ123,2025-08-10 11:37:36,CONFIRMED,29D,458e78518cc750bb6a13b2a1e539800c4f72b22ec43cdc7e3ca366647bd085b8,e1bd9964fa241efa8ed0,Spicejet,BOM - CCU,88,False,Matched,2278.95,UPI,Recorded
B1855,6F006,2026-01-04 11:37:36,PENDING,3D,8f05b24f7ed9031f4e9beecb2c71c5e19dc35a9f51a424ea5a9b018d09c22414,b5e9df0f9a01cf187b48,IndiGo,BOM - BLR,120,False,Matched,12165.24,CARD,Recorded
B1855,6F006,2026-01-04 11:37:36,PENDING,3D,8f05b24f7ed9031f4e9beecb2c71c5e19dc35a9f51a424ea5a9b018d09c22414,b5e9df0f9a01cf187b48,IndiGo,BOM - BLR,120,False,Matched,9744.36,UPI,Recorded
B1856,UK226,2025-05-04 11:37:36,PENDING,4E,a12e94fc6969121d02c16127708855fa92af70268bf0c0ad71bc7f41e0123e5b,2a5629dd63c282a1d5f6,Vistara,MAA - HYD,63,False,Matched,11604.48,CARD,Recorded
B1856,UK226,2025-05-04 11:37:36,PENDING,4E,a12e94fc6969121d02c16127708855fa92af70268bf0c0ad71bc7f41e0123e5b,2a5629dd63c282a1d5f6,Vistara,MAA - HYD,63,False,Matched,14055.6,NETBANKING,Recorded
B1857,AI065,2026-03-07 11:37:36,PENDING,17E,5c471ce50e4b29c5c0ca9a0b5e51c48852efb36cd7324ae46370d12cb34dafc2,fd3ab7e5acda914a3ae4,Air India,MAA - BLR,291,False,Matched,4516.22,NETBANKING,Recorded
B1857,AI065,2026-03-07 11:37:36,PENDING,17E,5c471ce50e4b29c5c0ca9a0b5e51c48852efb36cd7324ae46370d12cb34dafc2,fd3ab7e5acda914a3ae4,Air India,MAA - BLR,291,False,Matched,13134.7,CARD,Recorded
B1858,6F008,2025-11-25 11:37:36,UNKNOWN,10B,3785e7d4b7cfacdcd6462989ed6b982d940b7af79bc48b56c9fc5aa34ec56810,914a24e37572fd2258a0,IndiGo,DEL - BOM,285,False,Matched,,,
B1859,AI195,2025-11-11 11:37:36,PENDING,7B,77ae74bb712ad79219acd0c68dd342d82a8e53801ce93b3e349baf66a29905cf,c0ef2db2efcd52803cdf,Air India,CCU - MAA,119,False,Matched,,,
B1860,UK043,2025-08-01 11:37:36,UNKNOWN,3A,5971a1ac03dae3faf0729d20daf6eed1433befd6614cea810d35e1c106654e0e,1c071becedd1d754758a,Vistara,DEL - HYD,244,False,Matched,2531.6,UPI,Recorded
B1860,UK043,2025-08-01 11:37:36,UNKNOWN,3A,5971a1ac03dae3faf0729d20daf6eed1433befd6614cea810d35e1c106654e0e,1c071becedd1d754758a,Vistara,DEL - HYD,244,False,Matched,6999.9,NETBANKING,Recorded
B1861,AI125,2025-10-15 11:37:36,CONFIRMED,25E,5ebab4a3009c394a9cb20b491c1bd555eabc4f7d663cc7737c532f95390056d4,6990c333776edf162513,Air India,CCU - DEL,219,False,Matched,9044.04,UPI,Recorded
B1862,AI089,2025-10-05 11:37:36,PENDING,21A,a830efaab62b54a135ef98f873ca7038af8cd21fac0c9e885b8c7a67d2ebb8d6,aa214175e275532bb661,Air India,CCU - BOM,42,True,Matched,,,
B1863,UK019,2026-02-12 11:37:36,CONFIRMED,22C,99dd8cfb10e96a9b73669e57938e29a1179a94c9bf98cebe0bf5914f60f481b4,5615dfc17a1d0ab85931,Vistara,BOM - HYD,54,False,Matched,9857.74,NETBANKING,Recorded
B1863,UK019,2026-02-12 11:37:36,CONFIRMED,22C,99dd8cfb10e96a9b73669e57938e29a1179a94c9bf98cebe0bf5914f60f481b4,5615dfc17a1d0ab85931,Vistara,BOM - HYD,54,False,Matched,13070.93,CARD,Recorded
B1864,UK078,2025-09-27 11:37:36,CANCELLED,22C,c892538953f3a0d599ec8cc31974c6ecae45440139a8b31d4619246c3c00b2a3,dd9dbe6dc4e7db1e09be,Vistara,BOM - HYD,209,False,Matched,10081.04,UPI,Recorded
B1865,SJ009,2025-07-28 11:37:36,CANCELLED,15E,51ca9ab827dca418583c15e8e063c03cd2a48b74d78fcdf30019d01f9f2223a3,d0c79a11d79b3765275e,Spicejet,CCU - BLR,95,False,Matched,11740.51,NETBANKING,Recorded
B1866,UK178,2026-01-28 11:37:36,CONFIRMED,7A,7d7c0928f297a259aa3ac8f9d48e3d39d6f8c9d53f2d03d248b1e0a8873ad469,3b1a7b5d2f9af6471c55,Vistara,DEL - BLR,268,False,Matched,4987.99,NETBANKING,Recorded
B1867,UK018,2025-11-23 11:37:36,CONFIRMED,13D,19a2d0847f1104234bd11c38e5b112a4217e4c56dcff6a1a14a4a7f8b37065bc,9aeb39d5684dedc62251,Vistara,BOM - CCU,113,False,Matched,8158.17,NETBANKING,Recorded
B1868,SJ059,2026-04-10 11:37:36,CANCELLED,29E,1bf61a2b194fa1e68503b44111f6640ed4daca3aae8826595b81111122eaedc2,8033ba3195a195c6efe3,Spicejet,CCU - DEL,76,False,Matched,,,
B1869,UK108,2026-02-04 11:37:36,CONFIRMED,19C,0eeb0d5bdcf71237f664611b38a096d81aeee324b4d37499fb53ad39f9c30ab1,7610da9c1a5ce0cee30e,Vistara,DEL - BLR,198,False,Matched,10155.04,CARD,Recorded
B1869,UK108,2026-02-04 11:37:36,CONFIRMED,19C,0eeb0d5bdcf71237f664611b38a096d81aeee324b4d37499fb53ad39f9c30ab1,7610da9c1a5ce0cee30e,Vistara,DEL - BLR,198,False,Matched,11398.23,NETBANKING,Recorded
B1870,6F045,2025-04-25 11:37:36,CANCELLED,5D,3bd1eede36c5bc5c2fed35c74ae91ba40f116da948890315cdc4ace8dcd235a3,a37aba6a3e927ab999dd,IndiGo,BOM - HYD,274,False,Matched,,,
B1871,AI144,2025-10-04 11:37:36,CANCELLED,23E,6ead47d1916551a6863df5f55e95bf82e2796e667c59b716bf50e04b44fcf3e1,ca01d44fd6a6cd3ce932,Air India,MAA - BOM,173,False,Matched,,,
B1872,AI244,2025-07-09 11:37:36,PENDING,26E,f58a747a7b03487453620906225a436596ae0d2004b1d9544efbc4d6f1b1539b,a005c8a919fbc5df8c7d,Air India,BLR - BOM,35,True,Matched,5721.08,CARD,Recorded
B1872,AI244,2025-07-09 11:37:36,PENDING,26E,f58a747a7b03487453620906225a436596ae0d2004b1d9544efbc4d6f1b1539b,a005c8a919fbc5df8c7d,Air India,BLR - BOM,35,True,Matched,9096.04,UPI,Recorded
B1872,AI244,2025-07-09 11:37:36,PENDING,26E,f58a747a7b03487453620906225a436596ae0d2004b1d9544efbc4d6f1b1539b,a005c8a919fbc5df8c7d,Air India,BLR - BOM,35,True,Matched,,NETBANKING,Missing amount
B1873,6F265,2025-04-25 11:37:36,CONFIRMED,11B,4832050ee166b27ef95d37edce6905229d34e22ab7bdadb2127fc6a668347f0a,65553a3abf00b73fd52c,IndiGo,DEL - HYD,57,False,Matched,6495.37,UPI,Recorded
B1873,6F265,2025-04-25 11:37:36,CONFIRMED,11B,4832050ee166b27ef95d37edce6905229d34e22ab7bdadb2127fc6a668347f0a,65553a3abf00b73fd52c,IndiGo,DEL - HYD,57,False,Matched,12510.96,CARD,Recorded
B1873,6F265,2025-04-25 11:37:36,CONFIRMED,11B,4832050ee166b27ef95d37edce6905229d34e22ab7bdadb2127fc6a668347f0a,65553a3abf00b73fd52c,IndiGo,DEL - HYD,57,False,Matched,13283.24,CARD,Recorded
B1874,6F108,2026-01-26 11:37:36,CONFIRMED,16E,8de3865850d7a5991f3990f863b605e467e370b70d5163b5ff33b89a525baa1a,c0dff0688ce49f5e7474,IndiGo,DEL - HYD,222,False,Matched,5715.47,NETBANKING,Recorded
B1874,6F108,2026-01-26 11:37:36,CONFIRMED,16E,8de3865850d7a5991f3990f863b605e467e370b70d5163b5ff33b89a525baa1a,c0dff0688ce49f5e7474,IndiGo,DEL - HYD,222,False,Matched,9993.97,NETBANKING,Recorded
B1874,6F108,2026-01-26 11:37:36,CONFIRMED,16E,8de3865850d7a5991f3990f863b605e467e370b70d5163b5ff33b89a525baa1a,c0dff0688ce49f5e7474,IndiGo,DEL - HYD,222,False,Matched,8735.05,NETBANKING,Recorded
B1875,6F069,2025-06-17 11:37:36,PENDING,17D,0b1a54adf9faf638bd96fa05d400b426d80b31ea238fa48efe16835f6062c6eb,1b5ee8c97fbc226d8d3c,IndiGo,MAA - BLR,213,False,Matched,,NETBANKING,Missing amount
B1876,6F072,2025-06-14 11:37:36,CANCELLED,18F,9b186ec01095cbddc868325b278110175b06bc3da7c048b54eca4e9f915f0dfc,d65cc14126ec12d373a2,IndiGo,BLR - CCU,57,False,Matched,11290.32,NETBANKING,Recorded
B1877,6F096,2025-11-09 11:37:36,CONFIRMED,33F,44db03b823ff25e012f3f8ad4993b3fe9186cb3e2fd5631013507d7fb0b602c0,a8a8ee330a158626f5d0,IndiGo,MAA - BLR,253,False,Matched,,,
B1878,SJ233,2025-12-31 11:37:36,PENDING,31D,4b54b8eeda5fc37ac359f4efe95012e8b7bf5d34dedde0326cde0bf690fa347e,7f506f2c469f115201ab,Spicejet,DEL - HYD,98,False,Matched,14778.71,CARD,Recorded
B1879,AI203,2025-12-03 11:37:36,PENDING,9E,7a2394fbae145e495633ebc8c79d1be2177905b10a3cae148b3bd37516596a02,ff8da79e9e1d46ba8ee6,Air India,BOM - CCU,167,False,Matched,4682.98,UPI,Recorded
B1880,UK147,2026-03-08 11:37:36,CONFIRMED,2E,25d4444ad3e70d2b2086f45384a769fa7757107cd8c7543f5a2d1d332973ea80,22721ee625d1936ac147,Vistara,CCU - DEL,200,False,Matched,11737.0,UPI,Recorded
B1881,UK039,2025-08-26 11:37:36,PENDING,8E,bc26a45b88fc95f9c22a0e871432f19530faf013b214a2a164013006c54b0fc9,4708062a3723366b5f0c,Vistara,HYD - BOM,73,False,Matched,,,
B1882,6F216,2025-10-17 11:37:36,CANCELLED,18B,21b594e87de4c919a9b3932113c2348e6fc37e1c8508fa8d5c7e79af1516d7a7,0b20a0334bc5aa04ab15,IndiGo,BLR - DEL,293,False,Matched,,,
B1883,AI214,2025-11-17 11:37:36,PENDING,5B,a1a8609cc515260bc2c285a3986bcfd3d880266c7d7795807c73e76772857309,d6511a6b541555bb63f0,Air India,CCU - DEL,266,False,Matched,4498.27,CARD,Recorded
B1883,AI214,2025-11-17 11:37:36,PENDING,5B,a1a8609cc515260bc2c285a3986bcfd3d880266c7d7795807c73e76772857309,d6511a6b541555bb63f0,Air India,CCU - DEL,266,False,Matched,3193.06,CARD,Recorded
B1884,UK025,2025-08-31 11:37:36,CANCELLED,31D,2a7ec54cfce6baa436b93dfd2529e3d76e155e8bc1902690ea215276af03a73d,dfb5229c45ee95af37bf,Vistara,DEL - BOM,232,False,Matched,,,
B1885,UK053,2025-08-10 11:37:36,CANCELLED,11B,b7e0ff66c4e7e97dff64870733b98e827770a7f69927075353b21477f86643d2,aedcd0d12fdea88ba8bf,Vistara,BLR - BOM,170,False,Matched,9992.33,NETBANKING,Recorded
B1886,6F130,2026-02-12 11:37:36,INVALID,9D,37babcf71f5e06a9e32efe2f563b30160f03c837cf0c9d0e03f08255c5477fee,36460a333ae7fafe6b8c,IndiGo,DEL - HYD,78,False,Matched,,,
B1887,6F247,2026-03-09 11:37:36,PENDING,23F,fbe7cdce66f0435c42c01799fd038f771eaf5e4f9865a7da6204af7ae3397d48,79289db585beb1c14d53,IndiGo,DEL - HYD,78,False,Matched,9312.51,UPI,Recorded
B1888,6F159,2025-12-25 11:37:36,CANCELLED,25C,54549fdb7358c49cb56879b15ccb03e1eddb48aa87b23f13a2b6e81cef7f182f,1eb7f6e8f0ca94073812,IndiGo,CCU - BOM,35,True,Matched,8931.9,UPI,Recorded
B1888,6F159,2025-12-25 11:37:36,CANCELLED,25C,54549fdb7358c49cb56879b15ccb03e1eddb48aa87b23f13a2b6e81cef7f182f,1eb7f6e8f0ca94073812,IndiGo,CCU - BOM,35,True,Matched,5981.84,CARD,Recorded
B1889,UK086,2026-02-24 11:37:36,CANCELLED,22C,4fcb8bd8cda745e38cc385e11df454f7016144f4a1e8970541c3bb6a4063585f,a6e7a769ddfa92d8ad37,Vistara,CCU - BLR,152,False,Matched,,,
B1890,6F102,2025-08-30 11:37:36,PENDING,12E,39475f254c5447f6657bb0f37241eec1f09e68a2520c23c1598224ab8829d758,467ce1125276773bb8df,IndiGo,HYD - MAA,74,False,Matched,13732.45,UPI,Recorded
B1891,UK186,2026-01-26 11:37:36,CANCELLED,18D,cd9124d017033a1fe643f4e890f9d7186d4644fe754576f891da1859b93b71bc,3c1f0ab1882de1e4d3d1,Vistara,BOM - BLR,197,False,Matched,2216.08,UPI,Recorded
B1891,UK186,2026-01-26 11:37:36,CANCELLED,18D,cd9124d017033a1fe643f4e890f9d7186d4644fe754576f891da1859b93b71bc,3c1f0ab1882de1e4d3d1,Vistara,BOM - BLR,197,False,Matched,1978.49,UPI,Recorded
B1892,6F032,2025-08-24 11:37:36,PENDING,17F,2d174976cb8ad6f724fc48312bc6124ad9fb26bcf19a92247389f8fab8b8503a,e9cd427bcebb35d3c3ea,IndiGo,DEL - BOM,159,False,Matched,,,
B1893,6F186,2025-08-02 11:37:36,CONFIRMED,19A,50973951f320b068c9d9b1caad0fd823c8f1245d6e82579673b7985577b47c64,36d65dacf83d878d00e4,IndiGo,HYD - BOM,254,False,Matched,,,
B1894,6F106,2026-02-24 11:37:36,CANCELLED,4F,6e3f55baacac97f9feae30053fda09ae51ecb9c8c2d8413323c0735d731b4196,151b4cc77ac315be7384,IndiGo,BOM - CCU,102,False,Matched,,,
B1895,AI021,2025-10-05 11:37:36,CANCELLED,14E,b8102c098ea3aa0efc2ebf64c59486d41f5069eb887ee400b1e90062a7e7ff8d,095925c195af952009b4,Air India,DEL - HYD,239,False,Matched,13425.87,CARD,Recorded
B1895,AI021,2025-10-05 11:37:36,CANCELLED,14E,b8102c098ea3aa0efc2ebf64c59486d41f5069eb887ee400b1e90062a7e7ff8d,095925c195af952009b4,Air India,DEL - HYD,239,False,Matched,6230.89,NETBANKING,Recorded
B1895,AI021,2025-10-05 11:37:36,CANCELLED,14E,b8102c098ea3aa0efc2ebf64c59486d41f5069eb887ee400b1e90062a7e7ff8d,095925c195af952009b4,Air India,DEL - HYD,239,False,Matched,13629.71,CARD,Recorded
B1895,AI021,2025-10-05 11:37:36,CANCELLED,14E,b8102c098ea3aa0efc2ebf64c59486d41f5069eb887ee400b1e90062a7e7ff8d,095925c195af952009b4,Air India,DEL - HYD,239,False,Matched,9624.54,CARD,Recorded
B1895,AI021,2025-10-05 11:37:36,CANCELLED,14E,b8102c098ea3aa0efc2ebf64c59486d41f5069eb887ee400b1e90062a7e7ff8d,095925c195af952009b4,Air India,DEL - HYD,239,False,Matched,11120.61,NETBANKING,Recorded
B1896,AI157,2025-11-30 11:37:36,PENDING,11F,1f38ca6b94382d46601d6f2403fba41c9bc47578862c423e589fe02bad40ea97,a434bf00bbb719937569,Air India,BLR - CCU,168,False,Matched,,CARD,Missing amount
B1897,6F054,2025-11-01 11:37:36,PENDING,26F,e42d59ae1e419809c0e341ec724882ae845f603c1317b9802d05f8d58d4f190e,58b7554bc4469f0dc0c7,IndiGo,HYD - BLR,205,False,Matched,9752.05,CARD,Recorded
B1897,6F054,2025-11-01 11:37:36,PENDING,26F,e42d59ae1e419809c0e341ec724882ae845f603c1317b9802d05f8d58d4f190e,58b7554bc4469f0dc0c7,IndiGo,HYD - BLR,205,False,Matched,7243.26,NETBANKING,Recorded
B1898,AI187,2025-10-03 11:37:36,PENDING,10D,4a36cc15d5c2261e43577167e05c6c6af76d841b39258214ad2630cee8af2298,b5ecc31b98aa60f512cb,Air India,BLR - HYD,104,False,Matched,5718.04,CARD,Recorded
B1899,SJ124,2025-09-28 11:37:36,PENDING,4B,b9e1abb5b6ce25f7131cc1a64c4b53a659d1e7acc8063969df44916b7441b267,9dd52e27e21ab6c2338d,Spicejet,HYD - DEL,247,False,Matched,3146.15,UPI,Recorded
B1900,SJ223,2025-10-06 11:37:36,CANCELLED,11C,2177a76c0ebe472576b69c4096ffcbbf21d6838819b61abee6e047da635ae347,37b17e580735b43cb054,Spicejet,HYD - MAA,74,False,Matched,1212.98,UPI,Recorded
B1901,UK103,2025-04-25 11:37:36,CONFIRMED,21A,1baa6ade1d73316c0c51835e83d54c4f7072826d28b8b3ccc9a927b4c9d875c3,0c38ee4908cffd0cc504,Vistara,MAA - DEL,194,False,Matched,10787.49,CARD,Recorded
B1902,SJ157,2026-02-08 11:37:36,CONFIRMED,14F,35bea6d3a15e68706d970fde04ec2bf87d71c7499c6d9fb35acb1e6f8752f545,472753756276faf98800,Spicejet,DEL - HYD,174,False,Matched,,,
B1903,6F242,2025-11-06 11:37:36,CONFIRMED,9B,162e3166dd3a5e50e244d4562f5593bab6bb1f380e7fc2ff3a1abf5fb8e512aa,58096b40e7703d144a61,IndiGo,BLR - MAA,234,False,Matched,,,
B1904,UK213,2025-07-01 11:37:36,CONFIRMED,8B,95babaa45fa09abeba990169517718d4bbb65cd08bec4c0595dde344acdded72,d1de3da9620e4a585718,Vistara,BOM - CCU,100,False,Matched,5769.34,NETBANKING,Recorded
B1905,SJ120,2026-02-13 11:37:36,PENDING,24B,0f66e22974def50ac3b26cc963b8a0c049de3bac798da05964926391ceb18e54,5a4540a77df2da127aa1,Spicejet,MAA - BLR,217,False,Matched,,,
B1906,AI035,2025-08-11 11:37:36,CANCELLED,22B,d80ed4bd59f1486077046db51801c1cf4ea64133c610e0e8364c33c00440f2de,98127124a1b7ea8eef04,Air India,DEL - MAA,91,False,Matched,11037.65,UPI,Recorded
B1907,6F147,2026-01-14 11:37:36,CANCELLED,1B,a1ed582fd74c2f7ee5c5132016f0548c55df06d1cd5273059a74f60e7e9e16e8,1be199dccf8d17ad3d55,IndiGo,HYD - MAA,274,False,Matched,5451.44,CARD,Recorded
B1908,SJ229,2025-08-09 11:37:36,CANCELLED,23B,5ee1d6a18fa857c9545a90481568f5507ef1b23a4cf92d6c6614548e3b033d0a,cb80b8d7a07f34575f3e,Spicejet,CCU - DEL,122,False,Matched,8834.05,CARD,Recorded
B1908,SJ229,2025-08-09 11:37:36,CANCELLED,23B,5ee1d6a18fa857c9545a90481568f5507ef1b23a4cf92d6c6614548e3b033d0a,cb80b8d7a07f34575f3e,Spicejet,CCU - DEL,122,False,Matched,1912.8,CARD,Recorded
B1909,AI230,2025-11-14 11:37:36,PENDING,31B,2e80357b2bbb93e61115a45131689ee29adb5b7dd4064a713b02d0046186f43b,75c5aec58da3ff14b185,Air India,CCU - BLR,225,False,Matched,,,
B1910,UK162,2025-06-10 11:37:36,CANCELLED,5C,72f8c1597b65a04d282fdc8a47a661ff43bf9037acfcf4abb517fbf8dd7a2196,dd074aa3865dc2addcef,Vistara,BOM - CCU,94,False,Matched,13743.8,UPI,Recorded
B1910,UK162,2025-06-10 11:37:36,CANCELLED,5C,72f8c1597b65a04d282fdc8a47a661ff43bf9037acfcf4abb517fbf8dd7a2196,dd074aa3865dc2addcef,Vistara,BOM - CCU,94,False,Matched,7810.25,CARD,Recorded
B1911,AI066,2025-05-29 11:37:36,PENDING,27C,2859db7b1b830cf159f66dda3a83b45205c4b67604d101091b257144494821ad,a93de8b3bba2b4280e2f,Air India,HYD - MAA,140,False,Matched,,,
B1912,6F205,2025-09-09 11:37:36,CANCELLED,19D,8fadbbd01bdb281e87e5e3b97674a1789dac2e25e407d6bc95f93a82b66b7232,21e49e55a7b2567892f6,IndiGo,HYD - BOM,106,False,Matched,6279.57,NETBANKING,Recorded
B1913,AI124,2025-05-24 11:37:36,CONFIRMED,27B,906e4ce539d1a700820485158c823d616a4a6e29f95e429b47fd5e0f82fc1d02,881fdb2a475623240a91,Air India,CCU - HYD,212,False,Matched,11211.97,NETBANKING,Recorded
B1913,AI124,2025-05-24 11:37:36,CONFIRMED,27B,906e4ce539d1a700820485158c823d616a4a6e29f95e429b47fd5e0f82fc1d02,881fdb2a475623240a91,Air India,CCU - HYD,212,False,Matched,4083.41,CARD,Recorded
B1914,UK114,2025-10-19 11:37:36,PENDING,20A,a493b5978072f36d5b866bd700a0e7227db117fc260c6120802a015c5bd5898f,2c475a86dec4d4168599,Vistara,HYD - CCU,108,False,Matched,5079.38,NETBANKING,Recorded
B1915,AI231,2025-06-03 11:37:36,CANCELLED,18B,ad8056e0a2a4a29275abdf6a08d24a9db96bb374c0c2f94bfab4800aadffe300,9e1202949f53688dc2a7,Air India,DEL - HYD,119,False,Matched,1162.01,CARD,Recorded
B1916,AI113,2025-10-30 11:37:36,CONFIRMED,7D,d2c5c812ab21497e9cea67ccded9069b32cf594952f6cfc653f86adb26baccf9,fd94f319b09a8edbbabc,Air India,CCU - HYD,150,False,Matched,3156.86,CARD,Recorded
B1917,UK180,2025-08-03 11:37:36,INVALID,27A,a1a8609cc515260bc2c285a3986bcfd3d880266c7d7795807c73e76772857309,d44277fcc814f9931d3e,Vistara,CCU - MAA,131,False,Matched,,,
B1918,UK180,2025-10-07 11:37:36,CONFIRMED,2B,b51a4319127bdf71eeb18b5f1dbc364f4d770830cc5fe913e2da9ddd0ef42db5,d44277fcc814f9931d3e,Vistara,CCU - MAA,131,False,Matched,2739.31,NETBANKING,Recorded
B1918,UK180,2025-10-07 11:37:36,CONFIRMED,2B,b51a4319127bdf71eeb18b5f1dbc364f4d770830cc5fe913e2da9ddd0ef42db5,d44277fcc814f9931d3e,Vistara,CCU - MAA,131,False,Matched,1356.26,NETBANKING,Recorded
B1919,6F080,2026-03-17 11:37:36,PENDING,7C,c913654e61bc87fec1af5606ffb1cc3b34b047f1dd5e4eb892145faf5eff326f,7b17f283b8ffb348189b,IndiGo,HYD - MAA,206,False,Matched,,,
B1920,SJ095,2025-05-11 11:37:36,PENDING,14A,ee84ea16926b928587a39beca383d196ec978e81e4f13499e0a8494758d3bd31,4ebcd364798fc68c3419,Spicejet,DEL - MAA,184,False,Matched,,,
B1921,SJ115,2025-04-24 11:37:36,CANCELLED,21F,6c3afab40cd9d8f88adfc20c2a699bc54f06168a9ad9a56296f48e3d51815cb8,f3a3d7491871d21cbf70,Spicejet,BOM - HYD,125,False,Matched,9627.04,CARD,Recorded
B1922,AI142,2025-05-14 11:37:36,CONFIRMED,7D,d7481ef8f8d719167a9279164bad4d3565be7b976233500b9a6ad7127d18d5ad,5c0cdcd7b22f9fe4e9c0,Air India,BOM - DEL,134,False,Matched,11708.41,CARD,Recorded
B1922,AI142,2025-05-14 11:37:36,CONFIRMED,7D,d7481ef8f8d719167a9279164bad4d3565be7b976233500b9a6ad7127d18d5ad,5c0cdcd7b22f9fe4e9c0,Air India,BOM - DEL,134,False,Matched,7858.51,CARD,Recorded
B1923,UK169,2025-11-28 11:37:36,CANCELLED,33F,762e780aadad4fd7a531d2ccbf40ad70c16e39b834d808496e269306cfffbfde,3dbfc4e364d65def861e,Vistara,HYD - DEL,289,False,Matched,8467.53,NETBANKING,Recorded
B1923,UK169,2025-11-28 11:37:36,CANCELLED,33F,762e780aadad4fd7a531d2ccbf40ad70c16e39b834d808496e269306cfffbfde,3dbfc4e364d65def861e,Vistara,HYD - DEL,289,False,Matched,,UPI,Missing amount
B1924,SJ041,2025-05-04 11:37:36,CANCELLED,27D,2e80357b2bbb93e61115a45131689ee29adb5b7dd4064a713b02d0046186f43b,a33cdcf797a803dd1f5d,Spicejet,CCU - HYD,275,False,Matched,4739.01,CARD,Recorded
B1925,UK171,2025-04-20 11:37:36,CONFIRMED,7D,1d9d6bd19cb27f96760dae5eb6cb5488d2976c545d67b60e2cf0ae4bdabfe67d,b9c33b26cadede5361f8,Vistara,HYD - CCU,174,False,Matched,11102.07,UPI,Recorded
B1925,UK171,2025-04-20 11:37:36,CONFIRMED,7D,1d9d6bd19cb27f96760dae5eb6cb5488d2976c545d67b60e2cf0ae4bdabfe67d,b9c33b26cadede5361f8,Vistara,HYD - CCU,174,False,Matched,12741.86,CARD,Recorded
B1925,UK171,2025-04-20 11:37:36,CONFIRMED,7D,1d9d6bd19cb27f96760dae5eb6cb5488d2976c545d67b60e2cf0ae4bdabfe67d,b9c33b26cadede5361f8,Vistara,HYD - CCU,174,False,Matched,5691.29,UPI,Recorded
B1926,AI081,2025-11-27 11:37:36,CANCELLED,18F,6b4f0cc327f0a9e911be9fcfd24a4b30b5bcd4a7546415f0e6d8f6d6c607be78,b7097cb74af00af071fb,Air India,CCU - BOM,108,False,Matched,,,
B1927,AI162,2026-01-28 11:37:36,PENDING,27D,6bc28064c80a2b140c59f52282359122731bb7eeaa88fce493207ec6674b5f89,a91f42d43dd6f759f9bc,Air India,MAA - DEL,200,False,Matched,,,
B1928,SJ037,2026-01-23 11:37:36,CANCELLED,6F,49e5ee05c0662a91f606cbe5c10de2cf820f136cf7005ce2265e478e0e9cb6b9,9e1e779113e7d23b5c9b,Spicejet,BLR - BOM,197,False,Matched,6983.66,NETBANKING,Recorded
B1929,SJ037,2025-11-05 11:37:36,CONFIRMED,6A,3affa3f0edce1c0c0f28e38acfc6021d3666b9400e02958ff2860bbbfb2acefb,9e1e779113e7d23b5c9b,Spicejet,BLR - BOM,197,False,Matched,,,
B1930,UK080,2025-12-16 11:37:36,PENDING,3B,8a31278a36321438d93dbb0ad90f4f9bbf589f99a62d7e69d0cbff9804b0910d,48b9a50aa31c130a29ca,Vistara,BLR - MAA,80,False,Matched,,UPI,Missing amount
B1930,UK080,2025-12-16 11:37:36,PENDING,3B,8a31278a36321438d93dbb0ad90f4f9bbf589f99a62d7e69d0cbff9804b0910d,48b9a50aa31c130a29ca,Vistara,BLR - MAA,80,False,Matched,1625.9,CARD,Recorded
B1931,SJ031,2025-09-26 11:37:36,PENDING,16C,60048dd10dbca62a61bbac8b4fc1e8433f698ff1c0232e736a4ea613c5e58c3a,928a61798ac07c444d90,Spicejet,DEL - BOM,69,False,Matched,10011.51,CARD,Recorded
B1932,AI199,2025-12-28 11:37:36,CANCELLED,4B,b54aa842ceb9eb34a9872ca2f04dd256438c356f5a986da742c02c1538d3dfb5,a14fb236522f1cdcb245,Air India,HYD - DEL,219,False,Matched,8636.39,CARD,Recorded
B1932,AI199,2025-12-28 11:37:36,CANCELLED,4B,b54aa842ceb9eb34a9872ca2f04dd256438c356f5a986da742c02c1538d3dfb5,a14fb236522f1cdcb245,Air India,HYD - DEL,219,False,Matched,,UPI,Missing amount
B1933,6F082,2025-05-28 11:37:36,CANCELLED,7B,f63e7213042ec2b080b4f4eedc307fd754631aa9b8c3e599b8dfbc63166ec38b,504aa8608a0690d42dbc,IndiGo,BOM - BLR,120,False,Matched,,,
B1934,UK217,2026-04-12 11:37:36,PENDING,9F,3785e7d4b7cfacdcd6462989ed6b982d940b7af79bc48b56c9fc5aa34ec56810,77be4bae8522caceb3c2,Vistara,MAA - CCU,55,False,Matched,10978.81,UPI,Recorded
B1935,UK014,2026-04-13 11:37:36,CANCELLED,6C,888390486cdecd6bc36e2d6567977d47d1a215c7254276c9ac2afaa4dd8391fd,683155032d5013ef439e,Vistara,HYD - MAA,85,False,Matched,,,
B1936,SJ180,2026-01-11 11:37:36,CONFIRMED,14D,e6c526d3946b376d2645478c102e9cfbbfdcbd18033977f5a0b3bce71e57a1ec,12d478680629e0310788,Spicejet,HYD - CCU,288,False,Matched,5159.35,UPI,Recorded
B1936,SJ180,2026-01-11 11:37:36,CONFIRMED,14D,e6c526d3946b376d2645478c102e9cfbbfdcbd18033977f5a0b3bce71e57a1ec,12d478680629e0310788,Spicejet,HYD - CCU,288,False,Matched,6127.38,UPI,Recorded
B1937,6F268,2026-02-19 11:37:36,CANCELLED,16E,25d4444ad3e70d2b2086f45384a769fa7757107cd8c7543f5a2d1d332973ea80,1740c4f291a14f9ec8ee,IndiGo,DEL - MAA,89,False,Matched,6825.66,CARD,Recorded
B1938,UK205,2026-04-07 11:37:36,CANCELLED,19B,55aa1f2208e3056db5eca4ab0bc39de06903c91f043557c64579aa7aaf8081fa,d6cecbd99e96acb9d938,Vistara,HYD - MAA,169,False,Matched,12242.79,UPI,Recorded
B1939,SJ212,2025-07-22 11:37:36,PENDING,22B,3c7c832508a6391fe054b96c59bfaff91f39edfc707976565c0691ffea95494d,72af793b4ebb7bbb515c,Spicejet,MAA - BLR,115,False,Matched,8851.37,UPI,Recorded
B1939,SJ212,2025-07-22 11:37:36,PENDING,22B,3c7c832508a6391fe054b96c59bfaff91f39edfc707976565c0691ffea95494d,72af793b4ebb7bbb515c,Spicejet,MAA - BLR,115,False,Matched,9872.75,UPI,Recorded
B1939,SJ212,2025-07-22 11:37:36,PENDING,22B,3c7c832508a6391fe054b96c59bfaff91f39edfc707976565c0691ffea95494d,72af793b4ebb7bbb515c,Spicejet,MAA - BLR,115,False,Matched,7506.15,NETBANKING,Recorded
B1939,SJ212,2025-07-22 11:37:36,PENDING,22B,3c7c832508a6391fe054b96c59bfaff91f39edfc707976565c0691ffea95494d,72af793b4ebb7bbb515c,Spicejet,MAA - BLR,115,False,Matched,14923.36,UPI,Recorded
B1940,UK052,2025-06-25 11:37:36,CANCELLED,17C,52d7c2800138ee43d70259b7362aec7928f083a64998276ec54805255a58dd76,2171f2088a8a63880e9d,Vistara,BLR - CCU,52,False,Matched,13791.37,CARD,Recorded
B1940,UK052,2025-06-25 11:37:36,CANCELLED,17C,52d7c2800138ee43d70259b7362aec7928f083a64998276ec54805255a58dd76,2171f2088a8a63880e9d,Vistara,BLR - CCU,52,False,Matched,4783.48,NETBANKING,Recorded
B1941,UK230,2025-06-13 11:37:36,CANCELLED,19D,cf145d5480b8f78edba6e46575d8a2701a82496d3dc2d0277825d9f65cbd6816,e7ce960e400166071bbc,Vistara,BLR - BOM,93,False,Matched,1551.73,CARD,Recorded
B1942,AI145,2025-07-18 11:37:36,CANCELLED,23D,dc0d3a490fe3c891f2f9f28a47eb57f85303567a506b105d7928c09a95981f0e,ed2c88444be8166a2717,Air India,DEL - BOM,265,False,Matched,1755.58,UPI,Recorded
B1943,SJ035,2026-03-13 11:37:36,CONFIRMED,7E,248148d4f51f53a60ab87b6683f1914891bee62c6dc614c90894f055f4590950,3ff0a333d36f45628a03,Spicejet,CCU - DEL,60,False,Matched,9116.92,NETBANKING,Recorded
B1943,SJ035,2026-03-13 11:37:36,CONFIRMED,7E,248148d4f51f53a60ab87b6683f1914891bee62c6dc614c90894f055f4590950,3ff0a333d36f45628a03,Spicejet,CCU - DEL,60,False,Matched,5304.06,UPI,Recorded
B1944,SJ184,2025-07-20 11:37:36,CANCELLED,10B,3216d2ea7f8266a175bb951124e69ae31802d36684d60526866cb294a7c581dd,2bb5bc4777a0dc45c342,Spicejet,CCU - DEL,268,False,Matched,3644.17,UPI,Recorded
B1944,SJ184,2025-07-20 11:37:36,CANCELLED,10B,3216d2ea7f8266a175bb951124e69ae31802d36684d60526866cb294a7c581dd,2bb5bc4777a0dc45c342,Spicejet,CCU - DEL,268,False,Matched,9053.91,NETBANKING,Recorded
B1945,6F207,2025-11-03 11:37:36,CONFIRMED,24A,b21c504017d817f9dbab641f4eb249dc7dfa807a1b58a914feba0b275a7bbd74,134101111e916ca34935,IndiGo,BOM - HYD,241,False,Matched,,,
B1946,UK144,2026-03-30 11:37:36,CONFIRMED,15A,50d8a7f2dd1d85e4e01766c95d161de241462cb9144859d78b31618c752ccae7,7d334fc2cc8cdf5e16bd,Vistara,BOM - CCU,172,False,Matched,11196.94,UPI,Recorded
B1947,AI126,2025-10-22 11:37:36,CONFIRMED,1A,1792367ab68fa403011b1bdd0a55bceb9c62014ba5bab87b8a5180b547d39d0c,92d4a5f578243708de63,Air India,MAA - HYD,202,False,Matched,2186.2,NETBANKING,Recorded
B1948,SJ145,2025-05-19 11:37:36,CONFIRMED,10A,086c7392d53a7c1d0847bb5ef34049a816194413fcd621e7b10c383257b28378,ba5fc89ebdde631e0b5c,Spicejet,BLR - HYD,177,False,Matched,7705.92,CARD,Recorded
B1948,SJ145,2025-05-19 11:37:36,CONFIRMED,10A,086c7392d53a7c1d0847bb5ef34049a816194413fcd621e7b10c383257b28378,ba5fc89ebdde631e0b5c,Spicejet,BLR - HYD,177,False,Matched,6743.77,NETBANKING,Recorded
B1949,6F040,2025-05-16 11:37:36,PENDING,15B,f85b1e0aec424919a856f69b5b4117bfcdd0e1826ae978356542da8d39c40b06,7848c1f399952e9bea70,IndiGo,HYD - CCU,281,False,Matched,11031.75,UPI,Recorded
B1949,6F040,2025-05-16 11:37:36,PENDING,15B,f85b1e0aec424919a856f69b5b4117bfcdd0e1826ae978356542da8d39c40b06,7848c1f399952e9bea70,IndiGo,HYD - CCU,281,False,Matched,3328.36,CARD,Recorded
B1950,UK049,2025-06-15 11:37:36,CONFIRMED,21B,2859db7b1b830cf159f66dda3a83b45205c4b67604d101091b257144494821ad,4bfbffd60498524046e3,Vistara,HYD - BOM,45,False,Matched,,,
B1951,UK049,2026-03-18 11:37:36,CANCELLED,3F,a5bbe0ed074427214068efa7cc7249a07093ea7ba3911b99f9eb06ef5aaf72ea,4bfbffd60498524046e3,Vistara,HYD - BOM,45,False,Matched,12831.14,NETBANKING,Recorded
B1952,AI087,2025-10-18 11:37:36,CONFIRMED,2C,143f20f2d3b895d9005a1258975c6229d48247e7a5daf6878b2fe51a95b5baaf,edf2669ffedd966dfb05,Air India,MAA - DEL,238,False,Matched,10237.24,NETBANKING,Recorded
B1953,AI152,2025-05-24 11:37:36,CANCELLED,19A,314aeba37b99bfb9a0a9e39686ff3e82700d4be54c6832f5373d1e787d4ee9be,75311f6138422058e260,Air India,BLR - CCU,65,False,Matched,12741.76,CARD,Recorded
B1954,SJ240,2025-11-06 11:37:36,CONFIRMED,2A,f0a32dc4443e8c245a803341174e9c50e9134a362333a0b4228e594dcd5691c3,a98af8ccd7acc37c93ad,Spicejet,BOM - HYD,219,False,Matched,14524.79,NETBANKING,Recorded
B1955,AI212,2025-09-14 11:37:36,PENDING,22B,e96ba19f2a581d6d8ee56a7d24c6b377b7b5a9a8b4f2e291eb4e2d71a75680dc,8428cdecc65eb4b2e5ad,Air India,DEL - CCU,282,False,Matched,,,
B1956,AI064,2025-09-21 11:37:36,CONFIRMED,3B,8426c5ca77f848ed2a22d0766d8391f024023fec14022c169b642f4ddcc2b128,5b25c412b657232e0eb8,Air India,BLR - MAA,103,False,Matched,,,
B1957,6F093,2025-06-07 11:37:36,CONFIRMED,32E,cd70987ed8c49c35168fdfaa4ee5934f34a0c7b031ea576fdc658990545eb994,d47a0136ba51b95f56b8,IndiGo,CCU - DEL,231,False,Matched,4851.79,CARD,Recorded
B1958,AI118,2025-04-28 11:37:36,PENDING,29C,28b82ae6ed2dcc1c77fc9295ec0d8c1987bcd5bdf1745ea7a7577f952e0ef37a,f3cc0756e4a15e61dc3a,Air India,HYD - MAA,129,False,Matched,1256.74,CARD,Recorded
B1958,AI118,2025-04-28 11:37:36,PENDING,29C,28b82ae6ed2dcc1c77fc9295ec0d8c1987bcd5bdf1745ea7a7577f952e0ef37a,f3cc0756e4a15e61dc3a,Air India,HYD - MAA,129,False,Matched,1471.1,NETBANKING,Recorded
B1959,AI172,2025-12-19 11:37:36,CONFIRMED,23D,e24d8554b4d829aebd6ccbe03f22c0b2a2fd57c0a039f61e0c29352b0dd8836e,f7394cf64a8923b937ef,Air India,BOM - CCU,45,False,Matched,9818.89,UPI,Recorded
B1959,AI172,2025-12-19 11:37:36,CONFIRMED,23D,e24d8554b4d829aebd6ccbe03f22c0b2a2fd57c0a039f61e0c29352b0dd8836e,f7394cf64a8923b937ef,Air India,BOM - CCU,45,False,Matched,7275.19,NETBANKING,Recorded
B1960,6F183,2026-01-30 11:37:36,CANCELLED,27E,df47f2c9f28074d7ee7b3408f078f52e2482570dd896d1d6441287dc33694443,eec460b05de2ab64c5b4,IndiGo,MAA - HYD,164,False,Matched,14657.97,CARD,Recorded
B1961,6F200,2025-07-15 11:37:36,CONFIRMED,28A,8ce5118ac6b4025c1e00cdc5ef2175cd78baf2a8213cde1f6f1a5aa25f4e57c2,e66526faba00f2480561,IndiGo,HYD - DEL,287,False,Matched,,,
B1962,SJ077,2025-12-23 11:37:36,CONFIRMED,18C,81dfb93d2126b967f17bf763ed2b219a0ace5d88fac6e46ca8cf2ac13aa72d0c,a90bef70c887330cb73f,Spicejet,BLR - MAA,128,False,Matched,9530.25,CARD,Recorded
B1962,SJ077,2025-12-23 11:37:36,CONFIRMED,18C,81dfb93d2126b967f17bf763ed2b219a0ace5d88fac6e46ca8cf2ac13aa72d0c,a90bef70c887330cb73f,Spicejet,BLR - MAA,128,False,Matched,1833.17,UPI,Recorded
B1962,SJ077,2025-12-23 11:37:36,CONFIRMED,18C,81dfb93d2126b967f17bf763ed2b219a0ace5d88fac6e46ca8cf2ac13aa72d0c,a90bef70c887330cb73f,Spicejet,BLR - MAA,128,False,Matched,7948.25,CARD,Recorded
B1962,SJ077,2025-12-23 11:37:36,CONFIRMED,18C,81dfb93d2126b967f17bf763ed2b219a0ace5d88fac6e46ca8cf2ac13aa72d0c,a90bef70c887330cb73f,Spicejet,BLR - MAA,128,False,Matched,11681.57,UPI,Recorded
B1963,UK030,2026-02-24 11:37:36,CONFIRMED,27F,3affa3f0edce1c0c0f28e38acfc6021d3666b9400e02958ff2860bbbfb2acefb,7c4607bd2912775289f6,Vistara,CCU - DEL,267,False,Matched,,,
B1964,SJ232,2025-05-21 11:37:36,PENDING,18B,4cc8c0e521a3906fc88ae743b4d95cb3bc2d5a663a31b84837d0a261bc59e56c,87814e066538e0844ddc,Spicejet,MAA - BLR,260,False,Matched,,,
B1965,6F090,2026-01-29 11:37:36,CONFIRMED,20D,66486257fe345d4699c9f4f7667eb886511a682073a05004d602473493704ad1,72141df5fee7d7f6f3e9,IndiGo,HYD - BLR,252,False,Matched,,,
B1966,UK002,2025-11-06 11:37:36,CONFIRMED,12B,4b802b8b237be452ed9157e7362fc8fc48ab55faeeae7ca56f0eea89079e74f9,67ec1dff0f46cc673f8e,Vistara,CCU - MAA,292,False,Matched,14419.64,UPI,Recorded
B1966,UK002,2025-11-06 11:37:36,CONFIRMED,12B,4b802b8b237be452ed9157e7362fc8fc48ab55faeeae7ca56f0eea89079e74f9,67ec1dff0f46cc673f8e,Vistara,CCU - MAA,292,False,Matched,6405.91,UPI,Recorded
B1966,UK002,2025-11-06 11:37:36,CONFIRMED,12B,4b802b8b237be452ed9157e7362fc8fc48ab55faeeae7ca56f0eea89079e74f9,67ec1dff0f46cc673f8e,Vistara,CCU - MAA,292,False,Matched,13474.77,CARD,Recorded
B1967,AI154,2025-07-03 11:37:36,CANCELLED,22C,e26643aa585aed1d3f49abc069feac9af40b739bc5f5ec264555102626913848,282f6d54d04387cab5fc,Air India,HYD - MAA,231,False,Matched,12518.31,CARD,Recorded
B1968,6F089,2025-10-11 11:37:36,CONFIRMED,2D,870103fc89eae28913c4e579248927213a928ce2cd4302a3bfcb7813f9bc6fb9,109f6ceecd4ae13d32b7,IndiGo,DEL - HYD,124,False,Matched,14600.78,NETBANKING,Recorded
B1969,6F218,2026-04-08 11:37:36,CONFIRMED,29A,68108c793f7b8dce01bd5ae44fda6034f17a9b01a66162f7d3ad82eb0777ef6a,b420d54577be66f2cd4f,IndiGo,BLR - BOM,227,False,Matched,13598.0,UPI,Recorded
B1970,6F241,2025-11-26 11:37:36,CONFIRMED,12B,99397fd737d33fac92f43bba92f5b09b3b4df6b4925d8de850206957ebbed3e5,9d068ba01b4687d4abd4,IndiGo,DEL - HYD,35,True,Matched,4558.49,NETBANKING,Recorded
B1971,6F116,2025-08-20 11:37:36,CONFIRMED,2B,68cd65a633594219d9f350ccb91e11032dd26dcb1a457f6af65912b757c05fbe,47daaea458a5c457e37a,IndiGo,MAA - CCU,139,False,Matched,,,
B1972,UK199,2025-04-18 11:37:36,CANCELLED,19B,44db03b823ff25e012f3f8ad4993b3fe9186cb3e2fd5631013507d7fb0b602c0,bf1a60fe41829845ee7c,Vistara,BOM - CCU,211,False,Matched,5458.57,UPI,Recorded
B1973,SJ033,2025-04-28 11:37:36,CANCELLED,8C,e114e0c8e3cf13fc32a5a44583427b5034ddabc21e5578368e122872b012d178,ca057492b724eb7c7657,Spicejet,HYD - DEL,85,False,Matched,,,
B1974,AI210,2025-08-03 11:37:36,PENDING,15B,105a938cf3c7a993ebdb1541a654f05084eaccdc227ac40760e53932872a4b06,a9768c60ab0a970e5cad,Air India,BLR - BOM,157,False,Matched,,,
B1975,UK148,2025-08-26 11:37:36,UNKNOWN,20E,0f66e22974def50ac3b26cc963b8a0c049de3bac798da05964926391ceb18e54,f198c73b688f91b93745,Vistara,HYD - BOM,132,False,Matched,7791.01,CARD,Recorded
B1976,AI229,2025-08-27 11:37:36,PENDING,16F,3bced03ef044a097990ed781f6dbf324ae1b43b52032eed8f9c8b42392a2de9b,2d1e32a45bbf0b1135f3,Air India,HYD - MAA,112,False,Matched,8576.26,NETBANKING,Recorded
B1977,UK005,2026-01-01 11:37:36,PENDING,4A,eed739a56eda4be61b5502eaf8c5f4f59726c3a42d9cb87787b745434c156957,f3309f0ef5d1c5160a42,Vistara,BOM - MAA,252,False,Matched,,,
B1978,SJ080,2025-12-07 11:37:36,CONFIRMED,12C,c5e54f4864f74c38a31edcef1679d88961624556da3274ef380a937de014692c,381010129324a017e8eb,Spicejet,CCU - MAA,115,False,Matched,9450.85,UPI,Recorded
B1979,SJ092,2025-12-02 11:37:36,CANCELLED,1F,63b04369f3a993d7c6aab669a1ee5eb5635eaea31b3c769585c18e6263f4a68b,486e49528663132cfa6d,Spicejet,BLR - MAA,277,False,Matched,,,
B1980,SJ055,2025-12-04 11:37:36,CANCELLED,15A,32664331df8f4720c0a753372ea386a22e03a792375398b57a33e0c01727fccf,1ff7d78efa73a811d15c,Spicejet,HYD - MAA,219,False,Matched,12102.14,CARD,Recorded
B1981,AI239,2025-05-17 11:37:36,CONFIRMED,19D,c69ccdd28d49f45a7fc731ed0e94f53c2e3c554d308e2851f958d4d5f19187c3,a61ccb1887e5b590259e,Air India,BOM - HYD,194,False,Matched,4761.81,CARD,Recorded
B1981,AI239,2025-05-17 11:37:36,CONFIRMED,19D,c69ccdd28d49f45a7fc731ed0e94f53c2e3c554d308e2851f958d4d5f19187c3,a61ccb1887e5b590259e,Air India,BOM - HYD,194,False,Matched,7404.46,UPI,Recorded
B1982,6F162,2025-06-17 11:37:36,UNKNOWN,7A,e3b7e27670c228b717c870030aa15a9770181bb9b2330a6b3b2eecd1a60c832a,883983bf2cbd5824a92a,IndiGo,CCU - BOM,174,False,Matched,,,
B1983,UK101,2025-06-28 11:37:36,UNKNOWN,27A,bfc4d0f61c5b92a2d8f5e34b37a8ac31a9944bef96f844441ae16564506ec5a0,deadc8a73325d9af6a9e,Vistara,DEL - HYD,163,False,Matched,9117.5,CARD,Recorded
B1984,6F198,2025-04-25 11:37:36,CONFIRMED,27F,36f3be4e6352505bddc159144499f1258c569037e7df42d16f4878f2b8179312,ac4f8ab3bd9975d2c9c6,IndiGo,HYD - BLR,299,False,Matched,8109.9,UPI,Recorded
B1984,6F198,2025-04-25 11:37:36,CONFIRMED,27F,36f3be4e6352505bddc159144499f1258c569037e7df42d16f4878f2b8179312,ac4f8ab3bd9975d2c9c6,IndiGo,HYD - BLR,299,False,Matched,11501.29,UPI,Recorded
B1985,6F239,2025-09-28 11:37:36,CONFIRMED,31F,9accddea95b7ac8946c70a606410d203c5f16ebe8dcf499ad69ba7e65f6790f9,5a0e77c8e2e65f40b7a0,IndiGo,CCU - BOM,133,False,Matched,,,
B1986,SJ177,2025-10-07 11:37:36,CONFIRMED,13F,b2694c3c812f4a40d50423b30e2ba46a77c50e598191bb2a245613a72ad5dfa5,9a70008f3dcca3154dca,Spicejet,BOM - CCU,273,False,Matched,,,
B1987,6F044,2026-03-12 11:37:36,CANCELLED,19F,2216355cea32671e59a661dddcf87f5e272d8f48b2222e55819667c427c07448,2f4ab43226244f19835e,IndiGo,DEL - HYD,251,False,Matched,4585.24,CARD,Recorded
B1987,6F044,2026-03-12 11:37:36,CANCELLED,19F,2216355cea32671e59a661dddcf87f5e272d8f48b2222e55819667c427c07448,2f4ab43226244f19835e,IndiGo,DEL - HYD,251,False,Matched,4148.68,CARD,Recorded
B1988,6F248,2026-02-17 11:37:36,PENDING,13A,bd66da9450da4aaad0af668f64c5820c30d0baa8ee2df3ec4680d2146ca34140,8061e7a1d4c24d164936,IndiGo,DEL - HYD,251,False,Matched,13945.28,UPI,Recorded
B1989,6F002,2025-12-10 11:37:36,UNKNOWN,16F,746dd2bcfc7419f8f25466d546e341dee961c1c05877443d7d1d2074db093f44,68f30e88f404fbb2738c,IndiGo,BLR - MAA,203,False,Matched,,,
B1990,SJ197,2026-03-31 11:37:36,CONFIRMED,14B,f9c84b97457a769957a26208b1ac7f1b5115df0a761b3901b199e88eff7ae862,5b0fe90bcf605f8298f7,Spicejet,HYD - BLR,164,False,Matched,4434.27,NETBANKING,Recorded
B1990,SJ197,2026-03-31 11:37:36,CONFIRMED,14B,f9c84b97457a769957a26208b1ac7f1b5115df0a761b3901b199e88eff7ae862,5b0fe90bcf605f8298f7,Spicejet,HYD - BLR,164,False,Matched,,UPI,Missing amount
B1990,SJ197,2026-03-31 11:37:36,CONFIRMED,14B,f9c84b97457a769957a26208b1ac7f1b5115df0a761b3901b199e88eff7ae862,5b0fe90bcf605f8298f7,Spicejet,HYD - BLR,164,False,Matched,9960.43,NETBANKING,Recorded
B1991,UK091,2026-01-14 11:37:36,CANCELLED,22E,ecf9d2d3de6fb30e29d22431aa1e5442ae7f463b85e5590fcc070e217e67ee23,27a996ec4901ff628e42,Vistara,CCU - BOM,234,False,Matched,,,
B1992,6F215,2025-04-25 11:37:36,CONFIRMED,25C,64723e7bdab6866a81b728567c8815825a58eabb70ce0374a7663d6c84adcdcb,33d63a7f26a3eb8560d9,IndiGo,DEL - BLR,270,False,Matched,4590.22,CARD,Recorded
B1992,6F215,2025-04-25 11:37:36,CONFIRMED,25C,64723e7bdab6866a81b728567c8815825a58eabb70ce0374a7663d6c84adcdcb,33d63a7f26a3eb8560d9,IndiGo,DEL - BLR,270,False,Matched,2164.83,NETBANKING,Recorded
B1992,6F215,2025-04-25 11:37:36,CONFIRMED,25C,64723e7bdab6866a81b728567c8815825a58eabb70ce0374a7663d6c84adcdcb,33d63a7f26a3eb8560d9,IndiGo,DEL - BLR,270,False,Matched,7248.01,UPI,Recorded
B1993,AI093,2026-03-11 11:37:36,CANCELLED,5B,bae0c5d3d6369133438f4dc65e73ceee2befd6ddde7e2e21b5ee9859afddc057,60a812bf882885b4b4f7,Air India,BOM - BLR,293,False,Matched,,,
B1994,UK090,2026-03-31 11:37:36,CONFIRMED,21D,56b03681f614db77f409f1663707c2e8e2b2eaf4643ae3beeb9ee25a96f7080c,6138a347d92fff72bdce,Vistara,HYD - MAA,160,False,Matched,,,
B1995,SJ005,2025-11-20 11:37:36,CANCELLED,11C,2614db1008a7a648f1a8d3802daec84656fa38d4ffe5b9a99817697b812ca860,7d290df2de2a7c6685c3,Spicejet,DEL - MAA,81,False,Matched,,,
B1996,UK106,2025-08-08 11:37:36,CANCELLED,27E,cc35157baf479c251cd655f906378c762828675b8a6cde0350fe17c146bea10b,c52243fbfac4d60bed1e,Vistara,BOM - CCU,131,False,Matched,10358.84,UPI,Recorded
B1997,6F223,2025-05-03 11:37:36,PENDING,27B,b0adf0c740827395dfc2868444218a11ab3ea94bb9bbe1782aa8f1b2d63bb6f5,cd8aad83a3128b31a00d,IndiGo,MAA - BLR,34,True,Matched,,UPI,Missing amount
B1997,6F223,2025-05-03 11:37:36,PENDING,27B,b0adf0c740827395dfc2868444218a11ab3ea94bb9bbe1782aa8f1b2d63bb6f5,cd8aad83a3128b31a00d,IndiGo,MAA - BLR,34,True,Matched,,CARD,Missing amount
B1998,6F011,2025-10-23 11:37:36,CONFIRMED,14C,655063375d4a680eef031918f840dfe223cde60936480c5dcb88c7f6c9da5005,bd2ab696eaf0314570ce,IndiGo,MAA - BLR,120,False,Matched,7319.71,CARD,Recorded
B1998,6F011,2025-10-23 11:37:36,CONFIRMED,14C,655063375d4a680eef031918f840dfe223cde60936480c5dcb88c7f6c9da5005,bd2ab696eaf0314570ce,IndiGo,MAA - BLR,120,False,Matched,11065.89,NETBANKING,Recorded
B1999,UK124,2025-08-08 11:37:36,INVALID,12B,66715deb9ece7b512faa47abab47f596f99caaac59158b34c3a3c078ef738623,0976f24f9ecb99220782,Vistara,MAA - BLR,154,False,Matched,2806.06,NETBANKING,Recorded
